sym,day,entry_time,entry_px,exit_px,ret_opt_pct,points,reason
AARTIIND,2026-06-12,2026-06-12 09:20:00+05:30,437.7999877929688,435.7571345738003,-0.37997075506560946,-2.04,sl
AARTIIND,2026-06-15,2026-06-15 10:15:00+05:30,463.1499938964844,465.0499877929688,0.14613977176159743,1.9,time
AARTIIND,2026-06-18,2026-06-18 09:35:00+05:30,489.4500122070313,491.7500108991351,0.18194895920822649,2.3,tp
AARTIIND,2026-06-22,2026-06-22 09:25:00+05:30,490.2999877929688,491.99284580775674,0.10716190784439664,1.69,tp
AARTIIND,2026-06-23,2026-06-23 09:40:00+05:30,491.5499877929688,489.8392704554967,-0.3088150601105429,-1.71,sl
AARTIIND,2026-07-02,2026-07-02 09:25:00+05:30,476.6499938964844,478.3642774309431,0.1157914893204878,1.71,tp
AARTIIND,2026-07-06,2026-07-06 09:20:00+05:30,490.0,492.0928606305804,0.15626864864249665,2.09,tp
AARTIIND,2026-07-10,2026-07-10 09:45:00+05:30,480.5499877929688,482.71784973144537,0.17067260350161825,2.17,tp
AARTIIND,2026-07-14,2026-07-14 09:30:00+05:30,489.0,487.23213849748885,-0.3169155217805095,-1.77,sl
AARTIIND,2026-07-15,2026-07-15 09:20:00+05:30,499.0,496.64999607631137,-0.38256560204672935,-2.35,sl
AARTIIND,2026-07-20,2026-07-20 11:15:00+05:30,496.8999938964844,497.9964250837054,0.03239257806665534,1.1,tp
AARTIIND,2026-07-23,2026-07-23 11:35:00+05:30,489.9500122070313,488.83930097307484,-0.23601933335441505,-1.11,sl
AARTIIND,2026-07-27,2026-07-27 09:20:00+05:30,485.75,487.4071480887277,0.10469147776358557,1.66,tp
AARTIIND,2026-08-06,2026-08-06 11:05:00+05:30,494.3500061035156,495.67500523158486,0.06081712693962651,1.32,tp
AARTIIND,2026-08-07,2026-08-07 11:50:00+05:30,507.0,508.1214250837054,0.03271302765744256,1.12,tp
AARTIIND,2026-08-10,2026-08-10 11:30:00+05:30,501.5,502.73929268973217,0.048270311832362967,1.24,tp
AARTIIND,2026-08-11,2026-08-11 10:00:00+05:30,506.6499938964844,508.8857094900949,0.16476450652842148,2.24,tp
AARTIIND,2026-08-12,2026-08-12 09:25:00+05:30,512.5,511.096426827567,-0.2643207616506959,-1.4,sl
ABB,2026-06-04,2026-06-04 09:30:00+05:30,7288.0,7277.5,-0.18644346871569703,-10.5,time
ABB,2026-06-16,2026-06-16 09:20:00+05:30,7007.0,7033.857142857143,0.12997410752513014,26.86,tp
ABB,2026-06-19,2026-06-19 09:20:00+05:30,7285.0,7261.75,-0.29148936170212764,-23.25,sl
ABB,2026-07-09,2026-07-09 11:45:00+05:30,6858.5,6846.107142857143,-0.20841604265822164,-12.39,sl
ABB,2026-07-10,2026-07-10 09:30:00+05:30,6896.0,6875.928571428572,-0.2746353994033797,-20.07,sl
ABB,2026-07-14,2026-07-14 11:00:00+05:30,6833.0,6851.071428571428,0.05868369885638908,18.07,tp
ABB,2026-07-15,2026-07-15 10:55:00+05:30,7112.5,7140.071428571428,0.13258850112980053,27.57,tp
ABB,2026-07-16,2026-07-16 10:40:00+05:30,7731.0,7792.392857142857,0.37646765341759314,61.39,tp
ABB,2026-07-21,2026-07-21 09:40:00+05:30,7609.0,7578.5,-0.3405046655276646,-30.5,sl
ABB,2026-07-22,2026-07-22 11:40:00+05:30,7634.0,7613.178571428572,-0.26364759160148105,-20.82,sl
ABB,2026-07-23,2026-07-23 10:40:00+05:30,7677.5,7656.285714285715,-0.2657905754291266,-21.21,sl
ABB,2026-07-24,2026-07-24 11:20:00+05:30,7567.5,7549.892857142857,-0.23960073623106531,-17.61,sl
ABB,2026-07-29,2026-07-29 11:30:00+05:30,7247.5,7220.428571428572,-0.3241166904844024,-27.07,sl
ABB,2026-07-30,2026-07-30 11:25:00+05:30,7308.5,7286.785714285715,-0.2782660112002626,-21.71,sl
ABB,2026-08-03,2026-08-03 11:55:00+05:30,7569.0,7538.321428571428,-0.3431912122756366,-30.68,sl
ABB,2026-08-04,2026-08-04 09:35:00+05:30,7809.0,7765.928571428572,-0.43093683112891623,-43.07,sl
ABB,2026-08-18,2026-08-18 09:30:00+05:30,7726.0,7704.25,-0.26891017344033136,-21.75,sl
ABBOTINDIA,2026-07-03,2026-07-03 11:55:00+05:30,25970.0,26014.285714285714,0.002315858958137321,44.29,tp
ABBOTINDIA,2026-07-06,2026-07-06 09:40:00+05:30,26450.0,26552.85714285714,0.13332433162300483,102.86,tp
ABBOTINDIA,2026-07-10,2026-07-10 10:20:00+05:30,27195.0,27119.64285714286,-0.26625955401465257,-75.36,sl
ABBOTINDIA,2026-07-16,2026-07-16 10:35:00+05:30,27805.0,27744.285714285714,-0.2310144629691485,-60.71,sl
ABBOTINDIA,2026-07-20,2026-07-20 11:30:00+05:30,28250.0,28313.571428571428,0.0350189633375452,63.57,tp
ABBOTINDIA,2026-07-21,2026-07-21 09:35:00+05:30,28405.0,28344.64285714286,-0.22749264465511276,-60.36,sl
ABBOTINDIA,2026-07-22,2026-07-22 11:25:00+05:30,28635.0,28708.571428571428,0.05415700067349929,73.57,tp
ABBOTINDIA,2026-08-11,2026-08-11 11:30:00+05:30,27705.0,27663.928571428572,-0.18894732771289122,-41.07,sl
ADANIENT,2026-06-04,2026-06-04 09:20:00+05:30,2965.10009765625,2974.492937360491,0.09006791126543355,9.39,tp
ADANIENT,2026-06-05,2026-06-05 09:35:00+05:30,3046.0,3026.4071742466517,-0.4859387869996378,-19.59,sl
ADANIENT,2026-06-19,2026-06-19 09:20:00+05:30,3049.300048828125,3036.300066266741,-0.3557960650618178,-13.0,sl
ADANIENT,2026-06-22,2026-06-22 11:15:00+05:30,3048.10009765625,3040.871512276786,-0.24229031490840677,-7.23,sl
ADANIENT,2026-06-25,2026-06-25 09:35:00+05:30,3098.39990234375,3087.392752511161,-0.3131516301223025,-11.01,sl
ADANIENT,2026-06-30,2026-06-30 11:20:00+05:30,3007.5,3001.6785714285716,-0.21613822586390904,-5.82,sl
ADANIENT,2026-07-01,2026-07-01 10:30:00+05:30,3091.39990234375,3103.79989188058,0.1406674631922403,12.4,tp
ADANIENT,2026-07-14,2026-07-14 11:05:00+05:30,3202.5,3212.6357073102677,0.08989615569588123,10.14,tp
ADANIENT,2026-08-03,2026-08-03 09:20:00+05:30,3056.199951171875,3064.535661969866,0.06364853604806872,8.34,tp
ADANIENT,2026-08-14,2026-08-14 10:10:00+05:30,3006.300048828125,2996.0072021484375,-0.30542553662332644,-10.29,sl
ADANIPORTS,2026-06-04,2026-06-04 09:20:00+05:30,1824.0,1817.9785766601562,-0.2980731361790707,-6.02,sl
ADANIPORTS,2026-06-19,2026-06-19 11:10:00+05:30,1842.5999755859373,1839.3285435267853,-0.20652660704974715,-3.27,sl
ADANIPORTS,2026-07-01,2026-07-01 10:05:00+05:30,1857.699951171875,1850.8571166992188,-0.32100989349780573,-6.84,sl
ADANIPORTS,2026-07-10,2026-07-10 09:50:00+05:30,1839.199951171875,1845.0571027483259,0.09107715523977318,5.86,tp
ADANIPORTS,2026-07-14,2026-07-14 11:10:00+05:30,1834.0,1838.3428693498884,0.04207860468555158,4.34,tp
ADANIPORTS,2026-07-15,2026-07-15 09:15:00+05:30,1834.699951171875,1830.2785121372767,-0.24459385683552826,-4.42,sl
ADANIPORTS,2026-07-16,2026-07-16 10:40:00+05:30,1838.300048828125,1842.685782296317,0.043145297885005304,4.39,tp
ADANIPORTS,2026-07-23,2026-07-23 11:00:00+05:30,1821.0999755859373,1816.1571306501114,-0.2628525067955867,-4.94,sl
ADANIPORTS,2026-07-24,2026-07-24 11:45:00+05:30,1780.199951171875,1784.1356724330358,0.03264986077221139,3.94,tp
ADANIPORTS,2026-08-20,2026-08-20 10:10:00+05:30,1695.4000244140625,1692.5643136160713,-0.2003554591420229,-2.84,sl
ALKEM,2026-06-08,2026-06-08 11:15:00+05:30,5374.0,5393.535714285715,0.11811366898825462,19.54,tp
ALKEM,2026-06-10,2026-06-10 10:45:00+05:30,5456.0,5437.857142857143,-0.2995182237117693,-18.14,sl
ALKEM,2026-06-19,2026-06-19 11:20:00+05:30,5383.5,5390.571428571428,-0.021187756239304086,7.07,tp
ALKEM,2026-06-23,2026-06-23 09:25:00+05:30,5477.5,5494.357142857143,0.08465149638130297,16.86,tp
ALKEM,2026-06-29,2026-06-29 09:30:00+05:30,5509.0,5522.178571428572,0.04353136426108067,13.18,tp
ALKEM,2026-07-30,2026-07-30 09:20:00+05:30,5715.0,5728.178571428572,0.038357705286840495,13.18,tp
ALKEM,2026-08-18,2026-08-18 09:25:00+05:30,5459.0,5475.964285714285,0.08645487137884583,16.96,tp
ALKEM,2026-08-19,2026-08-19 09:50:00+05:30,5482.5,5464.357142857143,-0.2985538401407046,-18.14,sl
AMBER,2026-05-29,2026-05-29 11:50:00+05:30,7720.0,7679.571428571428,-0.41421169504071154,-40.43,sl
AMBER,2026-06-01,2026-06-01 09:30:00+05:30,7750.0,7700.428571428572,-0.4837788018433169,-49.57,sl
AMBER,2026-06-04,2026-06-04 09:20:00+05:30,7614.5,7648.607142857143,0.16875416264082826,34.11,tp
AMBER,2026-06-05,2026-06-05 10:05:00+05:30,7707.0,7738.25,0.14328532502919425,31.25,tp
AMBER,2026-06-10,2026-06-10 09:25:00+05:30,7803.5,7779.392857142857,-0.28535638770149124,-24.11,sl
AMBER,2026-06-16,2026-06-16 09:25:00+05:30,7738.5,7706.285714285715,-0.3497715504112062,-32.21,sl
AMBER,2026-06-17,2026-06-17 11:30:00+05:30,7920.0,7899.25,-0.25719696969696965,-20.75,sl
AMBER,2026-06-18,2026-06-18 09:25:00+05:30,7998.5,8027.428571428572,0.11700497414693926,28.93,tp
AMBER,2026-06-30,2026-06-30 11:55:00+05:30,7513.5,7494.178571428572,-0.2542936999115867,-19.32,sl
AMBER,2026-07-06,2026-07-06 09:45:00+05:30,7560.0,7582.25,0.07658730158730158,22.25,tp
AMBER,2026-07-07,2026-07-07 11:25:00+05:30,7604.0,7621.535714285715,0.03836702487412947,17.54,tp
AMBER,2026-07-09,2026-07-09 10:05:00+05:30,7669.0,7627.821428571428,-0.42216902930164213,-41.18,sl
AMBER,2026-07-10,2026-07-10 11:55:00+05:30,7825.0,7808.964285714285,-0.22295755362848313,-16.04,sl
AMBER,2026-07-13,2026-07-13 10:00:00+05:30,7932.5,7900.785714285715,-0.33988113997568475,-31.71,sl
AMBER,2026-07-16,2026-07-16 11:45:00+05:30,8010.0,7973.25,-0.3752808988764045,-36.75,sl
AMBER,2026-07-20,2026-07-20 11:10:00+05:30,7843.5,7862.107142857143,0.042338059721882704,18.61,tp
AMBER,2026-07-29,2026-07-29 09:30:00+05:30,7343.0,7314.107142857143,-0.33608490107196143,-28.89,sl
AMBER,2026-07-30,2026-07-30 09:30:00+05:30,7478.5,7452.464285714285,-0.3088845165665415,-26.04,sl
AMBER,2026-08-04,2026-08-04 11:10:00+05:30,7480.0,7495.25,0.022326203208556154,15.25,tp
AMBER,2026-08-05,2026-08-05 09:35:00+05:30,7469.0,7489.035714285715,0.06095097832947924,20.04,tp
AMBER,2026-08-14,2026-08-14 10:15:00+05:30,7332.5,7268.392857142857,-0.6245725975354364,-64.11,sl
AMBUJACEM,2026-06-12,2026-06-12 11:40:00+05:30,411.1499938964844,410.39998735700334,-0.20945006211088962,-0.75,sl
AMBUJACEM,2026-06-29,2026-06-29 11:00:00+05:30,424.7000122070313,425.81787109375006,0.05792684547988474,1.12,tp
AMBUJACEM,2026-06-30,2026-06-30 11:20:00+05:30,423.9500122070313,423.0892987932478,-0.2218134292723919,-0.86,sl
AMBUJACEM,2026-07-02,2026-07-02 09:45:00+05:30,426.2000122070313,424.8357282366072,-0.29206249620115454,-1.36,sl
AMBUJACEM,2026-07-03,2026-07-03 09:30:00+05:30,437.2000122070313,435.77858407156816,-0.2950724742601394,-1.42,sl
AMBUJACEM,2026-07-10,2026-07-10 09:20:00+05:30,434.8999938964844,436.16428048270086,0.07442445674313986,1.26,tp
AMBUJACEM,2026-07-14,2026-07-14 11:10:00+05:30,434.1499938964844,435.3428497314453,0.06485397006528856,1.19,tp
AMBUJACEM,2026-07-15,2026-07-15 10:30:00+05:30,437.75,436.6607142857143,-0.249302439422372,-1.09,sl
AMBUJACEM,2026-07-21,2026-07-21 10:30:00+05:30,443.7999877929688,442.63212803431924,-0.2578900122720651,-1.17,sl
AMBUJACEM,2026-07-27,2026-07-27 09:25:00+05:30,430.3500061035156,431.8678632463728,0.11162176665456781,1.52,tp
AMBUJACEM,2026-08-03,2026-08-03 11:00:00+05:30,443.0499877929688,441.4249877929688,-0.3200654614295135,-1.62,sl
AMBUJACEM,2026-08-05,2026-08-05 10:00:00+05:30,448.25,449.6000061035156,0.08070354982919689,1.35,time
AMBUJACEM,2026-08-20,2026-08-20 11:35:00+05:30,413.0,413.94642639160156,0.037495359554706405,0.95,tp
APLAPOLLO,2026-06-17,2026-06-17 11:10:00+05:30,1862.0,1866.1642804827009,0.03418734101076886,4.16,tp
APLAPOLLO,2026-07-07,2026-07-07 09:20:00+05:30,1826.0999755859373,1821.0499616350444,-0.265927846834536,-5.05,sl
APLAPOLLO,2026-07-10,2026-07-10 09:30:00+05:30,1823.800048828125,1818.4714878627233,-0.2753008275932079,-5.33,sl
APLAPOLLO,2026-07-15,2026-07-15 11:55:00+05:30,1821.9000244140625,1823.935756138393,-0.03295795497938707,2.04,tp
APLAPOLLO,2026-07-23,2026-07-23 09:25:00+05:30,1839.0,1843.585702078683,0.0496150759766059,4.59,tp
APLAPOLLO,2026-07-27,2026-07-27 09:55:00+05:30,1850.5999755859373,1855.8285435267856,0.06952019917301064,5.23,tp
APLAPOLLO,2026-07-30,2026-07-30 11:15:00+05:30,1881.9000244140625,1885.5857369559153,0.017510361678231123,3.69,tp
APLAPOLLO,2026-08-06,2026-08-06 10:00:00+05:30,1974.0999755859373,1980.671412876674,0.09972961973578331,6.57,tp
APLAPOLLO,2026-08-10,2026-08-10 11:50:00+05:30,1980.0,1983.5428728376116,0.007359782957928451,3.54,tp
APLAPOLLO,2026-08-13,2026-08-13 10:05:00+05:30,2028.0,2035.199994768415,0.11301759669867105,7.2,tp
APLAPOLLO,2026-08-17,2026-08-17 09:20:00+05:30,2109.199951171875,2101.2285505022323,-0.3267608814957654,-7.97,sl
APLAPOLLO,2026-08-18,2026-08-18 11:10:00+05:30,2111.10009765625,2105.014404296875,-0.272962713595571,-6.09,sl
APOLLOHOSP,2026-06-08,2026-06-08 09:20:00+05:30,8340.5,8364.5,0.07265151969306394,24.0,tp
APOLLOHOSP,2026-06-09,2026-06-09 11:00:00+05:30,8469.5,8455.714285714286,-0.19766135629527434,-13.79,sl
APOLLOHOSP,2026-06-25,2026-06-25 11:10:00+05:30,8665.5,8682.17857142857,0.015482578698775484,16.68,tp
APOLLOHOSP,2026-07-03,2026-07-03 09:30:00+05:30,8831.0,8803.464285714286,-0.2870844589675943,-27.54,sl
APOLLOHOSP,2026-07-09,2026-07-09 09:40:00+05:30,8896.0,8864.57142857143,-0.3119732785200358,-31.43,sl
APOLLOHOSP,2026-07-15,2026-07-15 09:20:00+05:30,8986.0,8970.92857142857,-0.20063273027885165,-15.07,sl
APOLLOHOSP,2026-07-28,2026-07-28 10:45:00+05:30,8882.5,8869.82142857143,-0.18564191226729398,-12.68,sl
APOLLOHOSP,2026-08-05,2026-08-05 11:00:00+05:30,8958.0,8938.892857142857,-0.22797818390584806,-19.11,sl
APOLLOHOSP,2026-08-06,2026-08-06 10:25:00+05:30,9011.5,8997.357142857143,-0.1941653918405829,-14.14,sl
APOLLOHOSP,2026-08-13,2026-08-13 09:20:00+05:30,8779.0,8740.67857142857,-0.3619074740045291,-38.32,sl
APOLLOHOSP,2026-08-14,2026-08-14 09:35:00+05:30,8762.0,8795.82142857143,0.13160074347018502,33.82,tp
APOLLOTYRE,2026-06-04,2026-06-04 10:55:00+05:30,394.7999877929688,395.85713195800787,0.06066021242028361,1.06,tp
APOLLOTYRE,2026-06-12,2026-06-12 09:20:00+05:30,392.5499877929688,390.7321297781808,-0.3778537365406915,-1.82,sl
APOLLOTYRE,2026-06-15,2026-06-15 09:50:00+05:30,414.3500061035156,411.75000653948103,-0.4764932340874697,-2.6,sl
APOLLOTYRE,2026-06-16,2026-06-16 09:25:00+05:30,418.7999877929688,417.06784711565297,-0.34815769739307345,-1.73,sl
APOLLOTYRE,2026-06-17,2026-06-17 09:20:00+05:30,428.7000122070313,430.0,0.08194370272248451,1.3,time
APOLLOTYRE,2026-06-19,2026-06-19 11:10:00+05:30,428.6499938964844,428.0,-0.19098246668465044,-0.65,time
APOLLOTYRE,2026-06-22,2026-06-22 09:35:00+05:30,432.2000122070313,429.95715114048556,-0.41136432251714605,-2.24,sl
APOLLOTYRE,2026-06-24,2026-06-24 11:50:00+05:30,427.2000122070313,428.27501351492754,0.05098332544643165,1.08,tp
APOLLOTYRE,2026-06-25,2026-06-25 09:30:00+05:30,434.2000122070313,435.96072605678023,0.14330453250785222,1.76,tp
APOLLOTYRE,2026-07-02,2026-07-02 09:20:00+05:30,437.9500122070313,439.3750152587891,0.09522817838180675,1.43,tp
APOLLOTYRE,2026-07-06,2026-07-06 10:20:00+05:30,455.0499877929688,457.16784667968756,0.17924741591453008,2.12,tp
APOLLOTYRE,2026-07-15,2026-07-15 11:00:00+05:30,433.0,432.0500030517578,-0.23163929998737007,-0.95,sl
APOLLOTYRE,2026-07-23,2026-07-23 10:00:00+05:30,430.0,430.8500061035156,0.018605502816133705,0.85,time
APOLLOTYRE,2026-07-31,2026-07-31 09:45:00+05:30,429.0499877929688,427.6999882289342,-0.28878912981384497,-1.35,sl
APOLLOTYRE,2026-08-05,2026-08-05 09:35:00+05:30,447.0,448.95357186453685,0.16222441134722881,1.95,tp
APOLLOTYRE,2026-08-07,2026-08-07 11:00:00+05:30,444.4500122070313,445.5821620396206,0.052838312722813786,1.13,tp
APOLLOTYRE,2026-08-10,2026-08-10 11:15:00+05:30,449.5499877929688,450.8249882289342,0.07017023297786218,1.28,tp
APOLLOTYRE,2026-08-12,2026-08-12 09:25:00+05:30,447.7999877929688,446.56070382254467,-0.266049665592724,-1.24,sl
APOLLOTYRE,2026-08-14,2026-08-14 11:35:00+05:30,445.8500061035156,445.02857099260603,-0.21054414260371765,-0.82,sl
ASHOKLEY,2026-06-17,2026-06-17 09:25:00+05:30,159.86000061035156,159.3835721697126,-0.2788171295458275,-0.48,sl
ASHOKLEY,2026-06-24,2026-06-24 10:25:00+05:30,154.39999389648438,153.81570761544364,-0.3270542632660181,-0.58,sl
ASHOKLEY,2026-06-25,2026-06-25 09:20:00+05:30,158.75999450683594,159.31856645856584,0.11110051816203034,0.56,tp
ASHOKLEY,2026-07-01,2026-07-01 09:20:00+05:30,161.16000366210938,161.38999938964844,-0.014372404202245422,0.23,time
ASHOKLEY,2026-07-02,2026-07-02 11:55:00+05:30,165.0,165.33071354457311,0.02025947075385995,0.33,tp
ASHOKLEY,2026-07-03,2026-07-03 10:10:00+05:30,166.22999572753906,166.7421395438058,0.0848561015809072,0.51,tp
ASHOKLEY,2026-07-06,2026-07-06 10:45:00+05:30,165.83999633789062,166.24785505022322,0.04756104245260805,0.41,tp
ASHOKLEY,2026-07-28,2026-07-28 11:00:00+05:30,156.3300018310547,156.7214300973075,0.050231533935175494,0.39,tp
ASHOKLEY,2026-07-31,2026-07-31 09:35:00+05:30,162.47999572753906,163.3421391078404,0.21836905575024737,0.86,tp
ASHOKLEY,2026-08-03,2026-08-03 11:25:00+05:30,173.9499969482422,174.52142442975725,0.09710060070368975,0.57,tp
ASHOKLEY,2026-08-05,2026-08-05 09:25:00+05:30,176.8800048828125,176.168573651995,-0.3413267337782531,-0.71,sl
ASHOKLEY,2026-08-10,2026-08-10 10:25:00+05:30,178.0,178.5778536115374,0.09478211624855924,0.58,tp
ASHOKLEY,2026-08-13,2026-08-13 09:25:00+05:30,180.72000122070312,181.47428567068917,0.15042644252692758,0.75,tp
ASHOKLEY,2026-08-14,2026-08-14 09:20:00+05:30,178.58999633789062,178.05713871547155,-0.27902154656330613,-0.53,sl
ASHOKLEY,2026-08-18,2026-08-18 11:25:00+05:30,176.00999450683594,175.6228506905692,-0.23197335208769393,-0.39,sl
ASIANPAINT,2026-06-04,2026-06-04 09:30:00+05:30,2691.39990234375,2682.671369280134,-0.2945872047334522,-8.73,sl
ASIANPAINT,2026-06-09,2026-06-09 11:40:00+05:30,2689.199951171875,2685.049961635045,-0.19259236082512313,-4.15,sl
ASIANPAINT,2026-06-12,2026-06-12 10:35:00+05:30,2736.60009765625,2730.971522739955,-0.2234065931909176,-5.63,sl
ASIANPAINT,2026-07-20,2026-07-20 10:30:00+05:30,2703.39990234375,2708.3642054966517,0.010179107765695677,4.96,tp
ASIANPAINT,2026-08-10,2026-08-10 11:30:00+05:30,2743.39990234375,2747.992745535714,0.0004485679548311104,4.59,tp
ASTRAL,2026-06-15,2026-06-15 11:30:00+05:30,1535.0,1538.63569859096,0.04211199704077858,3.64,tp
ASTRAL,2026-06-23,2026-06-23 09:20:00+05:30,1571.0999755859375,1567.3999633789062,-0.24130274067319007,-3.7,sl
ASTRAL,2026-07-14,2026-07-14 09:35:00+05:30,1370.9000244140625,1376.0571463448662,0.12571107326405712,5.16,tp
ASTRAL,2026-07-16,2026-07-16 11:00:00+05:30,1378.300048828125,1383.1500418526787,0.11112934133655247,4.85,tp
ASTRAL,2026-07-21,2026-07-21 11:25:00+05:30,1411.300048828125,1408.2571759905134,-0.2293646736626259,-3.04,sl
ASTRAL,2026-07-23,2026-07-23 11:50:00+05:30,1428.0,1431.471435546875,0.045858636423319325,3.47,tp
ASTRAL,2026-07-24,2026-07-24 11:05:00+05:30,1431.199951171875,1436.4928065708705,0.12189165369919062,5.29,tp
ASTRAL,2026-08-12,2026-08-12 11:40:00+05:30,1445.699951171875,1445.199951171875,-0.12075119389447458,-0.5,time
ASTRAL,2026-08-13,2026-08-13 09:15:00+05:30,1548.0,1558.1571393694196,0.29368757245812444,10.16,tp
ASTRAL,2026-08-19,2026-08-19 09:50:00+05:30,1529.5,1524.5642961774554,-0.2936202872524855,-4.94,sl
AUROPHARMA,2026-06-04,2026-06-04 11:40:00+05:30,1462.5999755859375,1465.2928292410713,0.01046849583277358,2.69,tp
AUROPHARMA,2026-06-05,2026-06-05 09:20:00+05:30,1494.0999755859375,1488.449942452567,-0.326893777887442,-5.65,sl
AUROPHARMA,2026-06-19,2026-06-19 10:40:00+05:30,1473.5999755859375,1468.4571271623884,-0.30939936924893974,-5.14,sl
AUROPHARMA,2026-06-23,2026-06-23 09:20:00+05:30,1524.699951171875,1519.2356567382812,-0.3150309415066457,-5.46,sl
AUROPHARMA,2026-06-25,2026-06-25 09:50:00+05:30,1556.0,1551.1642804827009,-0.28646733357194626,-4.84,sl
AUROPHARMA,2026-07-02,2026-07-02 11:30:00+05:30,1559.5999755859375,1561.8713989257812,-0.012615156114360069,2.27,tp
AUROPHARMA,2026-07-03,2026-07-03 09:20:00+05:30,1577.800048828125,1582.1143450055804,0.06406246839679341,4.31,tp
AUROPHARMA,2026-07-09,2026-07-09 10:20:00+05:30,1597.0,1590.5428641183037,-0.34259746581200995,-6.46,sl
AUROPHARMA,2026-07-16,2026-07-16 09:15:00+05:30,1564.0,1560.9285714285713,-0.21782974059189267,-3.07,sl
AUROPHARMA,2026-07-21,2026-07-21 11:55:00+05:30,1560.0,1561.7000209263392,-0.034614579756183816,1.7,tp
AUROPHARMA,2026-07-24,2026-07-24 09:30:00+05:30,1535.199951171875,1540.1356898716517,0.09290276928457777,4.94,tp
AUROPHARMA,2026-07-29,2026-07-29 09:25:00+05:30,1571.9000244140625,1566.914306640625,-0.29030667457223164,-4.99,sl
AUROPHARMA,2026-08-03,2026-08-03 10:40:00+05:30,1589.699951171875,1584.9642421177455,-0.2787397320093714,-4.74,sl
AUROPHARMA,2026-08-04,2026-08-04 11:00:00+05:30,1565.300048828125,1561.6429268973213,-0.24018227113229584,-3.66,sl
AUROPHARMA,2026-08-05,2026-08-05 10:10:00+05:30,1615.0999755859375,1606.228524344308,-0.4295691180384452,-8.87,sl
AUROPHARMA,2026-08-07,2026-08-07 10:35:00+05:30,1626.5999755859375,1620.4285452706474,-0.32764405783543654,-6.17,sl
AUROPHARMA,2026-08-17,2026-08-17 09:25:00+05:30,1649.800048828125,1644.4500383649554,-0.29456941343782095,-5.35,sl
AXISBANK,2026-06-10,2026-06-10 10:05:00+05:30,1305.0,1300.778555733817,-0.29408939154864233,-4.22,sl
AXISBANK,2026-06-12,2026-06-12 11:25:00+05:30,1332.5,1330.171421595982,-0.20485156040605879,-2.33,sl
AXISBANK,2026-06-24,2026-06-24 11:00:00+05:30,1379.300048828125,1382.2143380301338,0.02677252659353663,2.91,tp
AXISBANK,2026-06-29,2026-06-29 10:20:00+05:30,1390.300048828125,1386.0071847098213,-0.2852634956859318,-4.29,sl
AXISBANK,2026-07-07,2026-07-07 09:30:00+05:30,1350.800048828125,1353.878618512835,0.036744280726701425,3.08,tp
AXISBANK,2026-07-15,2026-07-15 09:15:00+05:30,1336.5,1341.0071585518974,0.1023415735980884,4.51,tp
AXISBANK,2026-07-31,2026-07-31 09:15:00+05:30,1238.5,1235.97855922154,-0.2221529646407712,-2.52,sl
AXISBANK,2026-08-03,2026-08-03 09:25:00+05:30,1242.4000244140625,1240.0357230050224,-0.21418068396232334,-2.36,sl
AXISBANK,2026-08-18,2026-08-18 11:35:00+05:30,1239.5999755859375,1237.557120186942,-0.19887974052418878,-2.04,sl
BAJAJ-AUTO,2026-06-04,2026-06-04 10:00:00+05:30,10354.0,10384.285714285714,0.07550153149921053,30.29,tp
BAJAJ-AUTO,2026-06-09,2026-06-09 11:15:00+05:30,10335.0,10313.785714285714,-0.22315985900891863,-21.21,sl
BAJAJ-AUTO,2026-06-30,2026-06-30 11:25:00+05:30,9718.0,9743.0,0.05435274747890512,25.0,tp
BAJAJ-AUTO,2026-07-06,2026-07-06 09:25:00+05:30,9895.5,9916.642857142857,0.0281967994109861,21.14,tp
BAJAJ-AUTO,2026-07-07,2026-07-07 09:20:00+05:30,10129.0,10111.0,-0.20662454339026556,-18.0,sl
BAJAJ-AUTO,2026-07-08,2026-07-08 11:20:00+05:30,10200.5,10178.42857142857,-0.22982556877464447,-22.07,sl
BAJAJ-AUTO,2026-07-22,2026-07-22 09:20:00+05:30,10830.5,10778.142857142857,-0.39005388222414356,-52.36,sl
BAJAJ-AUTO,2026-07-23,2026-07-23 09:15:00+05:30,11106.0,11080.892857142857,-0.23564096627305842,-25.11,sl
BAJAJ-AUTO,2026-07-31,2026-07-31 11:30:00+05:30,11557.5,11576.82142857143,0.0003059237971672884,19.32,tp
BAJAJ-AUTO,2026-08-05,2026-08-05 10:30:00+05:30,11705.0,11729.357142857143,0.024855068041741743,24.36,tp
BAJAJ-AUTO,2026-08-10,2026-08-10 10:50:00+05:30,11760.0,11778.714285714286,-0.004518950437315138,18.71,tp
BAJAJ-AUTO,2026-08-11,2026-08-11 09:20:00+05:30,11806.0,11827.07142857143,0.007088405411296021,21.07,tp
BAJAJ-AUTO,2026-08-13,2026-08-13 11:50:00+05:30,11708.0,11722.0,-0.0282541851725316,14.0,tp
BAJAJ-AUTO,2026-08-14,2026-08-14 10:45:00+05:30,11755.0,11733.357142857143,-0.21046970893844436,-21.64,sl
BAJAJ-AUTO,2026-08-17,2026-08-17 11:30:00+05:30,11799.0,11779.42857142857,-0.19952417275072135,-19.57,sl
BAJAJFINSV,2026-06-05,2026-06-05 10:05:00+05:30,1735.699951171875,1728.7713971819196,-0.33950754801637834,-6.93,sl
BAJAJFINSV,2026-07-02,2026-07-02 09:35:00+05:30,1819.0,1823.3214285714287,0.042542998507817543,4.32,tp
BAJAJFINSV,2026-07-09,2026-07-09 11:10:00+05:30,1879.5999755859373,1884.9356776646202,0.07032460570296542,5.34,tp
BAJAJFINSV,2026-07-21,2026-07-21 10:25:00+05:30,1893.0,1887.7214181082588,-0.267308459326186,-5.28,sl
BAJAJFINSV,2026-07-23,2026-07-23 09:45:00+05:30,1885.0999755859373,1890.9071132114952,0.08483277388255114,5.81,tp
BAJAJFINSV,2026-07-31,2026-07-31 09:40:00+05:30,1992.0,1987.0999755859373,-0.24759109680911828,-4.9,time
BAJAJFINSV,2026-08-10,2026-08-10 11:50:00+05:30,2034.0,2029.7999877929688,-0.22389416539915194,-4.2,sl
BAJFINANCE,2026-06-05,2026-06-05 10:05:00+05:30,912.2999877929688,907.5214146205357,-0.4142764377752574,-4.78,sl
BAJFINANCE,2026-06-12,2026-06-12 11:45:00+05:30,892.3499755859375,890.5963963099888,-0.217907502028939,-1.75,sl
BAJFINANCE,2026-06-24,2026-06-24 11:00:00+05:30,979.4000244140624,980.5,-0.03261330047878933,1.1,time
BAJFINANCE,2026-07-02,2026-07-02 09:55:00+05:30,1018.0,1021.6214338030134,0.1134440355410625,3.62,tp
BAJFINANCE,2026-07-09,2026-07-09 11:25:00+05:30,1007.4000244140624,1004.2714407784597,-0.2863361262526701,-3.13,sl
BAJFINANCE,2026-07-15,2026-07-15 09:15:00+05:30,1032.300048828125,1035.9571881975446,0.11256258043799705,3.66,tp
BAJFINANCE,2026-07-16,2026-07-16 09:35:00+05:30,1032.699951171875,1030.057089669364,-0.25355059324901064,-2.64,sl
BAJFINANCE,2026-07-21,2026-07-21 09:35:00+05:30,1070.4000244140625,1073.0428728376116,0.048141724398549204,2.64,tp
BAJFINANCE,2026-07-27,2026-07-27 11:35:00+05:30,1045.4000244140625,1042.721444266183,-0.2537352258651907,-2.68,sl
BAJFINANCE,2026-07-31,2026-07-31 09:15:00+05:30,1095.9000244140625,1102.914297921317,0.2840281057209468,7.01,tp
BAJFINANCE,2026-08-03,2026-08-03 11:45:00+05:30,1162.0,1159.1142839704241,-0.24900427002973463,-2.89,sl
BALRAMCHIN,2026-06-01,2026-06-01 11:40:00+05:30,522.7000122070312,521.7392883300781,-0.2102801440041981,-0.96,sl
BALRAMCHIN,2026-06-02,2026-06-02 11:50:00+05:30,533.9500122070312,534.9142979213169,0.008356852766035098,0.96,tp
BALRAMCHIN,2026-06-04,2026-06-04 09:20:00+05:30,537.2000122070312,535.6321541922433,-0.2751144429442448,-1.57,sl
BALRAMCHIN,2026-06-05,2026-06-05 11:10:00+05:30,538.5499877929688,539.9142761230469,0.051995732355592156,1.36,tp
BALRAMCHIN,2026-06-08,2026-06-08 10:05:00+05:30,543.0,546.7678658621652,0.31633876930002147,3.77,tp
BALRAMCHIN,2026-06-24,2026-06-24 10:55:00+05:30,537.5,536.0214189801898,-0.26505090453695657,-1.48,sl
BALRAMCHIN,2026-06-30,2026-06-30 09:40:00+05:30,535.2000122070312,537.6964416503906,0.17986876529371398,2.5,tp
BALRAMCHIN,2026-07-09,2026-07-09 09:20:00+05:30,578.9500122070312,575.4607195172991,-0.46161595469327116,-3.49,sl
BALRAMCHIN,2026-07-13,2026-07-13 09:20:00+05:30,580.7000122070312,583.3964582170759,0.17860643568403506,2.7,tp
BALRAMCHIN,2026-07-14,2026-07-14 09:55:00+05:30,598.0499877929688,595.2606942313058,-0.3798388380833998,-2.79,sl
BALRAMCHIN,2026-07-16,2026-07-16 11:25:00+05:30,595.9000244140625,594.817866734096,-0.20896032578926818,-1.08,sl
BALRAMCHIN,2026-07-17,2026-07-17 09:35:00+05:30,607.4000244140625,609.6107439313616,0.1183786066948295,2.21,tp
BALRAMCHIN,2026-07-21,2026-07-21 09:20:00+05:30,606.6500244140625,608.6071690150669,0.09356906178926523,1.96,tp
BALRAMCHIN,2026-07-22,2026-07-22 11:20:00+05:30,617.7999877929688,619.0535627092634,0.02174570486214024,1.25,tp
BALRAMCHIN,2026-07-23,2026-07-23 11:10:00+05:30,628.1500244140625,625.0678841727121,-0.39440166726655274,-3.08,sl
BALRAMCHIN,2026-07-28,2026-07-28 11:40:00+05:30,610.2999877929688,611.5821271623884,0.02605007980316875,1.28,tp
BALRAMCHIN,2026-08-06,2026-08-06 11:55:00+05:30,635.4500122070312,636.7428676060268,0.02207305444895029,1.29,tp
BALRAMCHIN,2026-08-10,2026-08-10 09:25:00+05:30,643.2000122070312,645.6857169015067,0.1318754335168146,2.49,tp
BALRAMCHIN,2026-08-14,2026-08-14 09:20:00+05:30,626.5499877929688,624.2571280343192,-0.31957000750023484,-2.29,sl
BALRAMCHIN,2026-08-17,2026-08-17 11:20:00+05:30,646.6500244140625,648.800027029855,0.09948991274598062,2.15,tp
BALRAMCHIN,2026-08-18,2026-08-18 11:35:00+05:30,664.6500244140625,666.5036010742188,0.06732806066985218,1.85,tp
BALRAMCHIN,2026-08-19,2026-08-19 09:30:00+05:30,662.75,665.5035705566406,0.14928590478828743,2.75,tp
BALRAMCHIN,2026-08-20,2026-08-20 09:30:00+05:30,667.8499755859375,671.1285531180246,0.19454916390861102,3.28,tp
BANDHANBNK,2026-06-05,2026-06-05 11:05:00+05:30,207.1300048828125,208.02071925571985,0.158016033962233,0.89,tp
BANDHANBNK,2026-06-09,2026-06-09 09:45:00+05:30,207.72999572753903,208.7849971226283,0.20472288551135268,1.06,tp
BANDHANBNK,2026-06-15,2026-06-15 11:50:00+05:30,212.8699951171875,213.4135687691825,0.05321285229393066,0.54,tp
BANDHANBNK,2026-06-30,2026-06-30 11:35:00+05:30,204.1499938964844,203.6257073538644,-0.2540886284481104,-0.52,sl
BANDHANBNK,2026-07-06,2026-07-06 09:40:00+05:30,206.3000030517578,205.0828595842634,-0.45399227808709025,-1.22,sl
BANDHANBNK,2026-07-10,2026-07-10 09:20:00+05:30,205.13999938964844,205.84142957414898,0.10515653307619126,0.7,tp
BANDHANBNK,2026-07-15,2026-07-15 09:15:00+05:30,211.8000030517578,212.51857648577007,0.10356187639052805,0.72,tp
BANDHANBNK,2026-07-21,2026-07-21 09:30:00+05:30,215.3699951171875,214.55285317557198,-0.3276478507150152,-0.82,sl
BANDHANBNK,2026-07-27,2026-07-27 09:20:00+05:30,169.8800048828125,169.19857788085938,-0.3406735280316917,-0.68,sl
BANDHANBNK,2026-07-28,2026-07-28 10:40:00+05:30,169.6999969482422,169.12142290387834,-0.3045636021573919,-0.58,sl
BANDHANBNK,2026-07-29,2026-07-29 10:15:00+05:30,170.3000030517578,169.69571794782365,-0.3129013833606936,-0.6,sl
BANDHANBNK,2026-08-07,2026-08-07 10:40:00+05:30,176.3000030517578,176.84000505719865,0.08377833105844268,0.54,tp
BANDHANBNK,2026-08-12,2026-08-12 10:15:00+05:30,175.0,175.55499921526228,0.09028544523278338,0.55,tp
BANDHANBNK,2026-08-20,2026-08-20 09:20:00+05:30,173.8000030517578,174.43429129464286,0.11897177160445403,0.63,tp
BANKBARODA,2026-06-08,2026-06-08 09:25:00+05:30,265.3999938964844,266.3285696847098,0.10992670902342408,0.93,tp
BANKBARODA,2026-06-09,2026-06-09 10:10:00+05:30,265.0,266.05357142857144,0.13854447439353468,1.05,tp
BANKBARODA,2026-06-12,2026-06-12 09:25:00+05:30,271.6499938964844,270.46070643833707,-0.362680835973182,-1.19,sl
BANKBARODA,2026-06-17,2026-06-17 11:05:00+05:30,277.5,278.2464338030134,0.06139109254344156,0.75,tp
BANKBARODA,2026-06-22,2026-06-22 10:40:00+05:30,283.70001220703125,284.36429704938615,0.040490267276436634,0.66,tp
BANKBARODA,2026-07-15,2026-07-15 09:15:00+05:30,248.1999969482422,248.65356772286552,0.009646441627776713,0.45,tp
BANKBARODA,2026-07-20,2026-07-20 11:00:00+05:30,252.6999969482422,253.34284973144534,0.05263619888404398,0.64,tp
BANKBARODA,2026-07-30,2026-07-30 11:30:00+05:30,241.6499938964844,241.28213609967915,-0.19133651299726484,-0.37,sl
BANKBARODA,2026-08-05,2026-08-05 09:20:00+05:30,249.08999633789065,249.72356741768976,0.052612571146294904,0.63,tp
BANKBARODA,2026-08-14,2026-08-14 09:25:00+05:30,249.3300018310547,249.69500187465124,-0.01216459128479644,0.37,tp
BANKBARODA,2026-08-20,2026-08-20 09:55:00+05:30,246.9900054931641,246.52786363874165,-0.2122657218861186,-0.46,sl
BANKINDIA,2026-06-05,2026-06-05 09:20:00+05:30,141.6699981689453,141.2471422467913,-0.2790877084574025,-0.42,sl
BANKINDIA,2026-06-08,2026-06-08 09:25:00+05:30,142.77999877929688,143.50214168003626,0.20346389140497564,0.72,tp
BANKINDIA,2026-06-09,2026-06-09 09:20:00+05:30,142.38999938964844,141.84214237758093,-0.3308548413860048,-0.55,sl
BANKINDIA,2026-06-16,2026-06-16 09:25:00+05:30,148.17999267578125,147.71356637137276,-0.28886205728017406,-0.47,sl
BANKINDIA,2026-07-03,2026-07-03 11:30:00+05:30,146.83999633789062,146.41285269601005,-0.27453431729772776,-0.43,sl
BANKINDIA,2026-07-22,2026-07-22 11:25:00+05:30,144.10000610351562,143.86072104317802,-0.19963291472689382,-0.24,sl
BANKINDIA,2026-08-03,2026-08-03 09:35:00+05:30,140.10000610351562,140.45143454415458,0.05050467894168191,0.35,tp
BANKINDIA,2026-08-05,2026-08-05 09:20:00+05:30,142.0500030517578,142.40357535226005,0.049344157510538354,0.35,tp
BANKINDIA,2026-08-06,2026-08-06 09:20:00+05:30,141.85000610351562,141.5550046648298,-0.22478030003208524,-0.3,sl
BANKINDIA,2026-08-11,2026-08-11 11:40:00+05:30,142.10000610351562,142.4578628540039,0.05110066225933582,0.36,tp
BANKINDIA,2026-08-12,2026-08-12 09:20:00+05:30,143.92999267578125,144.28999219621932,0.05007275985166185,0.36,tp
BANKINDIA,2026-08-18,2026-08-18 11:50:00+05:30,142.7899932861328,142.94642312186105,-0.03426857213386071,0.16,tp
BATAINDIA,2026-06-12,2026-06-12 09:30:00+05:30,669.0999755859375,667.0964006696429,-0.2796659682619232,-2.0,sl
BATAINDIA,2026-06-15,2026-06-15 09:30:00+05:30,690.3499755859375,686.35353742327,-0.4473401872094338,-4.0,sl
BATAINDIA,2026-06-23,2026-06-23 10:05:00+05:30,747.4500122070312,742.8571646554129,-0.4686813145984278,-4.59,sl
BATAINDIA,2026-07-02,2026-07-02 10:40:00+05:30,699.0,697.0000087193081,-0.27167307130402707,-2.0,sl
BATAINDIA,2026-07-10,2026-07-10 09:20:00+05:30,686.7999877929688,684.460697719029,-0.3043643082863532,-2.34,sl
BATAINDIA,2026-07-17,2026-07-17 10:05:00+05:30,687.4500122070312,690.6071515764509,0.1755521984166155,3.16,tp
BATAINDIA,2026-07-20,2026-07-20 11:20:00+05:30,710.75,708.9607195172991,-0.25104724440668535,-1.79,sl
BATAINDIA,2026-07-24,2026-07-24 11:40:00+05:30,675.8499755859375,677.3106907435825,0.02967805374664576,1.46,tp
BATAINDIA,2026-08-03,2026-08-03 11:00:00+05:30,705.8499755859375,707.0642613002232,0.0032190201560324937,1.21,tp
BATAINDIA,2026-08-04,2026-08-04 09:25:00+05:30,719.3499755859375,716.7178301130023,-0.3195436626622184,-2.63,sl
BATAINDIA,2026-08-05,2026-08-05 09:20:00+05:30,719.75,722.3785705566406,0.11912363098080929,2.63,tp
BATAINDIA,2026-08-10,2026-08-10 09:20:00+05:30,726.25,724.164284842355,-0.2723138168106058,-2.09,sl
BATAINDIA,2026-08-13,2026-08-13 11:10:00+05:30,737.0,734.5714242117746,-0.2977130899505099,-2.43,sl
BATAINDIA,2026-08-14,2026-08-14 09:25:00+05:30,760.0,755.7642778669085,-0.43439911577038043,-4.24,sl
BEL,2026-06-18,2026-06-18 11:55:00+05:30,428.8999938964844,429.97857230050226,0.050885299981357324,1.08,tp
BEL,2026-06-19,2026-06-19 11:05:00+05:30,430.5499877929688,429.4285518101284,-0.25627955145310405,-1.12,sl
BEL,2026-07-01,2026-07-01 10:45:00+05:30,415.7000122070313,415.010724748884,-0.1994882036910818,-0.69,sl
BEL,2026-07-06,2026-07-06 09:20:00+05:30,428.4500122070313,429.76072474888394,0.08355175696239056,1.31,tp
BEL,2026-07-15,2026-07-15 11:10:00+05:30,414.1499938964844,413.4785614013672,-0.19727381456173732,-0.67,sl
BEL,2026-08-06,2026-08-06 09:50:00+05:30,396.2000122070313,395.0785849434989,-0.2698274450753508,-1.12,sl
BEL,2026-08-10,2026-08-10 11:20:00+05:30,402.4500122070313,402.9964425223215,-0.018534431797840863,0.55,tp
BEL,2026-08-13,2026-08-13 10:10:00+05:30,407.2999877929688,406.10712541852683,-0.2757224272319359,-1.19,sl
BEL,2026-08-17,2026-08-17 09:20:00+05:30,412.7000122070313,412.01072256905695,-0.2002117205116881,-0.69,sl
BEL,2026-08-18,2026-08-18 09:25:00+05:30,414.3500061035156,413.5999995640346,-0.20860478268611343,-0.75,sl
BHARATFORG,2026-06-04,2026-06-04 10:10:00+05:30,1984.300048828125,1976.4000418526784,-0.33887537512621924,-7.9,sl
BHARATFORG,2026-06-09,2026-06-09 09:35:00+05:30,1938.4000244140625,1929.7500261579241,-0.3677465377793649,-8.65,sl
BHARATFORG,2026-06-15,2026-06-15 09:45:00+05:30,1979.0,1971.9285714285716,-0.31439399408070057,-7.07,sl
BHARATFORG,2026-06-19,2026-06-19 09:35:00+05:30,2055.0,2048.2999877929688,-0.29562079436587596,-6.7,sl
BHARATFORG,2026-06-25,2026-06-25 11:20:00+05:30,2161.300048828125,2165.392892020089,0.013621702665025003,4.09,tp
BHARATFORG,2026-07-06,2026-07-06 09:55:00+05:30,2172.39990234375,2162.6927664620534,-0.3681035624580105,-9.71,sl
BHARATFORG,2026-07-09,2026-07-09 11:40:00+05:30,2113.0,2119.0142996651784,0.07077992423601821,6.01,tp
BHARATFORG,2026-07-13,2026-07-13 09:45:00+05:30,2129.60009765625,2129.199951171875,-0.11127384859200705,-0.4,time
BHARATFORG,2026-07-17,2026-07-17 10:30:00+05:30,2152.0,2145.54288155692,-0.2800311833572536,-6.46,sl
BHARATFORG,2026-07-24,2026-07-24 11:45:00+05:30,2147.699951171875,2152.0785086495534,0.02232316181660246,4.38,tp
BHARATFORG,2026-07-31,2026-07-31 09:15:00+05:30,2191.0,2198.521414620536,0.10597210279878902,7.52,tp
BHARATFORG,2026-08-07,2026-08-07 10:40:00+05:30,2242.300048828125,2248.37149483817,0.06246120174375166,6.07,tp
BHARATFORG,2026-08-10,2026-08-10 10:45:00+05:30,2290.0,2281.764229910714,-0.31578436915159247,-8.24,sl
BHARATFORG,2026-08-18,2026-08-18 11:20:00+05:30,2087.89990234375,2089.39990234375,-0.056894485267722165,1.5,time
BHARTIARTL,2026-06-11,2026-06-11 11:20:00+05:30,1792.300048828125,1789.65718296596,-0.18847399844327703,-2.64,sl
BHARTIARTL,2026-07-01,2026-07-01 11:20:00+05:30,1872.0,1874.471435546875,-0.020787322215544867,2.47,tp
BHARTIARTL,2026-07-07,2026-07-07 11:50:00+05:30,1952.4000244140625,1955.857169015067,0.006242918186053327,3.46,tp
BHARTIARTL,2026-07-09,2026-07-09 10:05:00+05:30,1954.199951171875,1963.5356619698662,0.18663527882270664,9.34,tp
BHARTIARTL,2026-07-14,2026-07-14 09:25:00+05:30,1932.5,1927.2928466796875,-0.2616709957147478,-5.21,sl
BHARTIARTL,2026-07-16,2026-07-16 09:15:00+05:30,1927.199951171875,1924.0499529157366,-0.19806968667333982,-3.15,sl
BHARTIARTL,2026-08-14,2026-08-14 10:45:00+05:30,1972.0999755859373,1976.6999598911827,0.03995185930303824,4.6,tp
BHEL,2026-06-05,2026-06-05 11:25:00+05:30,399.1499938964844,397.06070818219865,-0.4140602399449203,-2.09,sl
BHEL,2026-06-08,2026-06-08 11:40:00+05:30,387.6000061035156,388.5321502685547,0.04429476011774619,0.93,tp
BHEL,2026-06-09,2026-06-09 11:00:00+05:30,390.6000061035156,391.71429661342074,0.07116597426931094,1.11,tp
BHEL,2026-06-19,2026-06-19 09:20:00+05:30,409.7999877929688,411.32855878557484,0.1238024946030408,1.53,tp
BHEL,2026-07-06,2026-07-06 09:25:00+05:30,390.5499877929688,391.9464176722936,0.11453282647112019,1.4,tp
BHEL,2026-07-10,2026-07-10 09:25:00+05:30,391.7000122070313,393.32143947056363,0.14836771197372245,1.62,tp
BHEL,2026-07-13,2026-07-13 09:25:00+05:30,400.4500122070313,401.8392987932478,0.1081588029266777,1.39,tp
BHEL,2026-07-14,2026-07-14 11:10:00+05:30,408.0,406.7321450369699,-0.28644925926913495,-1.27,sl
BHEL,2026-08-03,2026-08-03 10:00:00+05:30,414.0,412.6035701206752,-0.30238114193112825,-1.4,sl
BHEL,2026-08-05,2026-08-05 09:30:00+05:30,413.25,411.7928488595145,-0.31156459389989216,-1.46,sl
BHEL,2026-08-07,2026-08-07 09:40:00+05:30,416.0499877929688,414.63927350725453,-0.3034439601641712,-1.41,sl
BHEL,2026-08-10,2026-08-10 11:05:00+05:30,406.3999938964844,407.2821371895926,0.030237692867623903,0.88,tp
BHEL,2026-08-12,2026-08-12 09:20:00+05:30,408.0,408.9857134137835,0.044957854968163916,0.99,tp
BHEL,2026-08-17,2026-08-17 09:40:00+05:30,428.8500061035156,430.66786193847656,0.1543344958501147,1.82,tp
BOSCHLTD,2026-06-03,2026-06-03 11:55:00+05:30,37220.0,37312.857142857145,0.04968910723881503,92.86,tp
BOSCHLTD,2026-06-08,2026-06-08 11:25:00+05:30,37030.0,36920.0,-0.2782338644342425,-110.0,sl
BOSCHLTD,2026-06-10,2026-06-10 11:00:00+05:30,37935.0,37858.21428571428,-0.2214483420889164,-76.79,sl
BOSCHLTD,2026-06-12,2026-06-12 11:15:00+05:30,39240.0,39137.5,-0.2567278287461774,-102.5,sl
BOSCHLTD,2026-06-16,2026-06-16 09:20:00+05:30,39695.0,39826.78571428572,0.0991974520000767,131.79,tp
BOSCHLTD,2026-06-17,2026-06-17 11:10:00+05:30,39360.0,39453.92857142857,0.04318379790940925,93.93,tp
BOSCHLTD,2026-06-18,2026-06-18 09:30:00+05:30,39735.0,39847.142857142855,0.06933613762605523,112.14,tp
BOSCHLTD,2026-06-19,2026-06-19 09:20:00+05:30,40195.0,40112.857142857145,-0.22261653012989932,-82.14,sl
BOSCHLTD,2026-06-23,2026-06-23 11:10:00+05:30,40450.0,40385.357142857145,-0.19588557301783194,-64.64,sl
BOSCHLTD,2026-07-02,2026-07-02 09:20:00+05:30,41165.0,41277.857142857145,0.06449480314414419,112.86,tp
BOSCHLTD,2026-07-03,2026-07-03 10:00:00+05:30,42485.0,42320.357142857145,-0.33251904033356017,-164.64,sl
BOSCHLTD,2026-07-06,2026-07-06 09:55:00+05:30,42145.0,42021.78571428572,-0.2754148094164659,-123.21,sl
BOSCHLTD,2026-07-14,2026-07-14 11:30:00+05:30,41840.0,41781.78571428572,-0.18348128926522358,-58.21,sl
BOSCHLTD,2026-07-23,2026-07-23 10:00:00+05:30,41790.0,41891.42857142857,0.045626089631834114,101.43,tp
BOSCHLTD,2026-07-27,2026-07-27 09:55:00+05:30,42095.0,41961.07142857143,-0.29089474487978023,-133.93,sl
BOSCHLTD,2026-07-28,2026-07-28 11:05:00+05:30,41210.0,41268.57142857143,-0.014722501473291624,58.57,tp
BOSCHLTD,2026-08-03,2026-08-03 11:35:00+05:30,41585.0,41520.71428571428,-0.1927532248922218,-64.29,sl
BOSCHLTD,2026-08-05,2026-08-05 09:25:00+05:30,42275.0,42414.28571428572,0.09768522429670122,139.29,tp
BOSCHLTD,2026-08-12,2026-08-12 09:20:00+05:30,45800.0,45944.28571428572,0.08902058640050316,144.29,tp
BOSCHLTD,2026-08-13,2026-08-13 09:20:00+05:30,47140.0,47270.0,0.06546457361052184,130.0,tp
BOSCHLTD,2026-08-14,2026-08-14 11:35:00+05:30,46690.0,46735.357142857145,-0.041712817060854654,45.36,tp
BOSCHLTD,2026-08-18,2026-08-18 10:25:00+05:30,47730.0,47865.357142857145,0.0701535422465681,135.36,tp
BOSCHLTD,2026-08-20,2026-08-20 11:20:00+05:30,48585.0,48496.07142857143,-0.2098222555462457,-88.93,sl
BPCL,2026-06-11,2026-06-11 11:40:00+05:30,284.04998779296875,283.2571323939732,-0.267475183890535,-0.79,sl
BPCL,2026-06-17,2026-06-17 09:30:00+05:30,318.29998779296875,318.0,-0.15654812525419332,-0.3,time
BPCL,2026-06-29,2026-06-29 11:40:00+05:30,303.29998779296875,302.624991280692,-0.23353047268914376,-0.67,sl
BPCL,2026-06-30,2026-06-30 11:35:00+05:30,302.6000061035156,302.9892883300781,-0.02281251446584609,0.39,tp
BPCL,2026-07-02,2026-07-02 09:20:00+05:30,308.3500061035156,309.06429617745533,0.03898947166550368,0.71,tp
BPCL,2026-07-09,2026-07-09 11:25:00+05:30,307.29998779296875,307.87498692103793,0.012267976097004576,0.57,tp
BPCL,2026-07-10,2026-07-10 11:50:00+05:30,311.8500061035156,311.4000004359654,-0.18658117532327514,-0.45,sl
BPCL,2026-07-16,2026-07-16 09:35:00+05:30,316.8500061035156,317.8000030517578,0.07989526841261693,0.95,tp
BPCL,2026-07-22,2026-07-22 11:20:00+05:30,321.29998779296875,320.2749917166574,-0.2914091718494236,-1.02,sl
BPCL,2026-07-27,2026-07-27 11:25:00+05:30,317.0,316.2714276994978,-0.23790011996887211,-0.73,sl
BPCL,2026-08-05,2026-08-05 09:20:00+05:30,327.70001220703125,326.66429356166293,-0.28963416663786695,-1.04,sl
BPCL,2026-08-14,2026-08-14 09:20:00+05:30,316.29998779296875,316.84998866489957,0.004331500440806434,0.55,tp
BPCL,2026-08-20,2026-08-20 11:00:00+05:30,308.1000061035156,308.56787109375,-0.008887053365942199,0.47,tp
BRITANNIA,2026-06-10,2026-06-10 09:35:00+05:30,5217.5,5198.75,-0.3156205079060853,-18.75,sl
BRITANNIA,2026-06-30,2026-06-30 11:20:00+05:30,5152.5,5143.392857142857,-0.2060511540860916,-9.11,sl
BRITANNIA,2026-07-13,2026-07-13 11:45:00+05:30,5361.0,5357.0,-0.1447677672076105,-4.0,time
BRITANNIA,2026-07-16,2026-07-16 11:05:00+05:30,5364.0,5354.285714285715,-0.20866091403003717,-9.71,sl
BRITANNIA,2026-07-20,2026-07-20 09:25:00+05:30,5423.5,5433.178571428572,0.007073713600865396,9.68,tp
BRITANNIA,2026-07-22,2026-07-22 11:10:00+05:30,5514.0,5525.285714285715,0.022804290377744018,11.29,tp
BRITANNIA,2026-07-24,2026-07-24 10:55:00+05:30,5380.0,5369.25,-0.21988847583643123,-10.75,sl
BRITANNIA,2026-07-29,2026-07-29 09:25:00+05:30,5569.0,5553.714285714285,-0.2646871713310972,-15.29,sl
BRITANNIA,2026-08-07,2026-08-07 09:15:00+05:30,5646.0,5616.75,-0.41083953241232735,-29.25,sl
BRITANNIA,2026-08-10,2026-08-10 11:55:00+05:30,5603.0,5592.357142857143,-0.21396955712500676,-10.64,sl
BRITANNIA,2026-08-12,2026-08-12 11:55:00+05:30,5602.5,5595.142857142857,-0.17879135589979242,-7.36,sl
BRITANNIA,2026-08-17,2026-08-17 11:45:00+05:30,5537.0,5529.892857142857,-0.17701437085580404,-7.11,sl
BRITANNIA,2026-08-20,2026-08-20 09:20:00+05:30,5523.0,5509.571428571428,-0.2458834484364102,-13.43,sl
BSOFT,2026-06-02,2026-06-02 09:25:00+05:30,344.1000061035156,346.4250052315848,0.3054052461777203,2.32,tp
BSOFT,2026-06-09,2026-06-09 11:45:00+05:30,323.29998779296875,322.71427263532365,-0.20870062105047238,-0.59,sl
BSOFT,2026-06-17,2026-06-17 09:35:00+05:30,331.3500061035156,329.8607155936105,-0.36967686418690243,-1.49,sl
BSOFT,2026-06-18,2026-06-18 10:30:00+05:30,325.45001220703125,326.67501395089283,0.12584145606035105,1.23,tp
BSOFT,2026-07-03,2026-07-03 09:20:00+05:30,290.6499938964844,288.25356837681363,-0.5947033689993955,-2.4,sl
BSOFT,2026-07-10,2026-07-10 10:05:00+05:30,289.29998779296875,286.55713544573103,-0.6688598264028779,-2.74,sl
BSOFT,2026-07-13,2026-07-13 11:10:00+05:30,302.0,300.46785845075334,-0.4043989832940384,-1.53,sl
BSOFT,2026-07-20,2026-07-20 09:40:00+05:30,293.6000061035156,292.4178553989955,-0.34158392641925944,-1.18,sl
BSOFT,2026-07-27,2026-07-27 09:30:00+05:30,292.79998779296875,291.06070382254467,-0.4564106645360692,-1.74,sl
BSOFT,2026-07-28,2026-07-28 09:25:00+05:30,303.8999938964844,305.54285103934154,0.22435482247823219,1.64,tp
BSOFT,2026-07-29,2026-07-29 10:50:00+05:30,315.45001220703125,317.7321581159319,0.33407433582272855,2.28,tp
BSOFT,2026-08-03,2026-08-03 10:10:00+05:30,314.1499938964844,315.9892774309431,0.25128764670257336,1.84,tp
BSOFT,2026-08-19,2026-08-19 09:20:00+05:30,311.25,310.23928615025113,-0.29483640477086603,-1.01,sl
CAMS,2026-06-05,2026-06-05 11:05:00+05:30,776.4000244140625,773.2535836356027,-0.343156157613548,-3.15,sl
CAMS,2026-06-17,2026-06-17 10:50:00+05:30,799.9500122070312,797.5821489606585,-0.27760084082053266,-2.37,sl
CAMS,2026-06-18,2026-06-18 10:10:00+05:30,821.5999755859375,825.4178205217634,0.1788104953218701,3.82,tp
CAMS,2026-07-03,2026-07-03 09:20:00+05:30,807.3499755859375,805.1892656598773,-0.2605779395354852,-2.16,sl
CAMS,2026-07-07,2026-07-07 11:35:00+05:30,780.2999877929688,778.2821350097656,-0.25515977045524496,-2.02,sl
CAMS,2026-07-09,2026-07-09 11:55:00+05:30,772.1500244140625,774.5857500348773,0.0892683191453439,2.44,tp
CAMS,2026-07-21,2026-07-21 10:05:00+05:30,784.4000244140625,781.9750191824777,-0.28549249026831086,-2.43,sl
CAMS,2026-07-27,2026-07-27 09:55:00+05:30,784.3499755859375,787.5035531180246,0.14123753147805487,3.15,tp
CAMS,2026-07-30,2026-07-30 10:15:00+05:30,796.0,792.8571384974888,-0.33689910822948815,-3.14,sl
CAMS,2026-07-31,2026-07-31 09:20:00+05:30,796.25,798.5678580147879,0.07465806076894922,2.32,tp
CAMS,2026-08-04,2026-08-04 09:45:00+05:30,816.9000244140625,821.9785984584263,0.2730131393745395,5.08,tp
CAMS,2026-08-10,2026-08-10 10:15:00+05:30,792.5999755859375,789.4035382952009,-0.3419710362751632,-3.2,sl
CAMS,2026-08-11,2026-08-11 10:40:00+05:30,795.3499755859375,793.3606741768973,-0.25006989150214043,-1.99,sl
CAMS,2026-08-20,2026-08-20 11:05:00+05:30,759.7999877929688,758.403560093471,-0.21027331312973666,-1.4,sl
CANBK,2026-06-05,2026-06-05 09:50:00+05:30,135.4499969482422,134.95857129778182,-0.3176857858393989,-0.49,sl
CANBK,2026-06-09,2026-06-09 11:40:00+05:30,135.52000427246094,135.93714686802454,0.08468532279187872,0.42,tp
CANBK,2026-08-03,2026-08-03 09:40:00+05:30,126.55999755859376,126.83071190970286,0.028341192950999537,0.27,tp
CANBK,2026-08-04,2026-08-04 09:20:00+05:30,128.1199951171875,127.87499455043248,-0.2147364546170626,-0.25,sl
CANBK,2026-08-05,2026-08-05 09:20:00+05:30,129.39999389648438,129.14142118181502,-0.2198946183302938,-0.26,sl
CANBK,2026-08-10,2026-08-10 11:10:00+05:30,131.72000122070312,131.40785653250558,-0.24218555358553423,-0.31,sl
CANBK,2026-08-12,2026-08-12 09:20:00+05:30,131.07000732421875,131.36357988630022,0.03438889708243095,0.29,tp
CANFINHOME,2026-06-12,2026-06-12 09:45:00+05:30,860.4500122070312,856.1464407784598,-0.40009214021855133,-4.3,sl
CANFINHOME,2026-06-19,2026-06-19 10:15:00+05:30,890.0,886.9499991280692,-0.3056180363099429,-3.05,sl
CANFINHOME,2026-06-30,2026-06-30 09:25:00+05:30,883.2999877929688,877.75,-0.47699453433726824,-5.55,time
CANFINHOME,2026-07-01,2026-07-01 11:15:00+05:30,881.5,878.6892918178013,-0.29131309237881176,-2.81,sl
CANFINHOME,2026-07-03,2026-07-03 09:20:00+05:30,897.0,894.1964285714286,-0.28752986144290604,-2.8,sl
CANFINHOME,2026-07-10,2026-07-10 09:25:00+05:30,925.9000244140624,922.0643136160713,-0.3485610128643258,-3.84,sl
CANFINHOME,2026-07-13,2026-07-13 09:35:00+05:30,931.9500122070312,935.5250069754464,0.13016222253909998,3.57,tp
CANFINHOME,2026-08-07,2026-08-07 11:05:00+05:30,812.0,810.8535723005023,-0.18471140636682773,-1.15,sl
CANFINHOME,2026-08-10,2026-08-10 11:00:00+05:30,817.5499877929688,819.0035531180246,0.006677170577409019,1.45,tp
CANFINHOME,2026-08-20,2026-08-20 09:25:00+05:30,822.2999877929688,824.6285531180246,0.06990626483935336,2.33,tp
CHOLAFIN,2026-06-18,2026-06-18 10:30:00+05:30,1686.5,1681.2714233398438,-0.2860151791339312,-5.23,sl
CHOLAFIN,2026-06-19,2026-06-19 10:15:00+05:30,1702.4000244140625,1697.7428937639509,-0.26413759104759926,-4.66,sl
CHOLAFIN,2026-06-24,2026-06-24 11:00:00+05:30,1753.5999755859375,1757.6071166992188,0.03710565131397178,4.01,tp
CHOLAFIN,2026-06-25,2026-06-25 11:50:00+05:30,1814.699951171875,1811.1213902064733,-0.2183190961048123,-3.58,sl
CHOLAFIN,2026-07-03,2026-07-03 09:20:00+05:30,1818.0,1812.4214128766741,-0.2841117862483782,-5.58,sl
CHOLAFIN,2026-07-06,2026-07-06 09:45:00+05:30,1827.300048828125,1833.742885044643,0.11155265290940403,6.44,tp
CHOLAFIN,2026-07-13,2026-07-13 11:15:00+05:30,1815.9000244140625,1812.914297921317,-0.19865278217755,-2.99,sl
CHOLAFIN,2026-07-15,2026-07-15 09:20:00+05:30,1811.5,1817.307163783482,0.09234326635877814,5.81,tp
CHOLAFIN,2026-07-24,2026-07-24 11:50:00+05:30,1713.5,1719.692836216518,0.11684865654570958,6.19,tp
CHOLAFIN,2026-07-27,2026-07-27 09:40:00+05:30,1778.5999755859375,1769.6571219308037,-0.40168178717716624,-8.94,sl
CHOLAFIN,2026-07-31,2026-07-31 09:15:00+05:30,1807.0,1812.8428519112724,0.09400725770688717,5.84,tp
CHOLAFIN,2026-08-06,2026-08-06 11:15:00+05:30,1923.0,1928.635733468192,0.07584191788430669,5.64,tp
CHOLAFIN,2026-08-18,2026-08-18 11:55:00+05:30,1876.4000244140625,1878.7143031529017,-0.02599833589657217,2.31,tp
CIPLA,2026-06-12,2026-06-12 11:10:00+05:30,1393.4000244140625,1395.0928867885045,-0.027105109310419602,1.69,tp
CIPLA,2026-06-15,2026-06-15 11:20:00+05:30,1382.199951171875,1384.064243861607,-0.019072807599877242,1.86,tp
CIPLA,2026-06-22,2026-06-22 09:20:00+05:30,1387.5999755859375,1382.5357055664062,-0.31897968183774766,-5.06,sl
CIPLA,2026-06-23,2026-06-23 09:45:00+05:30,1440.5,1444.2571323939733,0.05649284528871693,3.76,tp
CIPLA,2026-06-29,2026-06-29 09:45:00+05:30,1468.699951171875,1473.7356741768974,0.10572165203673158,5.04,tp
CIPLA,2026-06-30,2026-06-30 10:25:00+05:30,1471.9000244140625,1467.028599330357,-0.2985770094260832,-4.87,sl
CIPLA,2026-07-03,2026-07-03 09:35:00+05:30,1469.5,1466.1071515764509,-0.23853072841983555,-3.39,sl
CIPLA,2026-07-10,2026-07-10 10:15:00+05:30,1449.0,1452.8214460100446,0.05823793002255116,3.82,tp
CIPLA,2026-07-15,2026-07-15 11:45:00+05:30,1445.0999755859375,1447.135707310268,-0.015477194987635168,2.04,tp
CIPLA,2026-07-16,2026-07-16 11:50:00+05:30,1442.9000244140625,1440.9643031529017,-0.18049294733140683,-1.94,sl
CIPLA,2026-07-23,2026-07-23 11:55:00+05:30,1422.9000244140625,1417.4786028180804,-0.32860727400217465,-5.42,sl
CIPLA,2026-07-29,2026-07-29 10:30:00+05:30,1466.4000244140625,1470.1643240792412,0.05402207866231279,3.76,tp
CIPLA,2026-08-06,2026-08-06 10:10:00+05:30,1483.9000244140625,1487.721435546875,0.054514902753833486,3.82,tp
CIPLA,2026-08-14,2026-08-14 09:25:00+05:30,1469.9000244140625,1466.6500331333705,-0.23266172773842442,-3.25,sl
COALINDIA,2026-06-01,2026-06-01 11:30:00+05:30,476.3500061035156,474.6857147216797,-0.309630485211868,-1.66,sl
COALINDIA,2026-06-04,2026-06-04 10:50:00+05:30,477.5,476.52142769949774,-0.22296196446101754,-0.98,sl
COALINDIA,2026-06-15,2026-06-15 11:25:00+05:30,445.6000061035156,444.51428658621654,-0.2461920335405287,-1.09,sl
COALINDIA,2026-06-16,2026-06-16 10:45:00+05:30,451.0,449.6035701206752,-0.28577781099664545,-1.4,sl
COALINDIA,2026-06-17,2026-06-17 11:10:00+05:30,453.3500061035156,454.37857491629467,0.036129100994543806,1.03,tp
COALINDIA,2026-06-29,2026-06-29 11:45:00+05:30,441.5,442.7142857142857,0.06502184112603247,1.21,tp
COALINDIA,2026-07-14,2026-07-14 11:25:00+05:30,436.2999877929688,435.54284449986056,-0.20412239023039153,-0.76,sl
COALINDIA,2026-08-18,2026-08-18 09:25:00+05:30,410.8500061035156,410.32500130789623,-0.17667101684118527,-0.53,sl
COFORGE,2026-06-11,2026-06-11 11:30:00+05:30,1401.5999755859375,1406.5642613002233,0.11251223462145671,4.96,tp
COFORGE,2026-06-15,2026-06-15 10:55:00+05:30,1408.800048828125,1413.5643310546875,0.10290809460968778,4.76,tp
COFORGE,2026-06-17,2026-06-17 09:35:00+05:30,1495.800048828125,1489.242885044643,-0.36302300719749053,-6.56,sl
COFORGE,2026-07-02,2026-07-02 09:20:00+05:30,1432.0,1442.0357317243304,0.3204915526954074,10.04,tp
COFORGE,2026-07-03,2026-07-03 11:15:00+05:30,1486.800048828125,1481.5143432617188,-0.31330530237360577,-5.29,sl
COFORGE,2026-07-13,2026-07-13 11:55:00+05:30,1528.5,1522.7499825613838,-0.32571216638336287,-5.75,sl
COFORGE,2026-07-14,2026-07-14 09:25:00+05:30,1567.5,1561.69287109375,-0.32228244617224877,-5.81,sl
COFORGE,2026-07-28,2026-07-28 09:20:00+05:30,1630.0999755859375,1641.1857125418526,0.30803891007716844,11.09,tp
COFORGE,2026-07-29,2026-07-29 09:30:00+05:30,1750.5,1762.4857177734375,0.3108215175128534,11.99,tp
COFORGE,2026-08-07,2026-08-07 09:15:00+05:30,1791.0,1794.942862374442,0.0320891917736023,3.94,tp
COFORGE,2026-08-10,2026-08-10 10:20:00+05:30,1816.9000244140625,1814.0,-0.19576832104444725,-2.9,time
COFORGE,2026-08-20,2026-08-20 09:30:00+05:30,1852.5999755859373,1858.8856898716517,0.10357490128087947,6.29,tp
COLPAL,2026-06-08,2026-06-08 11:05:00+05:30,2015.0,2014.199951171875,-0.12382279388957816,-0.8,time
COLPAL,2026-06-10,2026-06-10 09:20:00+05:30,2080.0,2088.4642944335938,0.1441623394305889,8.46,tp
COLPAL,2026-06-30,2026-06-30 11:15:00+05:30,1995.0,1998.3285871233259,0.00010788340829655154,3.33,tp
COLPAL,2026-07-09,2026-07-09 11:50:00+05:30,2052.0,2055.500008719308,0.002339436237075161,3.5,tp
COLPAL,2026-07-16,2026-07-16 10:50:00+05:30,2023.0,2026.442836216518,0.0021108121557456092,3.44,tp
COLPAL,2026-07-20,2026-07-20 10:35:00+05:30,2071.800048828125,2077.435721261161,0.0632108977762644,5.64,tp
COLPAL,2026-07-27,2026-07-27 11:05:00+05:30,2132.699951171875,2137.807059151786,0.043680070244420284,5.11,tp
COLPAL,2026-07-29,2026-07-29 11:45:00+05:30,2178.699951171875,2192.12850516183,0.26981376851086547,13.43,tp
COLPAL,2026-08-03,2026-08-03 09:30:00+05:30,2101.800048828125,2107.9000244140625,0.07413575347489183,6.1,tp
CONCOR,2026-06-01,2026-06-01 10:45:00+05:30,466.0,467.57142857142856,0.10232985898221739,1.57,tp
CONCOR,2026-06-09,2026-06-09 11:05:00+05:30,448.1499938964844,446.99642290387834,-0.25444440588868894,-1.15,sl
CONCOR,2026-06-22,2026-06-22 09:20:00+05:30,476.5,475.3428519112723,-0.24570595031198675,-1.16,sl
CONCOR,2026-06-23,2026-06-23 09:20:00+05:30,479.2000122070313,480.3714447021485,0.04667351401624179,1.17,tp
CONCOR,2026-06-25,2026-06-25 09:20:00+05:30,480.3999938964844,479.1178501674107,-0.26013452273481,-1.28,sl
CONCOR,2026-06-30,2026-06-30 11:30:00+05:30,474.2999877929688,473.7999877929688,-0.1632511085222607,-0.5,time
CONCOR,2026-07-01,2026-07-01 10:45:00+05:30,479.8999938964844,481.0107073102679,0.03886810934485214,1.11,tp
CONCOR,2026-07-03,2026-07-03 10:00:00+05:30,483.6499938964844,485.06785365513394,0.07589493764613191,1.42,tp
CONCOR,2026-07-09,2026-07-09 11:45:00+05:30,458.5499877929688,457.61070687430254,-0.2229023151679176,-0.94,sl
CONCOR,2026-07-10,2026-07-10 10:00:00+05:30,467.4500122070313,465.7535814557757,-0.3177470155466716,-1.7,sl
CONCOR,2026-07-20,2026-07-20 10:05:00+05:30,492.0,490.6571371895926,-0.26376375736675395,-1.34,sl
CONCOR,2026-07-22,2026-07-22 11:25:00+05:30,484.7999877929688,483.68212890625006,-0.2383488756022154,-1.12,sl
CONCOR,2026-07-27,2026-07-27 09:50:00+05:30,488.2999877929688,490.89998299734935,0.21947515085536762,2.6,tp
CONCOR,2026-07-28,2026-07-28 11:20:00+05:30,523.5999755859375,521.8856855119977,-0.29644272198691896,-1.71,sl
CONCOR,2026-07-30,2026-07-30 10:50:00+05:30,529.5,528.096418108259,-0.2590461067128675,-1.4,sl
CONCOR,2026-08-12,2026-08-12 09:50:00+05:30,521.2000122070312,522.9678693498884,0.10351386432679685,1.77,tp
CONCOR,2026-08-13,2026-08-13 09:20:00+05:30,524.4000244140625,522.1250261579241,-0.36029727119257776,-2.27,sl
CONCOR,2026-08-20,2026-08-20 11:40:00+05:30,520.5,519.5892944335938,-0.20498046875000003,-0.91,sl
COROMANDEL,2026-06-04,2026-06-04 11:20:00+05:30,1757.0999755859375,1761.4356776646205,0.04805197674322943,4.34,tp
COROMANDEL,2026-06-08,2026-06-08 10:55:00+05:30,1779.0,1783.7928641183037,0.06164803097145593,4.79,tp
COROMANDEL,2026-06-09,2026-06-09 10:00:00+05:30,1783.9000244140625,1793.8714686802455,0.23538127012890797,9.97,tp
COROMANDEL,2026-06-10,2026-06-10 10:15:00+05:30,1859.9000244140625,1856.199951171875,-0.21936361719291317,-3.7,time
COROMANDEL,2026-06-18,2026-06-18 09:20:00+05:30,2055.199951171875,2048.285670689174,-0.30185716174502336,-6.91,sl
COROMANDEL,2026-06-24,2026-06-24 11:35:00+05:30,1984.9000244140625,1981.9428885323662,-0.18938896202298966,-2.96,sl
COROMANDEL,2026-07-02,2026-07-02 10:55:00+05:30,2006.5,2000.5071498325892,-0.2792030949636914,-5.99,sl
COROMANDEL,2026-07-06,2026-07-06 11:00:00+05:30,2054.5,2050.89990234375,-0.20513792133122413,-3.6,time
COROMANDEL,2026-07-21,2026-07-21 09:30:00+05:30,2028.4000244140625,2033.1714477539062,0.04113853132757842,4.77,tp
COROMANDEL,2026-07-30,2026-07-30 11:20:00+05:30,2058.60009765625,2053.6143711635045,-0.24531408499655089,-4.99,sl
COROMANDEL,2026-08-03,2026-08-03 11:45:00+05:30,2099.5,2104.1143101283483,0.031868829578898195,4.61,tp
COROMANDEL,2026-08-14,2026-08-14 10:55:00+05:30,2103.10009765625,2098.707292829241,-0.2253237018600641,-4.39,sl
CUMMINSIND,2026-06-03,2026-06-03 11:45:00+05:30,5713.5,5698.571428571428,-0.25677155608896357,-14.93,sl
CUMMINSIND,2026-06-04,2026-06-04 09:20:00+05:30,5786.0,5814.142857142857,0.19183744012641082,28.14,tp
CUMMINSIND,2026-06-18,2026-06-18 11:35:00+05:30,5880.0,5867.321428571428,-0.22937317784256692,-12.68,sl
CUMMINSIND,2026-07-15,2026-07-15 09:15:00+05:30,5540.5,5549.785714285715,0.000558227081108283,9.29,tp
CUMMINSIND,2026-07-21,2026-07-21 11:50:00+05:30,5548.0,5556.142857142857,-0.011937377690805166,8.14,tp
CUMMINSIND,2026-07-23,2026-07-23 10:45:00+05:30,5643.0,5653.607142857143,0.012781954887220804,10.61,tp
CUMMINSIND,2026-08-04,2026-08-04 09:40:00+05:30,5584.5,5564.107142857143,-0.3191013391658005,-20.39,sl
CUMMINSIND,2026-08-17,2026-08-17 09:50:00+05:30,5449.5,5430.428571428572,-0.30997994573551824,-19.07,sl
DABUR,2026-06-04,2026-06-04 11:45:00+05:30,428.7000122070313,427.40358843122215,-0.28144488997818085,-1.3,sl
DABUR,2026-06-10,2026-06-10 09:20:00+05:30,434.1000061035156,435.30357360839844,0.06635348831519841,1.2,tp
DABUR,2026-06-25,2026-06-25 09:50:00+05:30,428.5,429.71785845075334,0.07052860453955752,1.22,tp
DABUR,2026-07-01,2026-07-01 09:20:00+05:30,430.7000122070313,431.9642944335938,0.0761247537585085,1.26,tp
DABUR,2026-07-20,2026-07-20 10:55:00+05:30,430.3999938964844,429.7142748151507,-0.19559281009171142,-0.69,sl
DABUR,2026-07-28,2026-07-28 09:25:00+05:30,430.5,431.4499969482422,0.032403755852569695,0.95,tp
DABUR,2026-07-29,2026-07-29 11:45:00+05:30,432.7999877929688,432.0107029506139,-0.20942026773796393,-0.79,sl
DABUR,2026-07-30,2026-07-30 11:35:00+05:30,425.3500061035156,424.19643511090965,-0.26272307173663073,-1.15,sl
DABUR,2026-08-13,2026-08-13 11:30:00+05:30,409.3500061035156,409.8678676060268,-0.024095053896709098,0.52,tp
DALBHARAT,2026-06-09,2026-06-09 09:40:00+05:30,1675.800048828125,1682.8643537248884,0.15292891840061867,7.06,tp
DALBHARAT,2026-06-10,2026-06-10 11:45:00+05:30,1662.800048828125,1665.7214617047991,0.005415424256200894,2.92,tp
DALBHARAT,2026-06-17,2026-06-17 09:40:00+05:30,1733.0,1726.7999965122767,-0.3146567854953241,-6.2,sl
DALBHARAT,2026-07-03,2026-07-03 09:20:00+05:30,1772.0999755859375,1777.892822265625,0.09613498423887011,5.79,tp
DALBHARAT,2026-07-07,2026-07-07 11:25:00+05:30,1786.9000244140625,1792.6500156947545,0.09307150491234091,5.75,tp
DALBHARAT,2026-07-09,2026-07-09 11:35:00+05:30,1744.199951171875,1749.6999337332588,0.08919789182502474,5.5,tp
DALBHARAT,2026-07-14,2026-07-14 11:10:00+05:30,1770.800048828125,1766.8572038922991,-0.23359537476075218,-3.94,sl
DALBHARAT,2026-07-15,2026-07-15 09:30:00+05:30,1791.199951171875,1785.207066127232,-0.30074425663272614,-5.99,sl
DALBHARAT,2026-07-22,2026-07-22 11:40:00+05:30,1869.199951171875,1866.1071254185267,-0.19927752517035746,-3.09,sl
DALBHARAT,2026-07-23,2026-07-23 09:15:00+05:30,1877.0,1881.2142682756696,0.03471289107095186,4.21,tp
DALBHARAT,2026-07-24,2026-07-24 11:45:00+05:30,1851.5999755859373,1846.785705566406,-0.2560035671746359,-4.81,sl
DALBHARAT,2026-08-03,2026-08-03 10:00:00+05:30,1827.800048828125,1834.378627232143,0.11595070231787147,6.58,tp
DEEPAKNTR,2026-06-03,2026-06-03 09:35:00+05:30,1702.0,1709.1857038225446,0.15331505837407555,7.19,tp
DEEPAKNTR,2026-06-12,2026-06-12 09:55:00+05:30,1671.199951171875,1661.4642421177455,-0.4495348015287821,-9.74,sl
DEEPAKNTR,2026-06-18,2026-06-18 09:20:00+05:30,1652.0,1656.7000122070312,0.07070262253140132,4.7,tp
DEEPAKNTR,2026-06-19,2026-06-19 10:50:00+05:30,1677.300048828125,1682.6572004045759,0.09163482098007668,5.36,tp
DEEPAKNTR,2026-07-06,2026-07-06 09:20:00+05:30,1590.800048828125,1596.6857735770088,0.12199112024994951,5.89,tp
DEEPAKNTR,2026-07-09,2026-07-09 10:10:00+05:30,1632.0,1622.27144077846,-0.45766761843897363,-9.73,sl
DEEPAKNTR,2026-07-10,2026-07-10 09:30:00+05:30,1660.0,1652.9285627092634,-0.3555941189422882,-7.07,sl
DEEPAKNTR,2026-07-14,2026-07-14 10:00:00+05:30,1679.5,1672.2642822265625,-0.3584954250707056,-7.24,sl
DEEPAKNTR,2026-07-15,2026-07-15 09:30:00+05:30,1723.199951171875,1730.7785121372767,0.16387747841733152,7.58,tp
DEEPAKNTR,2026-07-16,2026-07-16 09:25:00+05:30,1730.199951171875,1738.1642368861608,0.17618608042006428,7.96,tp
DEEPAKNTR,2026-07-21,2026-07-21 09:35:00+05:30,1715.0,1713.199951171875,-0.16297546920553937,-1.8,time
DEEPAKNTR,2026-07-27,2026-07-27 09:35:00+05:30,1678.300048828125,1684.721470424107,0.12956878064083505,6.42,tp
DEEPAKNTR,2026-07-29,2026-07-29 09:45:00+05:30,1681.199951171875,1674.2213745117188,-0.34905699010847063,-6.98,sl
DEEPAKNTR,2026-07-31,2026-07-31 09:20:00+05:30,1670.800048828125,1664.185756138393,-0.33752546671415096,-6.61,sl
DEEPAKNTR,2026-08-03,2026-08-03 09:25:00+05:30,1690.0,1698.2857142857142,0.19416737109044568,8.29,tp
DEEPAKNTR,2026-08-04,2026-08-04 10:40:00+05:30,1750.0,1743.4499773297991,-0.32457220583545804,-6.55,sl
DEEPAKNTR,2026-08-07,2026-08-07 09:15:00+05:30,1807.0,1813.8857160295759,0.12863473258137884,6.89,tp
DEEPAKNTR,2026-08-17,2026-08-17 11:40:00+05:30,1755.800048828125,1759.7643345424108,0.03546937933843887,3.96,tp
DEEPAKNTR,2026-08-18,2026-08-18 11:05:00+05:30,1779.0999755859375,1774.092808314732,-0.26886630340904716,-5.01,sl
DEEPAKNTR,2026-08-19,2026-08-19 09:25:00+05:30,1800.0,1805.9071655273438,0.09690551757812498,5.91,tp
DEVYANI,2026-06-01,2026-06-01 11:10:00+05:30,117.12999725341795,116.75285448346818,-0.2931918955656419,-0.38,sl
DEVYANI,2026-06-04,2026-06-04 10:00:00+05:30,117.0500030517578,116.4042887006487,-0.4309941055654137,-0.65,sl
DEVYANI,2026-06-15,2026-06-15 09:20:00+05:30,113.48999786376952,112.79999869210378,-0.46478941826784936,-0.69,sl
DEVYANI,2026-06-16,2026-06-16 09:15:00+05:30,120.37999725341795,119.41356876918246,-0.5816889049437421,-0.97,sl
DEVYANI,2026-06-18,2026-06-18 11:20:00+05:30,112.91000366210938,113.3650038582938,0.14178558928013862,0.46,tp
DEVYANI,2026-06-22,2026-06-22 09:55:00+05:30,118.6500015258789,119.16357367379325,0.15970778321599752,0.51,tp
DEVYANI,2026-06-30,2026-06-30 10:50:00+05:30,112.8000030517578,112.45357404436383,-0.28427074362844174,-0.35,sl
DEVYANI,2026-07-07,2026-07-07 09:20:00+05:30,115.12999725341795,114.85499681745256,-0.24331648181667867,-0.28,sl
DEVYANI,2026-07-13,2026-07-13 09:50:00+05:30,113.18000030517578,113.63857323782784,0.14310280866703082,0.46,tp
DEVYANI,2026-07-27,2026-07-27 11:30:00+05:30,115.97000122070312,116.37428719656808,0.10916752864159368,0.4,tp
DEVYANI,2026-07-29,2026-07-29 10:45:00+05:30,116.7699966430664,117.2335684640067,0.13819739707142353,0.46,tp
DEVYANI,2026-08-04,2026-08-04 09:45:00+05:30,118.45999908447266,118.980712890625,0.16374158881144063,0.52,tp
DEVYANI,2026-08-05,2026-08-05 09:50:00+05:30,122.79000091552734,122.18571526663644,-0.3952776175838403,-0.6,sl
DEVYANI,2026-08-07,2026-08-07 11:20:00+05:30,128.0,128.43928582327706,0.1059152296611222,0.44,tp
DEVYANI,2026-08-11,2026-08-11 09:20:00+05:30,136.1699981689453,135.55142865862166,-0.3725576200226707,-0.62,sl
DEVYANI,2026-08-12,2026-08-12 11:05:00+05:30,140.11000061035156,140.69285583496094,0.149598981687384,0.58,tp
DEVYANI,2026-08-13,2026-08-13 09:25:00+05:30,141.27999877929688,141.88499886648995,0.15693661909136403,0.61,tp
DEVYANI,2026-08-14,2026-08-14 09:20:00+05:30,142.83999633789062,143.69856698172433,0.26064295680996946,0.86,tp
DEVYANI,2026-08-20,2026-08-20 09:15:00+05:30,144.33999633789062,144.65214102608817,0.02975392661096019,0.31,tp
DIVISLAB,2026-06-04,2026-06-04 11:15:00+05:30,6697.5,6684.5,-0.21646136618141099,-13.0,sl
DIVISLAB,2026-06-08,2026-06-08 09:20:00+05:30,6649.0,6631.071428571428,-0.26178587542702564,-17.93,sl
DIVISLAB,2026-06-09,2026-06-09 09:35:00+05:30,6712.0,6681.357142857143,-0.37392303762982915,-30.64,sl
DIVISLAB,2026-06-16,2026-06-16 11:50:00+05:30,6658.5,6670.892857142857,0.011672513114276941,12.39,tp
DIVISLAB,2026-06-23,2026-06-23 09:25:00+05:30,6865.0,6882.428571428572,0.05232546040994809,17.43,tp
DIVISLAB,2026-07-06,2026-07-06 09:25:00+05:30,6816.0,6797.321428571428,-0.26442404426559474,-18.68,sl
DIVISLAB,2026-07-07,2026-07-07 09:35:00+05:30,6933.5,6953.142857142857,0.0699821776262224,19.64,tp
DIVISLAB,2026-07-09,2026-07-09 09:25:00+05:30,6876.0,6901.892857142857,0.12594116180503384,25.89,tp
DIVISLAB,2026-07-14,2026-07-14 09:55:00+05:30,7008.0,6985.392857142857,-0.29355430528375953,-22.61,sl
DIVISLAB,2026-07-20,2026-07-20 11:05:00+05:30,7350.0,7361.607142857143,-0.005247813411076601,11.61,tp
DIVISLAB,2026-07-22,2026-07-22 11:15:00+05:30,7394.0,7376.571428571428,-0.24142741218748898,-17.43,sl
DIVISLAB,2026-07-27,2026-07-27 09:20:00+05:30,7311.0,7328.928571428572,0.04713640893370173,17.93,tp
DIVISLAB,2026-07-28,2026-07-28 09:30:00+05:30,7446.0,7465.178571428572,0.054541268562220455,19.18,tp
DIVISLAB,2026-07-29,2026-07-29 10:35:00+05:30,7621.5,7600.035714285715,-0.268976860573,-21.46,sl
DIVISLAB,2026-07-31,2026-07-31 09:15:00+05:30,8060.5,8025.428571428572,-0.3610614371671368,-35.07,sl
DIVISLAB,2026-08-11,2026-08-11 10:45:00+05:30,8442.0,8422.82142857143,-0.2363082546451361,-19.18,sl
DIVISLAB,2026-08-14,2026-08-14 09:30:00+05:30,8558.5,8536.32142857143,-0.25548452248808073,-22.18,sl
DIVISLAB,2026-08-18,2026-08-18 09:25:00+05:30,8591.0,8611.07142857143,0.040179922510273657,20.07,tp
DIXON,2026-06-04,2026-06-04 09:20:00+05:30,11390.0,11346.07142857143,-0.33140599523391034,-43.93,sl
DIXON,2026-06-08,2026-06-08 09:55:00+05:30,11556.0,11489.857142857143,-0.4434208574395477,-66.14,sl
DIXON,2026-06-09,2026-06-09 09:20:00+05:30,11561.0,11610.142857142857,0.15504466988767515,49.14,tp
DIXON,2026-06-10,2026-06-10 11:15:00+05:30,11786.0,11752.214285714286,-0.27199583040410874,-33.79,sl
DIXON,2026-06-15,2026-06-15 09:20:00+05:30,11795.0,11757.07142857143,-0.29293889662689604,-37.93,sl
DIXON,2026-06-16,2026-06-16 09:30:00+05:30,12205.0,12150.357142857143,-0.36862527067361023,-54.64,sl
DIXON,2026-06-17,2026-06-17 09:25:00+05:30,12700.0,12788.07142857143,0.3160854893138394,88.07,tp
DIXON,2026-06-30,2026-06-30 11:50:00+05:30,11995.0,12024.785714285714,0.04899065086642982,29.79,tp
DIXON,2026-07-02,2026-07-02 09:35:00+05:30,12114.0,12078.214285714286,-0.27724474633835444,-35.79,sl
DIXON,2026-07-06,2026-07-06 09:45:00+05:30,12584.0,12631.42857142857,0.12613749886476788,47.43,tp
DIXON,2026-07-08,2026-07-08 09:40:00+05:30,13293.0,13338.642857142857,0.10601605571138291,45.64,tp
DIXON,2026-07-15,2026-07-15 11:50:00+05:30,13635.0,13613.357142857143,-0.1952380952380941,-21.64,sl
DIXON,2026-07-16,2026-07-16 09:15:00+05:30,14634.0,14529.214285714286,-0.5296257248286746,-104.79,sl
DIXON,2026-07-31,2026-07-31 11:25:00+05:30,14505.0,14471.642857142857,-0.2379819766582962,-33.36,sl
DIXON,2026-08-04,2026-08-04 09:45:00+05:30,14026.0,13973.0,-0.32672180236703263,-53.0,sl
DIXON,2026-08-05,2026-08-05 09:30:00+05:30,14114.0,14156.0,0.078546124415474,42.0,tp
DIXON,2026-08-07,2026-08-07 09:20:00+05:30,14275.0,14246.42857142857,-0.22009006755066626,-28.57,sl
DIXON,2026-08-10,2026-08-10 11:45:00+05:30,14196.0,14166.142857142857,-0.22619248882985257,-29.86,sl
DIXON,2026-08-13,2026-08-13 11:40:00+05:30,13848.0,13809.5,-0.2668110918544194,-38.5,sl
DIXON,2026-08-20,2026-08-20 09:35:00+05:30,14687.0,14743.92857142857,0.13256718769757192,56.93,tp
DLF,2026-06-01,2026-06-01 11:05:00+05:30,597.3499755859375,599.374982561384,0.10339905163234929,2.03,tp
DLF,2026-06-15,2026-06-15 09:30:00+05:30,604.6500244140625,601.2535967145648,-0.43703076778561795,-3.4,sl
DLF,2026-06-18,2026-06-18 09:25:00+05:30,631.1500244140625,629.4607282366071,-0.26059219951931456,-1.69,sl
DLF,2026-06-23,2026-06-23 10:30:00+05:30,635.2999877929688,633.7571236746652,-0.24571359810631788,-1.54,sl
DLF,2026-07-01,2026-07-01 11:55:00+05:30,634.0,635.7178475516183,0.06257232349700186,1.72,tp
DLF,2026-07-03,2026-07-03 11:45:00+05:30,670.9500122070312,672.4000156947544,0.029667199762334555,1.45,tp
DLF,2026-07-08,2026-07-08 10:50:00+05:30,664.5,662.3428475516183,-0.29477674477486954,-2.16,sl
DLF,2026-07-09,2026-07-09 11:30:00+05:30,649.0499877929688,651.2142769949777,0.10007295980715437,2.16,tp
DLF,2026-07-15,2026-07-15 09:15:00+05:30,676.5499877929688,677.971413748605,0.026059506136996376,1.42,tp
DLF,2026-07-17,2026-07-17 10:10:00+05:30,656.7999877929688,659.164284842355,0.11598329110792836,2.36,tp
DLF,2026-07-28,2026-07-28 09:40:00+05:30,662.2000122070312,660.1607230050223,-0.284774010668974,-2.04,sl
DLF,2026-07-29,2026-07-29 11:15:00+05:30,670.7999877929688,669.3285609654018,-0.23161241988761458,-1.47,sl
DLF,2026-08-05,2026-08-05 09:25:00+05:30,663.9000244140625,660.9893101283482,-0.36305595830787085,-2.91,sl
DLF,2026-08-10,2026-08-10 10:15:00+05:30,651.7999877929688,654.4571315220425,0.1445974635321133,2.66,tp
DLF,2026-08-13,2026-08-13 10:45:00+05:30,663.7999877929688,665.4285539899554,0.04720393735480784,1.63,tp
DLF,2026-08-18,2026-08-18 11:15:00+05:30,671.0,669.5464215959821,-0.22997720453215106,-1.45,sl
DLF,2026-08-20,2026-08-20 09:15:00+05:30,675.7000122070312,673.9178597586496,-0.2582494375775418,-1.78,sl
DMART,2026-06-22,2026-06-22 11:10:00+05:30,4339.5,4346.17853655134,-0.007659363272178699,6.68,tp
DMART,2026-07-06,2026-07-06 11:15:00+05:30,4050.0,4056.3785400390625,-0.00550311053240741,6.38,tp
DMART,2026-07-07,2026-07-07 09:40:00+05:30,4087.699951171875,4077.39990234375,-0.25118598162038014,-10.3,time
DMART,2026-07-16,2026-07-16 09:45:00+05:30,3981.199951171875,3971.7427978515625,-0.24252717928717088,-9.46,sl
DMART,2026-07-20,2026-07-20 11:15:00+05:30,3993.699951171875,3986.892822265625,-0.2022680069530899,-6.81,sl
DMART,2026-07-23,2026-07-23 09:15:00+05:30,4045.60009765625,4036.4072614397323,-0.23633828348743677,-9.19,sl
DMART,2026-07-27,2026-07-27 11:50:00+05:30,4058.0,4066.2928641183034,0.022615043641746296,8.29,tp
DMART,2026-07-30,2026-07-30 09:45:00+05:30,3872.89990234375,3881.9570661272323,0.04031600111329358,9.06,tp
DMART,2026-08-03,2026-08-03 10:35:00+05:30,3989.0,3978.692853655134,-0.25503353740084145,-10.31,sl
DMART,2026-08-13,2026-08-13 11:40:00+05:30,4044.199951171875,4049.5999581473216,-0.019885163335480252,5.4,tp
DMART,2026-08-14,2026-08-14 09:35:00+05:30,4079.0,4090.1642717633927,0.06422071728452064,11.16,tp
DMART,2026-08-20,2026-08-20 09:25:00+05:30,4059.199951171875,4045.364240373884,-0.30450893226873377,-13.84,sl
DRREDDY,2026-06-08,2026-06-08 09:25:00+05:30,1292.800048828125,1288.2357526506696,-0.31183304478953666,-4.56,sl
DRREDDY,2026-06-15,2026-06-15 11:55:00+05:30,1288.199951171875,1289.7713884626116,-0.026807761979476697,1.57,tp
DRREDDY,2026-06-18,2026-06-18 09:20:00+05:30,1278.800048828125,1276.2285940987724,-0.22065004525339332,-2.57,sl
DRREDDY,2026-06-23,2026-06-23 09:20:00+05:30,1310.5,1313.9857003348213,0.05958948499754282,3.49,tp
DRREDDY,2026-06-24,2026-06-24 09:20:00+05:30,1332.300048828125,1336.9286150251116,0.1084470176695349,4.63,tp
DRREDDY,2026-06-29,2026-06-29 09:40:00+05:30,1412.0,1402.82856968471,-0.48972083492734053,-9.17,sl
DRREDDY,2026-06-30,2026-06-30 11:20:00+05:30,1359.0999755859375,1356.199994768415,-0.22802505494588832,-2.9,sl
DRREDDY,2026-08-11,2026-08-11 11:15:00+05:30,1167.699951171875,1165.814252580915,-0.1968929692461224,-1.89,sl
DRREDDY,2026-08-13,2026-08-13 11:00:00+05:30,1199.0999755859375,1202.3142700195312,0.06083535146549021,3.21,tp
EICHERMOT,2026-06-03,2026-06-03 11:45:00+05:30,7133.0,7149.178571428572,0.036087801165609626,16.18,tp
EICHERMOT,2026-06-09,2026-06-09 11:15:00+05:30,7152.0,7140.285714285715,-0.1982742090124608,-11.71,sl
EICHERMOT,2026-06-15,2026-06-15 09:20:00+05:30,7423.5,7443.642857142857,0.06280345235689538,20.14,tp
EICHERMOT,2026-06-18,2026-06-18 10:40:00+05:30,7654.5,7632.392857142857,-0.27328742196467265,-22.11,sl
EICHERMOT,2026-06-25,2026-06-25 09:20:00+05:30,7676.5,7698.714285714285,0.07362823459351521,22.21,tp
EICHERMOT,2026-07-06,2026-07-06 10:25:00+05:30,7413.5,7433.25,0.05984352869764617,19.75,tp
EICHERMOT,2026-07-07,2026-07-07 09:35:00+05:30,7588.0,7563.857142857143,-0.29090292943745555,-24.14,sl
EICHERMOT,2026-07-14,2026-07-14 11:40:00+05:30,7261.0,7273.5,0.003291557636689161,12.5,tp
EICHERMOT,2026-07-15,2026-07-15 09:15:00+05:30,7350.0,7334.0,-0.2306122448979592,-16.0,sl
EICHERMOT,2026-07-20,2026-07-20 11:10:00+05:30,7552.5,7540.285714285715,-0.19703504043126377,-12.21,sl
EICHERMOT,2026-07-27,2026-07-27 11:25:00+05:30,7751.0,7768.928571428572,0.03878393571336517,17.93,tp
EICHERMOT,2026-08-03,2026-08-03 09:30:00+05:30,7955.0,7976.321428571428,0.060815300350183094,21.32,tp
EICHERMOT,2026-08-05,2026-08-05 09:35:00+05:30,7973.0,7953.642857142857,-0.24567020838186215,-19.36,sl
EICHERMOT,2026-08-07,2026-08-07 09:35:00+05:30,8024.5,8045.642857142857,0.05808728625726373,21.14,tp
EICHERMOT,2026-08-11,2026-08-11 09:25:00+05:30,8060.0,8074.821428571428,0.010333215171923878,14.82,tp
EICHERMOT,2026-08-18,2026-08-18 11:20:00+05:30,8064.0,8073.857142857143,-0.026658163265304194,9.86,tp
EICHERMOT,2026-08-20,2026-08-20 11:10:00+05:30,8042.0,8052.357142857143,-0.02272711123743012,10.36,tp
ESCORTS,2026-06-04,2026-06-04 11:45:00+05:30,2785.10009765625,2779.6072300502233,-0.2183340076857376,-5.49,sl
ESCORTS,2026-06-05,2026-06-05 09:40:00+05:30,2797.5,2788.885724748884,-0.2847565737504759,-8.61,sl
ESCORTS,2026-06-08,2026-06-08 10:55:00+05:30,2797.0,2802.607160295759,0.020282308811420624,5.61,tp
ESCORTS,2026-06-15,2026-06-15 11:35:00+05:30,2828.10009765625,2821.428693498884,-0.24153821845757395,-6.67,sl
ESCORTS,2026-06-22,2026-06-22 10:50:00+05:30,2896.699951171875,2905.87850516183,0.09011746079345076,9.18,tp
ESCORTS,2026-06-25,2026-06-25 09:30:00+05:30,3013.39990234375,3002.3856375558034,-0.31930573727131123,-11.01,sl
ESCORTS,2026-07-03,2026-07-03 11:15:00+05:30,2963.10009765625,2969.878644670759,0.0372592242807608,6.78,tp
ESCORTS,2026-07-06,2026-07-06 11:00:00+05:30,2991.0,3001.4071044921875,0.10876839502883652,10.41,tp
ESCORTS,2026-07-10,2026-07-10 11:15:00+05:30,2942.699951171875,2935.699951171875,-0.24272607026507845,-7.0,sl
ESCORTS,2026-07-13,2026-07-13 09:20:00+05:30,2974.699951171875,2966.9500034877233,-0.2563172315466368,-7.75,sl
ESCORTS,2026-07-16,2026-07-16 11:05:00+05:30,2958.699951171875,2952.8284912109375,-0.21906837579684846,-5.87,sl
ESCORTS,2026-07-20,2026-07-20 09:20:00+05:30,3010.0,3000.721418108259,-0.28495512076560015,-9.28,sl
ESCORTS,2026-07-28,2026-07-28 09:25:00+05:30,2969.89990234375,2975.564191545759,0.014433941646430212,5.66,tp
ESCORTS,2026-07-31,2026-07-31 10:15:00+05:30,3044.0,3054.664289202009,0.1102028095008356,10.66,tp
ESCORTS,2026-08-03,2026-08-03 10:45:00+05:30,3143.39990234375,3135.407069614955,-0.25256409576462674,-7.99,sl
ESCORTS,2026-08-06,2026-08-06 11:55:00+05:30,3084.39990234375,3088.4427315848216,-0.021355932387375744,4.04,tp
ESCORTS,2026-08-07,2026-08-07 11:30:00+05:30,3080.0,3074.2357177734375,-0.212291212205763,-5.76,sl
ESCORTS,2026-08-10,2026-08-10 10:15:00+05:30,3093.60009765625,3103.464372907366,0.0913164262941918,9.86,tp
ESCORTS,2026-08-14,2026-08-14 09:30:00+05:30,3111.60009765625,3105.357247488839,-0.22037890419362846,-6.24,sl
ESCORTS,2026-08-20,2026-08-20 11:05:00+05:30,3082.10009765625,3088.035888671875,0.015553502369481286,5.94,tp
EXIDEIND,2026-06-01,2026-06-01 11:05:00+05:30,392.25,390.8142852783203,-0.3196121945207935,-1.44,sl
EXIDEIND,2026-06-09,2026-06-09 11:00:00+05:30,392.9500122070313,393.8892974853516,0.04342057500567322,0.94,tp
EXIDEIND,2026-06-18,2026-06-18 10:10:00+05:30,392.1000061035156,391.2000056675502,-0.23772003396416277,-0.9,sl
EXIDEIND,2026-06-23,2026-06-23 10:15:00+05:30,387.7000122070313,388.87858363560275,0.08239433450552833,1.18,tp
EXIDEIND,2026-06-24,2026-06-24 10:10:00+05:30,385.75,384.11785670689176,-0.3538654506454817,-1.63,sl
EXIDEIND,2026-06-30,2026-06-30 09:25:00+05:30,392.25,393.51071384974887,0.0928434186996356,1.26,tp
EXIDEIND,2026-07-02,2026-07-02 09:20:00+05:30,407.1499938964844,409.1428549630302,0.19367964088229458,1.99,tp
EXIDEIND,2026-07-06,2026-07-06 09:40:00+05:30,422.8999938964844,420.7571367536272,-0.4040232452755749,-2.14,sl
EXIDEIND,2026-07-08,2026-07-08 10:25:00+05:30,418.2999877929688,416.5785566057478,-0.3469181789323423,-1.72,sl
EXIDEIND,2026-07-09,2026-07-09 11:55:00+05:30,422.2999877929688,423.24641636439736,0.03446771472215226,0.95,tp
EXIDEIND,2026-07-15,2026-07-15 09:15:00+05:30,424.5499877929688,425.9857003348215,0.1029036744506258,1.44,tp
EXIDEIND,2026-07-16,2026-07-16 09:25:00+05:30,423.8999938964844,422.7749895368304,-0.25923628816027433,-1.13,sl
EXIDEIND,2026-07-17,2026-07-17 09:25:00+05:30,429.5499877929688,431.0499877929688,0.1095215983183254,1.5,tp
EXIDEIND,2026-07-21,2026-07-21 09:40:00+05:30,447.2999877929688,448.99284580775674,0.12707686934766432,1.69,tp
EXIDEIND,2026-07-22,2026-07-22 11:20:00+05:30,442.25,440.932137625558,-0.2787942169960845,-1.32,sl
EXIDEIND,2026-07-24,2026-07-24 09:25:00+05:30,445.1000061035156,446.85357666015625,0.13638335644948996,1.75,tp
EXIDEIND,2026-07-28,2026-07-28 11:40:00+05:30,436.5,434.81428963797435,-0.3317127645396076,-1.69,sl
EXIDEIND,2026-07-30,2026-07-30 09:45:00+05:30,443.4500122070313,445.89286804199224,0.23052507850473847,2.44,tp
EXIDEIND,2026-08-03,2026-08-03 11:40:00+05:30,455.5,456.5249982561384,0.035016235715269003,1.02,tp
EXIDEIND,2026-08-05,2026-08-05 09:25:00+05:30,469.8999938964844,472.3607068743024,0.21420042687127064,2.46,tp
EXIDEIND,2026-08-06,2026-08-06 09:50:00+05:30,476.6499938964844,478.9249943324497,0.186373707974001,2.28,tp
EXIDEIND,2026-08-07,2026-08-07 09:45:00+05:30,483.75,481.23571123395647,-0.4118497694317562,-2.51,sl
EXIDEIND,2026-08-11,2026-08-11 09:55:00+05:30,491.8999938964844,494.63928004673545,0.23412720279409457,2.74,tp
FEDERALBNK,2026-06-05,2026-06-05 11:15:00+05:30,300.45001220703125,299.4285866873605,-0.30397912694380086,-1.02,sl
FEDERALBNK,2026-06-09,2026-06-09 09:40:00+05:30,309.1499938964844,310.3928549630301,0.14121515595990633,1.24,tp
FEDERALBNK,2026-06-12,2026-06-12 09:30:00+05:30,315.1000061035156,314.1785779680525,-0.27545441782576935,-0.92,sl
FEDERALBNK,2026-06-16,2026-06-16 11:30:00+05:30,318.3500061035156,317.82857840401783,-0.1982744192556874,-0.52,sl
FEDERALBNK,2026-06-17,2026-06-17 11:00:00+05:30,321.70001220703125,322.2571541922433,0.003912085310121588,0.56,tp
FEDERALBNK,2026-06-24,2026-06-24 11:20:00+05:30,323.95001220703125,323.50715201241627,-0.1820238020547358,-0.44,sl
FEDERALBNK,2026-07-13,2026-07-13 10:40:00+05:30,335.45001220703125,336.4785831996373,0.08397453364310394,1.03,tp
FEDERALBNK,2026-07-27,2026-07-27 09:20:00+05:30,357.20001220703125,356.4607260567801,-0.22418020016572326,-0.74,sl
GAIL,2026-06-05,2026-06-05 11:35:00+05:30,169.5500030517578,169.11214665004186,-0.25494770645882625,-0.44,sl
GAIL,2026-06-15,2026-06-15 10:00:00+05:30,175.89999389648438,175.92999267578125,-0.08976732904907467,0.03,time
GAIL,2026-06-22,2026-06-22 10:55:00+05:30,176.94000244140625,177.22642953055245,-0.00287314845910493,0.29,tp
GAIL,2026-06-29,2026-06-29 11:45:00+05:30,173.57000732421875,173.06572069440568,-0.27432273153198217,-0.5,sl
GAIL,2026-07-01,2026-07-01 11:30:00+05:30,174.4600067138672,174.10928889683314,-0.22061829767412536,-0.35,sl
GAIL,2026-07-02,2026-07-02 11:00:00+05:30,174.32000732421875,173.99214935302734,-0.21284693348421724,-0.33,sl
GAIL,2026-07-06,2026-07-06 11:30:00+05:30,175.3699951171875,175.1171384538923,-0.18651080698026085,-0.25,sl
GAIL,2026-07-08,2026-07-08 10:55:00+05:30,174.17999267578125,174.57356153215682,0.03557315636411426,0.39,tp
GAIL,2026-07-15,2026-07-15 10:50:00+05:30,174.47000122070312,174.105712890625,-0.225278269340058,-0.36,sl
GAIL,2026-07-16,2026-07-16 09:25:00+05:30,174.25,174.5964300973075,0.019287264496122763,0.35,tp
GAIL,2026-07-21,2026-07-21 09:45:00+05:30,175.6300048828125,175.0850056239537,-0.286186611754337,-0.54,sl
GAIL,2026-07-24,2026-07-24 11:40:00+05:30,170.83999633789062,170.41356767926897,-0.24976422422004546,-0.43,sl
GAIL,2026-07-28,2026-07-28 10:50:00+05:30,175.11000061035156,175.5414265223912,0.047824536760623496,0.43,tp
GAIL,2026-07-31,2026-07-31 10:45:00+05:30,176.25,176.63571275983537,0.031306471433317905,0.39,tp
GAIL,2026-08-18,2026-08-18 11:50:00+05:30,173.07000732421875,173.30643463134766,-0.018035258407542176,0.24,tp
GAIL,2026-08-20,2026-08-20 11:05:00+05:30,173.10000610351562,172.81500462123327,-0.19878733872900736,-0.29,sl
GLENMARK,2026-06-08,2026-06-08 09:50:00+05:30,2200.0,2189.8642926897323,-0.37642838118911803,-10.14,sl
GLENMARK,2026-06-18,2026-06-18 09:20:00+05:30,2157.0,2151.971435546875,-0.2398766190020862,-5.03,sl
GLENMARK,2026-06-19,2026-06-19 10:10:00+05:30,2176.800048828125,2183.107177734375,0.07384588657039291,6.31,tp
GLENMARK,2026-06-23,2026-06-23 09:25:00+05:30,2211.89990234375,2216.707048688616,0.030398658811971853,4.81,tp
GLENMARK,2026-06-29,2026-06-29 09:40:00+05:30,2198.199951171875,2206.2641950334823,0.12011402167418578,8.06,tp
GLENMARK,2026-07-03,2026-07-03 11:10:00+05:30,2228.5,2235.2785295758927,0.08250472270745332,6.78,tp
GLENMARK,2026-07-06,2026-07-06 09:25:00+05:30,2244.0,2238.1428745814733,-0.2566076315114097,-5.86,sl
GLENMARK,2026-07-07,2026-07-07 09:35:00+05:30,2283.0,2276.600027901786,-0.26819900389524887,-6.4,sl
GLENMARK,2026-07-10,2026-07-10 11:10:00+05:30,2298.60009765625,2303.5286167689733,0.02864836604893402,4.93,tp
GLENMARK,2026-07-23,2026-07-23 10:25:00+05:30,2219.39990234375,2212.714181082589,-0.2807440269083674,-6.69,sl
GLENMARK,2026-07-24,2026-07-24 11:45:00+05:30,2203.0,2198.9214215959823,-0.2110824803636222,-4.08,sl
GLENMARK,2026-08-04,2026-08-04 11:15:00+05:30,2238.699951171875,2233.3927699497767,-0.242239192509568,-5.31,sl
GLENMARK,2026-08-06,2026-08-06 09:30:00+05:30,2269.89990234375,2275.7427280970983,0.05444273328481207,5.84,tp
GLENMARK,2026-08-12,2026-08-12 09:25:00+05:30,2302.10009765625,2307.9715401785716,0.05302833777643017,5.87,tp
GLENMARK,2026-08-13,2026-08-13 09:20:00+05:30,2309.0,2303.385759626116,-0.2458875800922666,-5.61,sl
GMRAIRPORT,2026-06-04,2026-06-04 09:20:00+05:30,99.93000030517578,99.47428621564592,-0.37361998687370745,-0.46,sl
GMRAIRPORT,2026-06-16,2026-06-16 09:20:00+05:30,108.83999633789062,109.28356879098075,0.14452727012948563,0.44,tp
GMRAIRPORT,2026-06-17,2026-06-17 11:25:00+05:30,108.4499969482422,108.60999788556781,-0.011479423608301498,0.16,tp
GMRAIRPORT,2026-06-22,2026-06-22 11:55:00+05:30,107.9800033569336,108.10214560372488,-0.03213062993476476,0.12,tp
GMRAIRPORT,2026-06-23,2026-06-23 09:20:00+05:30,108.9000015258789,108.6764313834054,-0.22317914013272616,-0.22,sl
GMRAIRPORT,2026-06-29,2026-06-29 09:25:00+05:30,110.8000030517578,111.23785945347376,0.13710634818922893,0.44,tp
GMRAIRPORT,2026-07-13,2026-07-13 09:20:00+05:30,113.37000274658205,113.09357397896905,-0.2462973066504572,-0.28,sl
GMRAIRPORT,2026-07-20,2026-07-20 09:55:00+05:30,111.47000122070312,111.12571443830218,-0.28531628884758575,-0.34,sl
GMRAIRPORT,2026-08-14,2026-08-14 11:30:00+05:30,102.4800033569336,102.69500296456474,0.025877986292979185,0.21,tp
GMRAIRPORT,2026-08-18,2026-08-18 11:40:00+05:30,102.0500030517578,101.84143120901923,-0.22262920323448537,-0.21,sl
GODREJCP,2026-06-04,2026-06-04 11:25:00+05:30,995.5999755859376,997.9285627092635,0.040332694682244666,2.33,tp
GODREJCP,2026-06-09,2026-06-09 11:05:00+05:30,1005.7000122070312,1004.442879813058,-0.17500044021364625,-1.26,sl
GODREJCP,2026-06-30,2026-06-30 11:15:00+05:30,1018.0,1019.5928606305804,-0.006118233954004539,1.59,tp
GODREJCP,2026-07-02,2026-07-02 11:25:00+05:30,1060.5,1057.8285871233259,-0.25114075681324693,-2.67,sl
GODREJCP,2026-07-07,2026-07-07 11:50:00+05:30,1099.199951171875,1101.2356916155134,0.011121208191541007,2.04,tp
GODREJCP,2026-07-22,2026-07-22 11:15:00+05:30,1058.5999755859375,1061.0928519112724,0.041292823511833505,2.49,tp
GODREJCP,2026-07-28,2026-07-28 09:40:00+05:30,1089.5,1085.7928641183037,-0.3041561752196235,-3.71,sl
GODREJCP,2026-08-20,2026-08-20 10:10:00+05:30,942.0,940.5,-0.19554140127388533,-1.5,time
GODREJPROP,2026-06-05,2026-06-05 10:50:00+05:30,1727.5999755859375,1735.5142386300224,0.17486443005073657,7.91,tp
GODREJPROP,2026-06-15,2026-06-15 09:20:00+05:30,1760.5,1750.5071498325892,-0.44056859417474964,-9.99,sl
GODREJPROP,2026-06-23,2026-06-23 09:45:00+05:30,1811.199951171875,1816.092808314732,0.06208670300674492,4.89,tp
GODREJPROP,2026-06-24,2026-06-24 11:45:00+05:30,1811.199951171875,1806.6356549944196,-0.2512023951138763,-4.56,sl
GODREJPROP,2026-06-25,2026-06-25 09:20:00+05:30,1852.0,1845.3785749162946,-0.3145170113511465,-6.62,sl
GODREJPROP,2026-06-30,2026-06-30 10:40:00+05:30,1875.199951171875,1882.0142386300222,0.11803394738428984,6.81,tp
GODREJPROP,2026-07-03,2026-07-03 09:45:00+05:30,1998.0,1991.57856968471,-0.2928357452039063,-6.42,sl
GODREJPROP,2026-07-07,2026-07-07 11:45:00+05:30,2032.300048828125,2027.9143502371653,-0.22947985491085124,-4.39,sl
GODREJPROP,2026-07-15,2026-07-15 09:30:00+05:30,2129.300048828125,2120.8071812220983,-0.3393143496343081,-8.49,sl
GODREJPROP,2026-07-28,2026-07-28 09:20:00+05:30,2103.10009765625,2109.885811941964,0.09359176369997031,6.79,tp
GODREJPROP,2026-08-05,2026-08-05 09:20:00+05:30,2119.0,2107.221444266183,-0.4335126682534317,-11.78,sl
GODREJPROP,2026-08-19,2026-08-19 11:55:00+05:30,2003.0,1998.6071166992188,-0.23158911535041188,-4.39,sl
GODREJPROP,2026-08-20,2026-08-20 11:45:00+05:30,2021.800048828125,2025.3214634486608,0.004503349554577161,3.52,tp
GRASIM,2026-06-11,2026-06-11 11:20:00+05:30,3098.0,3104.371407645089,0.023397178407150818,6.37,tp
GRASIM,2026-06-15,2026-06-15 09:25:00+05:30,3163.0,3152.9571533203125,-0.29050610204908317,-10.04,sl
GRASIM,2026-06-19,2026-06-19 09:40:00+05:30,3161.0,3151.1642717633927,-0.2866952528302563,-9.84,sl
GRASIM,2026-06-25,2026-06-25 11:25:00+05:30,3146.0,3150.964338030134,-0.005320953017150828,4.96,tp
GRASIM,2026-06-30,2026-06-30 11:20:00+05:30,3115.0,3121.449968610491,0.024236955579279774,6.45,tp
GRASIM,2026-07-01,2026-07-01 11:40:00+05:30,3136.699951171875,3142.28564453125,0.006845285420841937,5.59,tp
GRASIM,2026-07-15,2026-07-15 09:15:00+05:30,3133.300048828125,3140.0857456752233,0.029940256113732393,6.79,tp
GRASIM,2026-07-21,2026-07-21 11:55:00+05:30,3156.10009765625,3159.385759626116,-0.03753692465636489,3.29,tp
GRASIM,2026-08-05,2026-08-05 11:00:00+05:30,3211.5,3219.7500523158483,0.054134559847702546,8.25,tp
GRASIM,2026-08-12,2026-08-12 09:25:00+05:30,3376.10009765625,3363.228672572545,-0.32875077239517997,-12.87,sl
HAL,2026-06-17,2026-06-17 09:45:00+05:30,4316.0,4305.128662109375,-0.25113073990674234,-10.87,sl
HAL,2026-06-19,2026-06-19 10:45:00+05:30,4429.0,4418.878522600447,-0.23711642446900125,-10.12,sl
HAL,2026-06-30,2026-06-30 11:20:00+05:30,4410.89990234375,4401.207135881697,-0.23184746890633107,-9.69,sl
HAL,2026-07-06,2026-07-06 09:20:00+05:30,4477.89990234375,4490.278529575893,0.06586293801249235,12.38,tp
HAL,2026-07-07,2026-07-07 11:20:00+05:30,4419.5,4410.092878069197,-0.2277129349130459,-9.41,sl
HAL,2026-07-08,2026-07-08 11:00:00+05:30,4426.60009765625,4417.314418247768,-0.22586200519986027,-9.29,sl
HAL,2026-07-10,2026-07-10 09:45:00+05:30,4441.7998046875,4452.821219308035,0.04887768614295837,11.02,tp
HAL,2026-07-16,2026-07-16 10:40:00+05:30,4446.60009765625,4456.9287109375,0.0393686824235994,10.33,tp
HAL,2026-07-17,2026-07-17 10:25:00+05:30,4495.10009765625,4480.692940848215,-0.2923048185140157,-14.41,sl
HAL,2026-07-24,2026-07-24 11:55:00+05:30,4578.0,4569.971400669643,-0.2052241065577573,-8.03,sl
HAL,2026-07-27,2026-07-27 09:30:00+05:30,4612.0,4601.100027901785,-0.24180362660296628,-10.9,sl
HAL,2026-07-31,2026-07-31 10:10:00+05:30,4662.5,4646.878522600447,-0.30102705500765825,-15.62,sl
HAL,2026-08-06,2026-08-06 09:20:00+05:30,4805.2998046875,4824.864118303572,0.14428419967037462,19.56,tp
HAL,2026-08-17,2026-08-17 09:20:00+05:30,5145.0,5126.378627232143,-0.31715886609745636,-18.62,sl
HAVELLS,2026-06-23,2026-06-23 09:55:00+05:30,1190.0,1192.5643048967634,0.029292683870421523,2.56,tp
HAVELLS,2026-06-30,2026-06-30 11:15:00+05:30,1155.0,1152.6785539899554,-0.2205945979243953,-2.32,sl
HAVELLS,2026-07-06,2026-07-06 10:35:00+05:30,1189.0,1186.5642874581474,-0.22291232339037415,-2.44,sl
HAVELLS,2026-07-07,2026-07-07 10:05:00+05:30,1193.0,1196.11430140904,0.05662873809086746,3.11,tp
HAVELLS,2026-07-23,2026-07-23 09:50:00+05:30,1213.0,1216.7999965122767,0.08796355378120631,3.8,tp
HAVELLS,2026-07-24,2026-07-24 11:20:00+05:30,1227.199951171875,1230.1070992606026,0.042135668402764864,2.91,tp
HAVELLS,2026-07-27,2026-07-27 09:20:00+05:30,1243.0,1246.528564453125,0.07032491326427995,3.53,tp
HAVELLS,2026-07-29,2026-07-29 10:30:00+05:30,1240.4000244140625,1243.5000261579241,0.04995170990871327,3.1,tp
HAVELLS,2026-08-14,2026-08-14 11:55:00+05:30,1274.199951171875,1272.5428118024554,-0.17803199338826914,-1.66,sl
HAVELLS,2026-08-20,2026-08-20 11:35:00+05:30,1283.0,1280.7142769949776,-0.2068927360104015,-2.29,sl
HCLTECH,2026-07-02,2026-07-02 09:20:00+05:30,1074.5999755859375,1075.0,-0.07766474465936692,0.4,time
HCLTECH,2026-07-03,2026-07-03 11:00:00+05:30,1143.5,1147.9285801478795,0.13236974977942434,4.43,tp
HCLTECH,2026-07-07,2026-07-07 10:20:00+05:30,1157.9000244140625,1152.4285801478795,-0.3835189990924326,-5.47,sl
HCLTECH,2026-07-13,2026-07-13 10:30:00+05:30,1188.5999755859375,1184.3499494280134,-0.314539436911684,-4.25,sl
HCLTECH,2026-07-15,2026-07-15 09:20:00+05:30,1175.0,1180.3285871233259,0.1720980658719588,5.33,tp
HCLTECH,2026-07-21,2026-07-21 11:50:00+05:30,1235.0,1232.4071480887276,-0.22596851390797174,-2.59,sl
HCLTECH,2026-07-23,2026-07-23 10:45:00+05:30,1244.699951171875,1242.3142264229912,-0.2150024026258388,-2.39,sl
HCLTECH,2026-07-27,2026-07-27 09:35:00+05:30,1295.0,1299.6285836356026,0.11445175145649022,4.63,tp
HCLTECH,2026-07-28,2026-07-28 09:40:00+05:30,1327.199951171875,1322.5428205217634,-0.3105393680582738,-4.66,sl
HCLTECH,2026-08-11,2026-08-11 09:55:00+05:30,1379.5,1374.9285801478795,-0.2988294245213688,-4.57,sl
HCLTECH,2026-08-13,2026-08-13 11:50:00+05:30,1367.800048828125,1369.6428833007812,-0.01916211111842927,1.84,tp
HDFCAMC,2026-06-25,2026-06-25 10:55:00+05:30,2691.0,2685.0999755859375,-0.23155015415969896,-5.9,sl
HDFCAMC,2026-07-01,2026-07-01 11:45:00+05:30,2719.0,2712.957188197545,-0.2333463435628208,-6.04,sl
HDFCAMC,2026-07-06,2026-07-06 09:45:00+05:30,2836.0,2826.707188197545,-0.29660391683614584,-9.29,sl
HDFCAMC,2026-07-15,2026-07-15 11:25:00+05:30,2716.60009765625,2711.7143903459823,-0.20790783629470114,-4.89,sl
HDFCAMC,2026-07-27,2026-07-27 09:45:00+05:30,2552.89990234375,2549.300048828125,-0.18460622006338914,-3.6,time
HDFCAMC,2026-07-31,2026-07-31 09:15:00+05:30,2567.0,2571.585693359375,0.007184106568952067,4.59,tp
HDFCAMC,2026-08-10,2026-08-10 11:50:00+05:30,2570.699951171875,2564.321446010045,-0.24887397089471608,-6.38,sl
HDFCAMC,2026-08-17,2026-08-17 11:00:00+05:30,2530.39990234375,2524.042811802455,-0.25073721435271945,-6.36,sl
HDFCAMC,2026-08-19,2026-08-19 10:35:00+05:30,2538.199951171875,2531.799961635045,-0.251288070127225,-6.4,sl
HDFCAMC,2026-08-20,2026-08-20 10:10:00+05:30,2582.0,2589.2571323939733,0.06863979226893753,7.26,tp
HDFCBANK,2026-06-11,2026-06-11 11:40:00+05:30,746.4000244140625,747.8107604980469,0.013403218475923424,1.41,tp
HDFCBANK,2026-06-16,2026-06-16 11:40:00+05:30,786.0,787.0071411132812,-0.023118998986164124,1.01,tp
HDFCBANK,2026-06-18,2026-06-18 09:40:00+05:30,798.0499877929688,799.7821393694196,0.03022880292808557,1.73,tp
HDFCBANK,2026-06-23,2026-06-23 09:55:00+05:30,790.75,789.3821498325893,-0.20378882079625663,-1.37,sl
HDFCBANK,2026-06-24,2026-06-24 11:00:00+05:30,788.4500122070312,789.8607308523996,0.007353817504759702,1.41,tp
HDFCBANK,2026-06-25,2026-06-25 09:20:00+05:30,800.0,798.1714346749442,-0.2371423993791865,-1.83,sl
HDFCBANK,2026-07-01,2026-07-01 11:55:00+05:30,801.0,802.0178571428571,-0.02375601926163967,1.02,tp
HDFCBANK,2026-07-06,2026-07-06 09:30:00+05:30,817.6500244140625,819.789311000279,0.05698305062116443,2.14,tp
HDFCBANK,2026-07-15,2026-07-15 09:15:00+05:30,813.9000244140625,815.425027029855,0.012421862885948114,1.53,tp
HDFCLIFE,2026-06-05,2026-06-05 09:20:00+05:30,585.6500244140625,583.9464590890067,-0.27453071841944054,-1.7,sl
HDFCLIFE,2026-06-23,2026-06-23 10:20:00+05:30,601.6500244140625,600.1285923549107,-0.25172595336967196,-1.52,sl
HDFCLIFE,2026-07-07,2026-07-07 10:45:00+05:30,567.9000244140625,569.1000279017857,0.026783247346532507,1.2,tp
HDFCLIFE,2026-07-22,2026-07-22 11:45:00+05:30,555.9500122070312,555.1285836356027,-0.18865134131404554,-0.82,sl
HDFCLIFE,2026-07-24,2026-07-24 11:40:00+05:30,554.7000122070312,555.5785827636719,-0.004968032741338923,0.88,tp
HDFCLIFE,2026-08-10,2026-08-10 11:15:00+05:30,535.3499755859375,534.6642630440848,-0.17685206759583985,-0.69,sl
HDFCLIFE,2026-08-17,2026-08-17 09:30:00+05:30,541.2000122070312,542.4285888671875,0.036205835082605525,1.23,tp
HEROMOTOCO,2026-06-09,2026-06-09 10:55:00+05:30,4828.10009765625,4817.457310267857,-0.23226056427735883,-10.64,sl
HEROMOTOCO,2026-06-10,2026-06-10 09:25:00+05:30,4929.2001953125,4914.593052455357,-0.2778034035343179,-14.61,sl
HEROMOTOCO,2026-06-15,2026-06-15 09:50:00+05:30,5066.7998046875,5048.464076450893,-0.3171279183319274,-18.34,sl
HEROMOTOCO,2026-06-23,2026-06-23 11:20:00+05:30,5005.7001953125,4995.814488002232,-0.21849340061786457,-9.89,sl
HEROMOTOCO,2026-06-25,2026-06-25 09:20:00+05:30,5022.89990234375,5005.749860491072,-0.3048622371870402,-17.15,sl
HEROMOTOCO,2026-07-06,2026-07-06 11:10:00+05:30,4919.2998046875,4908.006975446428,-0.23773703196919432,-11.29,sl
HEROMOTOCO,2026-07-07,2026-07-07 10:05:00+05:30,4985.89990234375,5000.171247209822,0.07174044981564448,14.27,tp
HEROMOTOCO,2026-07-23,2026-07-23 10:05:00+05:30,5112.10009765625,5132.485735212053,0.1392633614331965,20.39,tp
HEROMOTOCO,2026-07-30,2026-07-30 09:25:00+05:30,5260.89990234375,5282.314208984375,0.1442278739926397,21.41,tp
HEROMOTOCO,2026-08-04,2026-08-04 09:30:00+05:30,5515.5,5497.142857142857,-0.2996969579237761,-18.36,sl
HEROMOTOCO,2026-08-05,2026-08-05 10:15:00+05:30,5695.5,5672.5,-0.34229654990782193,-23.0,sl
HEROMOTOCO,2026-08-07,2026-08-07 09:35:00+05:30,5692.5,5721.142857142857,0.20190099755316876,28.64,tp
HEROMOTOCO,2026-08-10,2026-08-10 09:25:00+05:30,5913.0,5886.75,-0.3663622526636225,-26.25,sl
HEROMOTOCO,2026-08-11,2026-08-11 09:30:00+05:30,5921.0,5901.607142857143,-0.29651603252346104,-19.39,sl
HEROMOTOCO,2026-08-20,2026-08-20 11:35:00+05:30,5721.5,5715.5,-0.1629205627894783,-6.0,sl
HFCL,2026-06-03,2026-06-03 11:25:00+05:30,197.8999938964844,197.1414239065988,-0.32998585546669607,-0.76,sl
HFCL,2026-06-09,2026-06-09 09:15:00+05:30,177.9600067138672,177.48643602643693,-0.2596664428738814,-0.47,sl
HFCL,2026-06-18,2026-06-18 11:35:00+05:30,199.6300048828125,199.6300048828125,-0.1,0.0,time
HFCL,2026-06-24,2026-06-24 11:50:00+05:30,203.5,202.4335708618164,-0.4144262815283323,-1.07,sl
HFCL,2026-06-25,2026-06-25 09:20:00+05:30,215.0,213.6249989100865,-0.4837212343944641,-1.38,sl
HFCL,2026-07-09,2026-07-09 09:45:00+05:30,215.1499938964844,213.87856619698664,-0.4545696682964784,-1.27,sl
HFCL,2026-07-15,2026-07-15 09:15:00+05:30,220.19000244140625,221.71857452392578,0.316523565712651,1.53,tp
HFCL,2026-07-21,2026-07-21 09:45:00+05:30,214.83999633789065,213.26499720982144,-0.5398619870367491,-1.57,sl
HFCL,2026-07-22,2026-07-22 11:25:00+05:30,224.57000732421875,222.9242935180664,-0.539697311077621,-1.65,sl
HFCL,2026-07-28,2026-07-28 11:35:00+05:30,185.3999938964844,185.81213814871654,0.033380021294581265,0.41,tp
HFCL,2026-08-03,2026-08-03 09:20:00+05:30,201.5800018310547,202.29643031529017,0.11324391637894367,0.72,tp
HFCL,2026-08-10,2026-08-10 10:40:00+05:30,214.1000061035156,215.15429142543246,0.19545594353896278,1.05,tp
HFCL,2026-08-18,2026-08-18 09:20:00+05:30,225.3999938964844,226.5778492518834,0.21353737017577837,1.18,tp
HINDALCO,2026-06-17,2026-06-17 09:40:00+05:30,988.2999877929688,984.4999912806919,-0.33069897151953825,-3.8,sl
HINDALCO,2026-06-18,2026-06-18 09:20:00+05:30,1013.7999877929688,1010.8285391671318,-0.27586005099323985,-2.97,sl
HINDALCO,2026-07-08,2026-07-08 09:40:00+05:30,976.9000244140624,973.9500252859932,-0.2811853242508763,-2.95,sl
HINDALCO,2026-07-14,2026-07-14 09:30:00+05:30,987.3499755859376,983.2928292410716,-0.34654761402865464,-4.06,sl
HINDALCO,2026-07-23,2026-07-23 09:20:00+05:30,962.5,960.5250069754464,-0.223116448283858,-1.97,sl
HINDALCO,2026-08-03,2026-08-03 11:50:00+05:30,990.7999877929688,989.403555733817,-0.18456391257708676,-1.4,sl
HINDALCO,2026-08-11,2026-08-11 10:25:00+05:30,1068.1500244140625,1065.2750069754463,-0.26149514803559193,-2.88,sl
HINDALCO,2026-08-17,2026-08-17 11:40:00+05:30,1043.050048828125,1040.9357648577009,-0.2216212379913824,-2.11,sl
HINDPETRO,2026-06-12,2026-06-12 09:20:00+05:30,380.1499938964844,378.02141898018976,-0.4359581665874064,-2.13,sl
HINDPETRO,2026-06-23,2026-06-23 09:40:00+05:30,399.2999877929688,397.999993460519,-0.2953410025833228,-1.3,sl
HINDPETRO,2026-06-30,2026-06-30 11:45:00+05:30,392.9500122070313,393.67144339425226,0.010156177347188097,0.72,tp
HINDPETRO,2026-07-02,2026-07-02 09:20:00+05:30,399.75,400.8107125418527,0.05920638526869715,1.06,tp
HINDPETRO,2026-07-16,2026-07-16 09:30:00+05:30,399.2000122070313,400.2392992292132,0.05620545947923042,1.04,tp
HINDPETRO,2026-07-24,2026-07-24 11:40:00+05:30,378.0,376.88571384974887,-0.2768708175001798,-1.11,sl
HINDPETRO,2026-07-27,2026-07-27 10:15:00+05:30,391.7000122070313,393.55358450753357,0.1839273284764516,1.85,tp
HINDPETRO,2026-08-06,2026-08-06 11:50:00+05:30,396.6000061035156,397.2857208251953,0.0037389880675963447,0.69,tp
HINDPETRO,2026-08-10,2026-08-10 11:20:00+05:30,396.0,395.3392878941127,-0.20010789483140679,-0.66,sl
HINDPETRO,2026-08-19,2026-08-19 11:05:00+05:30,367.0,367.5785740443638,-0.005410237978671845,0.58,tp
HINDUNILVR,2026-07-22,2026-07-22 11:10:00+05:30,2144.89990234375,2148.407052176339,-0.0018933285765849843,3.51,tp
HINDUNILVR,2026-07-29,2026-07-29 09:35:00+05:30,2088.0,2077.871425083705,-0.3910510033418057,-10.13,sl
HINDUNILVR,2026-08-13,2026-08-13 11:35:00+05:30,2070.10009765625,2072.80721609933,-0.021536592955718265,2.71,tp
HINDUNILVR,2026-08-20,2026-08-20 09:20:00+05:30,2040.0,2036.0285470145088,-0.21680744074974023,-3.97,sl
HINDZINC,2026-06-09,2026-06-09 11:40:00+05:30,566.8499755859375,568.3392551967075,0.05763743582036277,1.49,tp
HINDZINC,2026-06-17,2026-06-17 09:55:00+05:30,566.7999877929688,565.1928449358259,-0.27012804076452307,-1.61,sl
HINDZINC,2026-07-06,2026-07-06 09:40:00+05:30,543.6500244140625,542.0178789411273,-0.28013193043017,-1.63,sl
HINDZINC,2026-07-08,2026-07-08 09:55:00+05:30,536.4000244140625,538.5035879952567,0.13529792902138787,2.1,tp
HINDZINC,2026-07-15,2026-07-15 09:15:00+05:30,535.9000244140625,534.6000191824777,-0.2455501219287526,-1.3,sl
HINDZINC,2026-07-20,2026-07-20 11:15:00+05:30,527.1500244140625,528.1178850446429,0.010161500797370025,0.97,tp
HINDZINC,2026-07-21,2026-07-21 11:35:00+05:30,531.6500244140625,532.7071751185825,0.019306008386077454,1.06,tp
HINDZINC,2026-07-23,2026-07-23 09:20:00+05:30,538.0,539.2892804827009,0.04378592743875766,1.29,tp
HINDZINC,2026-08-04,2026-08-04 09:25:00+05:30,558.0499877929688,556.3499843052456,-0.28277969983798484,-1.7,sl
HINDZINC,2026-08-13,2026-08-13 10:10:00+05:30,594.5499877929688,592.0928301130023,-0.34796815040777745,-2.46,sl
HINDZINC,2026-08-17,2026-08-17 11:30:00+05:30,575.25,573.710715157645,-0.26055122214914833,-1.54,sl
ICICIBANK,2026-06-04,2026-06-04 10:45:00+05:30,1254.5999755859375,1251.5142560686384,-0.24757147667843743,-3.09,sl
ICICIBANK,2026-06-10,2026-06-10 10:50:00+05:30,1296.800048828125,1299.5857805524554,0.028889495038857953,2.79,tp
ICICIBANK,2026-06-11,2026-06-11 10:15:00+05:30,1317.199951171875,1321.978550502232,0.11767079445026067,4.78,tp
ICICIBANK,2026-07-01,2026-07-01 11:45:00+05:30,1378.9000244140625,1380.7500261579241,-0.0195009771075566,1.85,tp
ICICIGI,2026-06-09,2026-06-09 09:20:00+05:30,1786.0999755859375,1793.0785522460938,0.13442954220522504,6.98,tp
ICICIGI,2026-07-01,2026-07-01 10:35:00+05:30,1755.0,1759.9357299804688,0.06874290531517092,4.94,tp
ICICIGI,2026-07-21,2026-07-21 11:10:00+05:30,1621.9000244140625,1619.6643240792412,-0.182706713157453,-2.24,sl
ICICIGI,2026-07-23,2026-07-23 10:50:00+05:30,1596.5999755859375,1600.7071097237724,0.05434551674702256,4.11,tp
ICICIPRULI,2026-06-05,2026-06-05 09:30:00+05:30,486.2000122070313,484.68930053710943,-0.2864308883577639,-1.51,sl
ICICIPRULI,2026-06-15,2026-06-15 10:55:00+05:30,485.0,486.1035679408482,0.03652386897091411,1.1,tp
ICICIPRULI,2026-06-16,2026-06-16 10:30:00+05:30,490.6000061035156,491.500008719308,0.010069621434432328,0.9,tp
ICICIPRULI,2026-06-17,2026-06-17 09:45:00+05:30,495.8500061035156,497.11429268973217,0.05298415698144869,1.26,tp
ICICIPRULI,2026-06-18,2026-06-18 10:50:00+05:30,510.0499877929688,510.9892730712891,0.0104933203568555,0.94,tp
ICICIPRULI,2026-07-07,2026-07-07 09:20:00+05:30,488.9500122070313,487.93215070452015,-0.2249037501297989,-1.02,sl
ICICIPRULI,2026-07-08,2026-07-08 11:00:00+05:30,491.2000122070313,489.71430097307484,-0.28147938074524315,-1.49,sl
ICICIPRULI,2026-07-10,2026-07-10 09:30:00+05:30,499.2999877929688,500.6107003348215,0.05750601729189375,1.31,tp
ICICIPRULI,2026-07-20,2026-07-20 11:00:00+05:30,500.1000061035156,501.16429138183594,0.02768869410091745,1.06,tp
ICICIPRULI,2026-07-23,2026-07-23 11:00:00+05:30,499.7000122070313,500.40358843122215,-0.015520167259951092,0.7,tp
ICICIPRULI,2026-07-27,2026-07-27 10:40:00+05:30,509.3500061035156,508.1571524483817,-0.24051480995465266,-1.19,sl
ICICIPRULI,2026-07-31,2026-07-31 11:10:00+05:30,514.8499755859375,513.8821236746652,-0.21279230344771616,-0.97,sl
ICICIPRULI,2026-08-13,2026-08-13 11:45:00+05:30,507.0,507.6142817905971,-0.02730393010685325,0.61,tp
ICICIPRULI,2026-08-14,2026-08-14 10:45:00+05:30,508.0499877929688,507.2714146205358,-0.19194841347977326,-0.78,sl
ICICIPRULI,2026-08-18,2026-08-18 10:30:00+05:30,509.3999938964844,510.40357099260603,0.018206962090258412,1.0,tp
ICICIPRULI,2026-08-19,2026-08-19 11:55:00+05:30,499.1499938964844,499.73213849748885,-0.030023687293659503,0.58,tp
ICICIPRULI,2026-08-20,2026-08-20 10:00:00+05:30,504.75,504.7999877929688,-0.09405791465452519,0.05,time
IDEA,2026-06-11,2026-06-11 10:15:00+05:30,14.229999542236328,14.149999618530273,-0.4373152197311268,-0.08,sl
IDEA,2026-06-12,2026-06-12 11:50:00+05:30,14.699999809265137,14.7457138470241,0.08658791164126298,0.05,tp
IDEA,2026-07-01,2026-07-01 11:40:00+05:30,14.829999923706056,14.769285815102716,-0.34564035973980445,-0.06,sl
IDEA,2026-07-08,2026-07-08 09:25:00+05:30,14.050000190734863,14.110714299338204,0.15927732859410695,0.06,tp
IDEA,2026-07-10,2026-07-10 10:40:00+05:30,14.220000267028809,14.25714295251029,0.05672018896202787,0.04,tp
IDEA,2026-07-14,2026-07-14 09:20:00+05:30,14.109999656677246,14.062856810433525,-0.30046568699133325,-0.05,sl
IDEA,2026-07-15,2026-07-15 09:15:00+05:30,14.0,13.948571273258754,-0.32040882889105565,-0.05,sl
IDEA,2026-07-17,2026-07-17 10:40:00+05:30,13.989999771118164,13.937856878553118,-0.3236292784194015,-0.05,sl
IDEA,2026-08-10,2026-08-10 11:10:00+05:30,12.949999809265137,12.915713855198453,-0.25885384357529007,-0.03,sl
IDEA,2026-08-12,2026-08-12 09:45:00+05:30,13.369999885559082,13.455714089529854,0.2846561168486706,0.09,tp
IDEA,2026-08-14,2026-08-14 09:35:00+05:30,13.670000076293944,13.713571548461912,0.09124274436631029,0.04,tp
IDFCFIRSTB,2026-06-09,2026-06-09 09:20:00+05:30,73.4000015258789,73.76143155779157,0.19544688642974803,0.36,tp
IDFCFIRSTB,2026-06-15,2026-06-15 11:00:00+05:30,78.0999984741211,78.34571184430804,0.08876827783936511,0.25,tp
IDFCFIRSTB,2026-06-22,2026-06-22 11:10:00+05:30,79.56999969482422,79.7278562273298,0.01903219789695012,0.16,tp
IDFCFIRSTB,2026-06-24,2026-06-24 11:50:00+05:30,79.1500015258789,78.97214453560966,-0.23482525850193142,-0.18,sl
IDFCFIRSTB,2026-06-30,2026-06-30 11:55:00+05:30,78.9800033569336,78.9000015258789,-0.1607762681597791,-0.08,time
IDFCFIRSTB,2026-07-02,2026-07-02 11:45:00+05:30,78.9800033569336,79.1035761151995,-0.006123509992183565,0.12,tp
IDFCFIRSTB,2026-07-09,2026-07-09 11:30:00+05:30,79.1500015258789,79.37642996651786,0.07164505592454487,0.23,tp
IDFCFIRSTB,2026-07-30,2026-07-30 11:30:00+05:30,84.76000213623047,84.54571696690151,-0.25168841240793055,-0.21,sl
IDFCFIRSTB,2026-08-03,2026-08-03 10:10:00+05:30,86.37999725341797,86.10499736240932,-0.2910163693581961,-0.27,sl
IDFCFIRSTB,2026-08-13,2026-08-13 11:35:00+05:30,86.1500015258789,86.2564310346331,-0.025876141472462828,0.11,tp
IDFCFIRSTB,2026-08-18,2026-08-18 11:50:00+05:30,85.1500015258789,85.24642944335938,-0.03205314215913743,0.1,tp
IDFCFIRSTB,2026-08-19,2026-08-19 11:50:00+05:30,85.52999877929688,85.38285555158343,-0.20322218857488838,-0.15,sl
IDFCFIRSTB,2026-08-20,2026-08-20 10:00:00+05:30,86.18000030517578,86.35714449201312,0.023330832822032223,0.18,tp
IEX,2026-06-04,2026-06-04 09:20:00+05:30,125.05999755859376,125.47214072091239,0.09773380954634774,0.41,tp
IEX,2026-06-16,2026-06-16 09:25:00+05:30,124.20999908447266,123.88428497314453,-0.257337145348474,-0.33,sl
IEX,2026-06-17,2026-06-17 09:25:00+05:30,124.29000091552734,124.03285762241909,-0.22413386010819428,-0.26,sl
IEX,2026-06-18,2026-06-18 10:20:00+05:30,125.0999984741211,124.79142652239118,-0.24799614172357473,-0.31,sl
IEX,2026-06-22,2026-06-22 09:20:00+05:30,124.70999908447266,124.35214233398438,-0.27217067746711443,-0.36,sl
IEX,2026-06-25,2026-06-25 10:30:00+05:30,126.87000274658205,126.51214490618027,-0.26923993031666515,-0.36,sl
IEX,2026-06-30,2026-06-30 11:30:00+05:30,125.0,125.26857049124581,0.028913835797989115,0.27,tp
IEX,2026-07-06,2026-07-06 11:45:00+05:30,124.0500030517578,123.86500440325054,-0.1894793924817912,-0.18,sl
IEX,2026-07-15,2026-07-15 09:15:00+05:30,119.45999908447266,119.17785481044224,-0.24170983234190627,-0.28,sl
IEX,2026-07-20,2026-07-20 10:55:00+05:30,123.1999969482422,123.58999633789062,0.08993477239074935,0.39,time
IEX,2026-07-24,2026-07-24 11:50:00+05:30,124.38999938964844,124.88857105800084,0.14048798334211804,0.5,tp
IEX,2026-07-27,2026-07-27 09:45:00+05:30,127.19000244140624,126.52071653093608,-0.4157257163094138,-0.67,sl
IEX,2026-07-28,2026-07-28 09:20:00+05:30,130.2100067138672,129.5892927987235,-0.38602129627764326,-0.62,sl
IEX,2026-08-04,2026-08-04 11:35:00+05:30,129.36000061035156,129.05785914829798,-0.24013982403896456,-0.3,sl
IEX,2026-08-11,2026-08-11 11:55:00+05:30,126.18000030517578,126.01428604125977,-0.17879898407761446,-0.17,sl
IEX,2026-08-17,2026-08-17 11:45:00+05:30,124.5500030517578,124.39928872244697,-0.1726042516024023,-0.15,sl
IGL,2026-06-04,2026-06-04 09:50:00+05:30,162.94000244140625,162.32857404436385,-0.32514854101426965,-0.61,sl
IGL,2026-06-05,2026-06-05 09:35:00+05:30,164.39999389648438,163.80856214250838,-0.31585101311441494,-0.59,sl
IGL,2026-06-15,2026-06-15 11:15:00+05:30,168.0,168.3614283970424,0.029081570372286647,0.36,tp
IGL,2026-06-17,2026-06-17 11:50:00+05:30,172.6999969482422,173.20142582484655,0.07420806675102905,0.5,tp
IGL,2026-06-22,2026-06-22 11:25:00+05:30,169.8000030517578,170.11786215645927,0.012317702822855527,0.32,tp
IGL,2026-06-25,2026-06-25 09:30:00+05:30,170.08999633789062,170.85928235735213,0.1713690526278639,0.77,tp
IGL,2026-07-16,2026-07-16 09:15:00+05:30,153.97000122070312,154.28714316231864,0.023585869624403382,0.32,tp
IGL,2026-07-28,2026-07-28 09:35:00+05:30,152.00999450683594,152.44999367850167,0.07367246400865265,0.44,tp
IGL,2026-07-29,2026-07-29 09:45:00+05:30,152.25999450683594,151.74356624058314,-0.3035051694013886,-0.52,sl
IGL,2026-08-03,2026-08-03 09:45:00+05:30,154.25,154.7142835344587,0.08059651259333597,0.46,tp
IGL,2026-08-06,2026-08-06 11:50:00+05:30,155.10000610351562,154.84714835030692,-0.19781730880394974,-0.25,sl
IGL,2026-08-12,2026-08-12 09:45:00+05:30,154.4600067138672,153.90857805524553,-0.31420249954145063,-0.55,sl
IGL,2026-08-19,2026-08-19 09:15:00+05:30,156.5,155.7278594970703,-0.396028307832468,-0.77,sl
INDHOTEL,2026-06-09,2026-06-09 11:40:00+05:30,662.4000244140625,663.7571716308594,0.02292999699062782,1.36,tp
INDHOTEL,2026-06-10,2026-06-10 11:05:00+05:30,676.25,674.7357134137835,-0.23435444757558466,-1.51,sl
INDHOTEL,2026-06-18,2026-06-18 09:35:00+05:30,704.75,706.3071376255581,0.03256936152321399,1.56,tp
INDHOTEL,2026-07-14,2026-07-14 11:30:00+05:30,736.0,734.4571358816964,-0.2257769661660507,-1.54,sl
INDHOTEL,2026-07-15,2026-07-15 10:25:00+05:30,744.7000122070312,742.6750183105469,-0.26315245306493273,-2.02,sl
INDHOTEL,2026-07-17,2026-07-17 10:10:00+05:30,736.75,739.4214303152902,0.11755794898868228,2.67,tp
INDHOTEL,2026-07-24,2026-07-24 11:15:00+05:30,722.9500122070312,721.0821489606585,-0.2550201160384933,-1.87,sl
INDHOTEL,2026-07-28,2026-07-28 11:10:00+05:30,741.4000244140625,739.9928763253348,-0.21387764033375484,-1.41,sl
INDHOTEL,2026-07-31,2026-07-31 09:20:00+05:30,756.3499755859375,754.5071193150112,-0.24619075801505613,-1.84,sl
INDHOTEL,2026-08-03,2026-08-03 11:55:00+05:30,746.3499755859375,747.5785522460938,-0.001233198873619814,1.23,tp
INDIAMART,2026-06-04,2026-06-04 11:40:00+05:30,1998.800048828125,1994.2857666015625,-0.23550976935014112,-4.51,sl
INDIAMART,2026-06-05,2026-06-05 10:00:00+05:30,2007.5999755859373,2001.6285487583702,-0.2784646413683347,-5.97,sl
INDIAMART,2026-06-12,2026-06-12 11:30:00+05:30,2013.5,2010.0785696847097,-0.20195471513157118,-3.42,sl
INDIAMART,2026-06-16,2026-06-16 09:20:00+05:30,2083.39990234375,2089.678484235491,0.08081738080176817,6.28,tp
INDIAMART,2026-06-30,2026-06-30 11:25:00+05:30,1926.5,1922.7999877929688,-0.2152352620928497,-3.7,sl
INDIAMART,2026-07-07,2026-07-07 10:35:00+05:30,1932.0,1938.2928466796875,0.09543002110830745,6.29,tp
INDIAMART,2026-07-13,2026-07-13 10:50:00+05:30,1949.9000244140625,1944.5714285714284,-0.2639652015769972,-5.33,sl
INDIAMART,2026-07-15,2026-07-15 11:05:00+05:30,1940.9000244140625,1935.3071725027903,-0.27289459037316305,-5.59,sl
INDIAMART,2026-07-16,2026-07-16 09:30:00+05:30,1978.0,1967.8214111328125,-0.40875395957090493,-10.18,sl
INDIAMART,2026-07-20,2026-07-20 09:25:00+05:30,1930.0,1937.2999877929688,0.12694262568814768,7.3,tp
INDIAMART,2026-08-07,2026-08-07 11:00:00+05:30,1760.0999755859375,1764.0928431919642,0.03611275477794929,3.99,tp
INDIAMART,2026-08-10,2026-08-10 09:20:00+05:30,1790.0,1784.4214041573662,-0.28699203941789375,-5.58,sl
INDIAMART,2026-08-12,2026-08-12 11:35:00+05:30,1777.300048828125,1779.992911202567,-0.009091465690863403,2.69,tp
INDIANB,2026-06-05,2026-06-05 11:05:00+05:30,855.0,850.8499930245536,-0.3912285596804522,-4.15,sl
INDIANB,2026-06-09,2026-06-09 10:50:00+05:30,858.9000244140625,861.4321681431362,0.07688743675152127,2.53,tp
INDIANB,2026-06-17,2026-06-17 09:40:00+05:30,859.5,857.6357029506138,-0.2301429004807127,-1.86,sl
INDIANB,2026-06-24,2026-06-24 11:45:00+05:30,853.0,851.0357055664062,-0.2381684244028429,-1.96,sl
INDIANB,2026-07-15,2026-07-15 09:15:00+05:30,843.6500244140625,846.1036028180804,0.07449736262772934,2.45,tp
INDIANB,2026-07-20,2026-07-20 11:00:00+05:30,852.2000122070312,849.4392874581473,-0.29437160591449946,-2.76,sl
INDIANB,2026-07-23,2026-07-23 09:15:00+05:30,830.0,831.9607195172991,0.04173876028668478,1.96,tp
INDIANB,2026-08-03,2026-08-03 09:40:00+05:30,849.1500244140625,851.4035949707031,0.05923479892936368,2.25,tp
INDIANB,2026-08-05,2026-08-05 09:20:00+05:30,856.4000244140625,858.39646257673,0.03987188970715379,2.0,tp
INDIANB,2026-08-12,2026-08-12 09:20:00+05:30,884.6500244140625,886.578608921596,0.030803218514184064,1.93,tp
INDIANB,2026-08-14,2026-08-14 10:05:00+05:30,900.0,897.0071411132812,-0.29952392578125,-2.99,sl
INDIANB,2026-08-18,2026-08-18 11:10:00+05:30,881.0499877929688,882.3856942313058,-0.009037639849492584,1.34,tp
INDIGO,2026-06-09,2026-06-09 11:40:00+05:30,4475.7998046875,4486.05695452009,0.037501456010352034,10.26,tp
INDIGO,2026-06-12,2026-06-12 09:35:00+05:30,4677.0,4652.514369419643,-0.4141196995555726,-24.49,sl
INDIGO,2026-06-18,2026-06-18 11:35:00+05:30,4919.7001953125,4912.77165876116,-0.18449949724100503,-6.93,sl
INDIGO,2026-06-22,2026-06-22 11:25:00+05:30,5032.89990234375,5022.28564453125,-0.2265384730686627,-10.61,sl
INDIGO,2026-06-24,2026-06-24 10:20:00+05:30,5063.89990234375,5080.52130998884,0.09694000235743253,16.62,tp
INDIGO,2026-06-25,2026-06-25 09:20:00+05:30,5347.5,5373.657121930803,0.19348804410438641,26.16,tp
INDIGO,2026-07-16,2026-07-16 11:20:00+05:30,5209.5,5218.857142857143,0.007770145201763503,9.36,tp
INDIGO,2026-07-21,2026-07-21 09:25:00+05:30,5293.0,5279.892857142857,-0.2485789857223856,-13.11,sl
INDIGO,2026-07-27,2026-07-27 11:25:00+05:30,5214.0,5211.0,-0.13452243958573074,-3.0,time
INDIGO,2026-08-13,2026-08-13 11:40:00+05:30,5315.0,5320.964285714285,-0.03267034000806784,5.96,tp
INDUSINDBK,2026-06-15,2026-06-15 10:45:00+05:30,944.5499877929688,942.0357099260602,-0.2597127457139689,-2.51,sl
INDUSINDBK,2026-06-17,2026-06-17 11:35:00+05:30,932.1500244140624,930.4500296456472,-0.20942410924574872,-1.7,sl
INDUSINDBK,2026-06-19,2026-06-19 11:55:00+05:30,942.7999877929688,940.8749912806919,-0.22250720431911258,-1.92,sl
INDUSINDBK,2026-07-03,2026-07-03 09:40:00+05:30,954.3499755859376,957.0856846400671,0.07199407706485658,2.74,tp
INDUSINDBK,2026-07-07,2026-07-07 10:15:00+05:30,1020.4000244140624,1016.6428789411272,-0.3209219158981896,-3.76,sl
INDUSINDBK,2026-07-09,2026-07-09 10:35:00+05:30,1017.7000122070312,1020.3928789411273,0.05876191619116557,2.69,tp
INDUSINDBK,2026-07-15,2026-07-15 10:55:00+05:30,1022.0,1020.1178676060267,-0.2104970094309166,-1.88,sl
INDUSINDBK,2026-07-17,2026-07-17 09:40:00+05:30,1023.0,1020.0928606305804,-0.2705067078838481,-2.91,sl
INDUSINDBK,2026-07-21,2026-07-21 09:30:00+05:30,1054.0,1050.4214564732142,-0.3037121552249969,-3.58,sl
INDUSINDBK,2026-07-28,2026-07-28 11:50:00+05:30,1002.4500122070312,1001.0000130789621,-0.18678731769637918,-1.45,sl
INDUSTOWER,2026-06-11,2026-06-11 11:25:00+05:30,417.3999938964844,418.3642796107701,0.038613185680812366,0.96,tp
INDUSTOWER,2026-06-17,2026-06-17 09:55:00+05:30,413.9500122070313,412.4678693498885,-0.3148292518568488,-1.48,sl
INDUSTOWER,2026-07-01,2026-07-01 11:25:00+05:30,395.3500061035156,394.2642909458705,-0.2647727544024605,-1.09,sl
INDUSTOWER,2026-07-07,2026-07-07 11:50:00+05:30,382.6000061035156,381.2928662981306,-0.30498794320949846,-1.31,sl
INDUSTOWER,2026-07-14,2026-07-14 11:30:00+05:30,407.0,406.0714329310826,-0.23688949418929767,-0.93,sl
INDUSTOWER,2026-07-16,2026-07-16 11:05:00+05:30,412.2000122070313,412.9678693498885,0.011769595359182629,0.77,tp
INDUSTOWER,2026-07-20,2026-07-20 11:00:00+05:30,407.3500061035156,406.6321520124163,-0.20573522725077023,-0.72,sl
INDUSTOWER,2026-07-24,2026-07-24 11:15:00+05:30,391.3500061035156,392.4357169015067,0.06645623320172503,1.09,tp
INDUSTOWER,2026-07-30,2026-07-30 09:25:00+05:30,393.0,391.82857404436385,-0.27884365734903094,-1.17,sl
INDUSTOWER,2026-08-05,2026-08-05 09:35:00+05:30,391.6000061035156,392.5821533203125,0.05048220656113892,0.98,tp
INFY,2026-06-02,2026-06-02 09:40:00+05:30,1255.199951171875,1262.78564453125,0.26260485919998033,7.59,tp
INFY,2026-06-15,2026-06-15 10:55:00+05:30,1146.0999755859375,1142.949959891183,-0.2649079013274091,-3.15,sl
INFY,2026-07-02,2026-07-02 09:20:00+05:30,1026.5,1032.1285749162946,0.2289960983708491,5.63,tp
INFY,2026-07-07,2026-07-07 09:40:00+05:30,1069.199951171875,1073.7142246791295,0.15332624654388083,4.51,tp
INFY,2026-07-08,2026-07-08 11:15:00+05:30,1075.9000244140625,1073.2357264927455,-0.24858060382151279,-2.66,sl
INFY,2026-07-13,2026-07-13 11:10:00+05:30,1084.9000244140625,1088.1786063058037,0.08132077525826654,3.28,tp
INFY,2026-07-28,2026-07-28 09:30:00+05:30,1110.4000244140625,1114.5571899414062,0.12463069718702909,4.16,tp
INFY,2026-08-07,2026-08-07 09:30:00+05:30,1180.699951171875,1177.528520856585,-0.26116356973551264,-3.17,sl
INFY,2026-08-10,2026-08-10 09:55:00+05:30,1189.0,1185.22855922154,-0.29031660782808677,-3.77,sl
INFY,2026-08-11,2026-08-11 09:30:00+05:30,1193.300048828125,1190.8214460100446,-0.22462596413271702,-2.48,sl
IOC,2026-06-09,2026-06-09 11:45:00+05:30,136.94000244140625,137.11571502685547,-0.0230118669563764,0.18,tp
IOC,2026-06-12,2026-06-12 09:20:00+05:30,138.2899932861328,137.75713457380022,-0.3311918742652931,-0.53,sl
IOC,2026-07-01,2026-07-01 11:25:00+05:30,139.94000244140625,139.7100067138672,-0.19861185802195327,-0.23,time
IOC,2026-07-02,2026-07-02 09:40:00+05:30,143.41000366210938,142.83214460100447,-0.34176516826527903,-0.58,sl
IOC,2026-07-06,2026-07-06 10:15:00+05:30,142.52999877929688,142.85214342389787,0.035611301772264924,0.32,tp
IOC,2026-07-15,2026-07-15 11:45:00+05:30,139.92999267578125,140.25142124720983,0.03782402126183305,0.32,tp
IOC,2026-07-16,2026-07-16 09:35:00+05:30,142.27999877929688,142.73499952043807,0.09187548989804946,0.46,tp
IOC,2026-07-24,2026-07-24 11:20:00+05:30,137.97000122070312,138.2078584943499,0.003438691690498745,0.24,tp
IOC,2026-07-30,2026-07-30 09:35:00+05:30,140.67999267578125,140.4064211164202,-0.21667823724935767,-0.27,sl
IOC,2026-08-05,2026-08-05 09:20:00+05:30,144.30999755859375,143.93428366524833,-0.25621117027302426,-0.38,sl
IOC,2026-08-12,2026-08-12 09:20:00+05:30,141.77000427246094,141.38143266950334,-0.2644515445781409,-0.39,sl
IRCTC,2026-06-04,2026-06-04 09:40:00+05:30,525.9500122070312,523.8321533203125,-0.3416038221387196,-2.12,sl
IRCTC,2026-06-09,2026-06-09 11:45:00+05:30,517.7999877929688,516.999995640346,-0.19269897699680075,-0.8,sl
IRCTC,2026-06-11,2026-06-11 09:35:00+05:30,517.3499755859375,519.2535465785435,0.12076788430694813,1.9,tp
IRCTC,2026-07-03,2026-07-03 09:20:00+05:30,513.5999755859375,512.2928336007254,-0.2527035102041223,-1.31,sl
IRCTC,2026-08-03,2026-08-03 11:05:00+05:30,505.7000122070313,504.68929617745545,-0.2199188457795106,-1.01,sl
IRCTC,2026-08-06,2026-08-06 09:40:00+05:30,512.8499755859375,513.8892669677734,0.021590106032299303,1.04,tp
IRCTC,2026-08-10,2026-08-10 11:15:00+05:30,525.7999877929688,524.5071236746652,-0.24753109337985918,-1.29,sl
ITC,2026-06-08,2026-06-08 11:15:00+05:30,282.1000061035156,282.50715201241627,-0.013403920576043275,0.41,tp
ITC,2026-06-10,2026-06-10 11:05:00+05:30,283.95001220703125,284.3571581159319,-0.013968115922363732,0.41,tp
ITC,2026-06-16,2026-06-16 10:20:00+05:30,290.29998779296875,289.82141767229353,-0.19891218893536713,-0.48,sl
ITC,2026-07-20,2026-07-20 10:55:00+05:30,283.70001220703125,283.2178693498884,-0.20196887622077092,-0.48,sl
ITC,2026-07-22,2026-07-22 11:30:00+05:30,279.8999938964844,280.2535661969866,-0.024207436610455303,0.35,tp
ITC,2026-07-23,2026-07-23 10:40:00+05:30,282.1499938964844,282.5892791748047,-0.006584734115256849,0.44,tp
ITC,2026-07-24,2026-07-24 11:05:00+05:30,282.6499938964844,282.1499938964844,-0.20613833592010256,-0.5,sl
ITC,2026-07-29,2026-07-29 09:30:00+05:30,287.95001220703125,288.58929661342074,0.0332073719649349,0.64,tp
ITC,2026-08-03,2026-08-03 09:25:00+05:30,290.45001220703125,291.8428649902344,0.18772994828665526,1.39,tp
ITC,2026-08-04,2026-08-04 11:15:00+05:30,288.1499938964844,287.64642551967074,-0.20485546850183908,-0.5,sl
ITC,2026-08-07,2026-08-07 11:30:00+05:30,285.54998779296875,285.2964128766741,-0.15328137148691087,-0.25,sl
JINDALSTEL,2026-06-09,2026-06-09 11:10:00+05:30,1163.300048828125,1160.9786028180804,-0.219734165525902,-2.32,sl
JINDALSTEL,2026-06-19,2026-06-19 10:55:00+05:30,1133.300048828125,1135.1928972516741,0.00021256553406573484,1.89,tp
JINDALSTEL,2026-07-03,2026-07-03 09:40:00+05:30,1071.5999755859375,1067.2857055664062,-0.3415604769217503,-4.31,sl
JINDALSTEL,2026-07-06,2026-07-06 11:20:00+05:30,1065.199951171875,1062.8570905412946,-0.2319673716471486,-2.34,sl
JINDALSTEL,2026-07-07,2026-07-07 11:25:00+05:30,1044.9000244140625,1043.1285923549108,-0.20171874922550997,-1.77,sl
JINDALSTEL,2026-07-09,2026-07-09 10:40:00+05:30,1029.5,1026.057137625558,-0.30065249389657284,-3.44,sl
JINDALSTEL,2026-07-10,2026-07-10 09:20:00+05:30,1048.300048828125,1051.2500610351562,0.06884548714820798,2.95,tp
JINDALSTEL,2026-07-14,2026-07-14 10:25:00+05:30,1045.9000244140625,1048.5999755859375,0.05488772017502774,2.7,time
JINDALSTEL,2026-07-21,2026-07-21 11:50:00+05:30,1040.9000244140625,1042.3928745814733,-0.013948498468844259,1.49,tp
JINDALSTEL,2026-07-22,2026-07-22 11:05:00+05:30,1050.300048828125,1048.29292515346,-0.214660016072809,-2.01,sl
JINDALSTEL,2026-07-23,2026-07-23 09:20:00+05:30,1052.5,1055.085728236607,0.04740493510349323,2.59,tp
JINDALSTEL,2026-07-27,2026-07-27 10:15:00+05:30,1065.9000244140625,1060.2928902762276,-0.4156281457588234,-5.61,sl
JINDALSTEL,2026-07-31,2026-07-31 09:15:00+05:30,1106.199951171875,1103.4285191127233,-0.25032175997923783,-2.77,sl
JINDALSTEL,2026-08-04,2026-08-04 11:00:00+05:30,1120.699951171875,1118.0856672014509,-0.23996345592897428,-2.61,sl
JINDALSTEL,2026-08-10,2026-08-10 11:05:00+05:30,1119.699951171875,1122.2427978515625,0.03626043353986916,2.54,tp
JINDALSTEL,2026-08-17,2026-08-17 10:55:00+05:30,1096.0999755859375,1097.9428449358259,0.000877806273276785,1.84,tp
JINDALSTEL,2026-08-19,2026-08-19 09:55:00+05:30,1118.300048828125,1114.7000383649554,-0.29315087039164966,-3.6,sl
JINDALSTEL,2026-08-20,2026-08-20 10:25:00+05:30,1129.300048828125,1132.0571899414062,0.046487611479818995,2.76,tp
JSWSTEEL,2026-06-09,2026-06-09 11:10:00+05:30,1271.9000244140625,1269.528608049665,-0.21186805498285355,-2.37,sl
JSWSTEEL,2026-06-10,2026-06-10 10:55:00+05:30,1276.0,1279.828578404018,0.08002719768109198,3.83,tp
JSWSTEEL,2026-06-22,2026-06-22 11:35:00+05:30,1294.9000244140625,1296.7642909458705,-0.013618047880497447,1.86,tp
JSWSTEEL,2026-07-07,2026-07-07 11:15:00+05:30,1245.0999755859375,1242.3428257533483,-0.23286402152365576,-2.76,sl
JSWSTEEL,2026-07-21,2026-07-21 10:20:00+05:30,1270.800048828125,1267.5428989955358,-0.25378421659297945,-3.26,sl
JSWSTEEL,2026-08-10,2026-08-10 09:25:00+05:30,1304.699951171875,1301.3571079799108,-0.25372928567806086,-3.34,sl
JSWSTEEL,2026-08-19,2026-08-19 09:55:00+05:30,1277.800048828125,1281.3072073800224,0.06468109647266862,3.51,tp
JSWSTEEL,2026-08-20,2026-08-20 10:30:00+05:30,1308.699951171875,1304.3785226004463,-0.29812464580100484,-4.32,sl
JUBLFOOD,2026-06-10,2026-06-10 11:00:00+05:30,426.3500061035156,425.05000741141185,-0.28294809524944214,-1.3,sl
JUBLFOOD,2026-06-22,2026-06-22 09:55:00+05:30,426.0,424.31785365513394,-0.33692202040366975,-1.68,sl
JUBLFOOD,2026-07-02,2026-07-02 09:20:00+05:30,428.7999877929688,430.1428418840681,0.08789936511112706,1.34,tp
JUBLFOOD,2026-07-06,2026-07-06 11:20:00+05:30,434.2999877929688,435.80712890625006,0.10821659990463166,1.51,tp
JUBLFOOD,2026-07-07,2026-07-07 09:25:00+05:30,452.2000122070313,454.9500122070313,0.2648827853734286,2.75,tp
JUBLFOOD,2026-07-24,2026-07-24 11:55:00+05:30,414.8500061035156,413.7821480887277,-0.2544449317696005,-1.07,sl
JUBLFOOD,2026-07-27,2026-07-27 11:50:00+05:30,426.25,427.05000087193076,0.012610093409608853,0.8,tp
JUBLFOOD,2026-08-03,2026-08-03 10:35:00+05:30,463.4500122070313,465.91786629813066,0.21949777012804403,2.47,tp
JUBLFOOD,2026-08-14,2026-08-14 09:20:00+05:30,519.5,509.6821398053851,-1.233920330465631,-9.82,sl
JUBLFOOD,2026-08-20,2026-08-20 11:20:00+05:30,505.9500122070313,507.1000126429967,0.03637716077312841,1.15,tp
KALYANKJIL,2026-06-02,2026-06-02 09:20:00+05:30,347.04998779296875,348.87855747767856,0.2161336549247708,1.83,tp
KALYANKJIL,2026-06-05,2026-06-05 11:15:00+05:30,370.2000122070313,368.80357796805254,-0.32632644942180483,-1.4,sl
KALYANKJIL,2026-06-12,2026-06-12 11:10:00+05:30,340.79998779296875,339.5357012067522,-0.32258567456016085,-1.26,sl
KALYANKJIL,2026-06-15,2026-06-15 09:30:00+05:30,361.25,363.42857142857144,0.2618388531883369,2.18,tp
KALYANKJIL,2026-06-19,2026-06-19 11:30:00+05:30,386.0,384.6285661969866,-0.3131762388103757,-1.37,sl
KALYANKJIL,2026-06-30,2026-06-30 10:55:00+05:30,386.3999938964844,387.96428353445873,0.14290212153472612,1.56,tp
KALYANKJIL,2026-07-03,2026-07-03 10:30:00+05:30,395.0,393.8321402413505,-0.27739641903536905,-1.17,sl
KALYANKJIL,2026-07-07,2026-07-07 11:35:00+05:30,362.3500061035156,360.5428575788225,-0.3992380561754716,-1.81,sl
KALYANKJIL,2026-07-08,2026-07-08 09:25:00+05:30,370.4500122070313,368.1714390345983,-0.4690494961289861,-2.28,sl
KALYANKJIL,2026-07-09,2026-07-09 09:25:00+05:30,406.7000122070313,411.4071589878628,0.5944401238574762,4.71,tp
KALYANKJIL,2026-07-13,2026-07-13 09:25:00+05:30,494.7000122070313,498.8428671700615,0.4024687520682407,4.14,tp
KALYANKJIL,2026-07-15,2026-07-15 11:50:00+05:30,547.5499877929688,545.4356994628906,-0.3316816777149721,-2.11,sl
KALYANKJIL,2026-07-17,2026-07-17 09:35:00+05:30,561.3499755859375,557.4785548618862,-0.5137975479568123,-3.87,sl
KALYANKJIL,2026-07-21,2026-07-21 11:30:00+05:30,573.7000122070312,571.1000017438616,-0.3719202099892594,-2.6,sl
KALYANKJIL,2026-07-28,2026-07-28 11:55:00+05:30,584.25,586.2964303152902,0.11015972429167598,2.05,tp
KALYANKJIL,2026-08-07,2026-08-07 09:20:00+05:30,620.3499755859375,625.1678336007254,0.3659812884077894,4.82,tp
KALYANKJIL,2026-08-11,2026-08-11 11:00:00+05:30,606.5499877929688,604.0785522460938,-0.3444747107358181,-2.47,sl
KALYANKJIL,2026-08-20,2026-08-20 11:05:00+05:30,600.6500244140625,599.0928737095425,-0.2555465553544978,-1.56,sl
KAYNES,2026-06-04,2026-06-04 11:30:00+05:30,3222.0,3230.15713936942,0.05190203667448485,8.16,tp
KAYNES,2026-06-15,2026-06-15 10:30:00+05:30,3165.0,3155.4786376953125,-0.2804997593305687,-9.52,sl
KAYNES,2026-06-16,2026-06-16 09:20:00+05:30,3144.10009765625,3158.4287109375,0.17343811271017437,14.33,tp
KAYNES,2026-06-18,2026-06-18 10:50:00+05:30,3358.10009765625,3343.321550641741,-0.36405193266556146,-14.78,sl
KAYNES,2026-06-24,2026-06-24 09:35:00+05:30,3244.300048828125,3257.2642822265625,0.13976019239873294,12.96,tp
KAYNES,2026-06-25,2026-06-25 10:25:00+05:30,3317.0,3337.435703822545,0.26965397327485385,20.44,tp
KAYNES,2026-06-30,2026-06-30 11:55:00+05:30,3170.5,3161.7214704241073,-0.266128930627207,-8.78,sl
KAYNES,2026-07-03,2026-07-03 09:30:00+05:30,3222.800048828125,3235.8429129464284,0.14282358050191954,13.04,tp
KAYNES,2026-07-06,2026-07-06 11:05:00+05:30,3392.89990234375,3378.5141950334823,-0.3543966705353782,-14.39,sl
KAYNES,2026-07-08,2026-07-08 09:35:00+05:30,3335.0,3321.971435546875,-0.33439696167541233,-13.03,sl
KAYNES,2026-07-16,2026-07-16 09:15:00+05:30,3443.0,3429.107160295759,-0.3421058327779426,-13.89,sl
KAYNES,2026-07-29,2026-07-29 09:55:00+05:30,3376.0,3399.1500069754466,0.31143377326030613,23.15,tp
KAYNES,2026-07-31,2026-07-31 09:40:00+05:30,3711.300048828125,3686.635811941964,-0.4987428107940029,-24.66,sl
KAYNES,2026-08-03,2026-08-03 11:50:00+05:30,3822.800048828125,3834.10001046317,0.07735630674968987,11.3,tp
KAYNES,2026-08-05,2026-08-05 09:40:00+05:30,3938.800048828125,3954.235770089286,0.13513335640005222,15.44,tp
KAYNES,2026-08-11,2026-08-11 09:30:00+05:30,3810.60009765625,3833.135811941964,0.25483724938087915,22.54,tp
KAYNES,2026-08-17,2026-08-17 10:05:00+05:30,3721.300048828125,3701.12149483817,-0.42534684747567597,-20.18,sl
KAYNES,2026-08-19,2026-08-19 09:55:00+05:30,3768.199951171875,3750.2571323939733,-0.385698514044962,-17.94,sl
KEI,2026-06-05,2026-06-05 09:25:00+05:30,5369.5,5386.75,0.0927553775956793,17.25,tp
KEI,2026-06-15,2026-06-15 11:15:00+05:30,5488.0,5498.607142857143,0.01596730528946556,10.61,tp
KEI,2026-06-17,2026-06-17 09:25:00+05:30,5467.0,5483.178571428572,0.0775588596514164,16.18,tp
KEI,2026-07-13,2026-07-13 09:30:00+05:30,5178.5,5196.785714285715,0.111864991241263,18.29,tp
KEI,2026-07-22,2026-07-22 10:05:00+05:30,5008.0,5025.821428571428,0.11351551802829601,17.82,tp
KEI,2026-07-31,2026-07-31 09:45:00+05:30,4953.5,4926.571428571428,-0.42617629670218904,-26.93,sl
KEI,2026-08-04,2026-08-04 09:15:00+05:30,5305.89990234375,5342.31413922991,0.31177825691821176,36.41,tp
KEI,2026-08-10,2026-08-10 10:50:00+05:30,5653.2998046875,5630.042724609375,-0.34683368172522305,-23.26,sl
KEI,2026-08-13,2026-08-13 09:40:00+05:30,5818.89990234375,5797.749965122768,-0.3180818117781651,-21.15,sl
KEI,2026-08-17,2026-08-17 09:35:00+05:30,5796.10009765625,5815.68586077009,0.10274766947271498,19.59,tp
LICI,2026-06-09,2026-06-09 11:10:00+05:30,400.3500061035156,399.62500435965404,-0.20865518663298696,-0.73,sl
LICI,2026-06-12,2026-06-12 11:35:00+05:30,397.0,396.52142551967074,-0.17232863682558044,-0.48,sl
LICI,2026-06-15,2026-06-15 09:20:00+05:30,409.3999938964844,408.03570556640625,-0.29994455550818816,-1.36,sl
LICI,2026-06-17,2026-06-17 10:20:00+05:30,414.2000122070313,413.0321568080358,-0.26917267473354783,-1.17,sl
LICI,2026-06-18,2026-06-18 09:20:00+05:30,423.1499938964844,424.182137625558,0.04635147025328522,1.03,tp
LICI,2026-06-19,2026-06-19 09:30:00+05:30,434.0,435.16785975864957,0.061455266172751585,1.17,tp
LICI,2026-06-23,2026-06-23 11:05:00+05:30,447.25,448.52142769949774,0.07056604129651003,1.27,tp
LICI,2026-07-01,2026-07-01 10:55:00+05:30,438.7000122070313,437.68215288434715,-0.2392102978383978,-1.02,sl
LICI,2026-07-07,2026-07-07 09:35:00+05:30,434.5,435.87500653948103,0.08987432075687478,1.38,tp
LICI,2026-07-08,2026-07-08 09:40:00+05:30,437.8999938964844,439.3999917166574,0.10552608007493051,1.5,tp
LICI,2026-07-09,2026-07-09 11:30:00+05:30,436.0,436.92857142857144,0.027785058977721735,0.93,tp
LICI,2026-07-15,2026-07-15 09:15:00+05:30,444.75,442.7678527832031,-0.36740603262015176,-1.98,sl
LICI,2026-07-23,2026-07-23 09:15:00+05:30,426.4500122070313,425.5535823277065,-0.22612449576710383,-0.9,sl
LICI,2026-07-27,2026-07-27 09:25:00+05:30,426.6499938964844,425.528564453125,-0.2577071781650785,-1.12,sl
LICI,2026-08-03,2026-08-03 09:30:00+05:30,430.7000122070313,429.5285797119141,-0.2631900341652319,-1.17,sl
LICI,2026-08-10,2026-08-10 10:45:00+05:30,396.0499877929688,395.48927743094316,-0.18494539264857918,-0.56,sl
LICI,2026-08-11,2026-08-11 09:20:00+05:30,402.6000061035156,403.71429661342074,0.06606415693177316,1.11,tp
LICI,2026-08-12,2026-08-12 10:35:00+05:30,411.6000061035156,410.1750052315848,-0.3077260715451649,-1.43,sl
LICI,2026-08-18,2026-08-18 09:30:00+05:30,413.6000061035156,412.40000697544644,-0.27408110885310455,-1.2,sl
LICI,2026-08-19,2026-08-19 09:20:00+05:30,412.0,412.63214111328125,-0.007940614570691753,0.63,tp
LICI,2026-08-20,2026-08-20 09:15:00+05:30,417.4500122070313,416.58572605678023,-0.2242236615131451,-0.86,sl
LT,2026-06-16,2026-06-16 09:25:00+05:30,4232.0,4221.150006975447,-0.2538278784199448,-10.85,sl
LT,2026-06-17,2026-06-17 11:20:00+05:30,4211.0,4204.178571428572,-0.19719442277029361,-6.82,sl
LT,2026-06-19,2026-06-19 11:55:00+05:30,4202.60009765625,4196.514439174107,-0.18688419084466826,-6.09,sl
LT,2026-06-23,2026-06-23 10:00:00+05:30,4226.0,4231.599993024553,-0.020492290233505333,5.6,tp
LT,2026-06-25,2026-06-25 10:35:00+05:30,4232.0,4232.5,-0.09291115311909263,0.5,time
LT,2026-08-03,2026-08-03 11:50:00+05:30,3999.60009765625,3994.6143624441966,-0.17479350570535884,-4.99,sl
LT,2026-08-04,2026-08-04 09:35:00+05:30,4031.39990234375,4020.614188058036,-0.26052559230519934,-10.79,sl
LT,2026-08-13,2026-08-13 11:25:00+05:30,4022.0,4028.7357352120534,0.00048336964773906116,6.74,tp
LT,2026-08-18,2026-08-18 11:40:00+05:30,4072.10009765625,4076.2143903459823,-0.0393783169706407,4.11,tp
LT,2026-08-20,2026-08-20 11:55:00+05:30,4080.0,4074.7285679408483,-0.17752105969340765,-5.27,sl
LTF,2026-06-05,2026-06-05 10:00:00+05:30,273.3500061035156,274.41785975864957,0.13439260244162346,1.07,tp
LTF,2026-06-12,2026-06-12 10:50:00+05:30,267.0,267.8142852783203,0.08298545580231742,0.81,tp
LTF,2026-06-24,2026-06-24 10:50:00+05:30,290.3999938964844,291.19999040876115,0.06528853906834653,0.8,tp
LTF,2026-06-30,2026-06-30 11:55:00+05:30,306.3500061035156,305.596435546875,-0.24759011750487644,-0.75,sl
LTF,2026-07-01,2026-07-01 11:35:00+05:30,315.29998779296875,314.5142735072545,-0.24951747214722841,-0.79,sl
LTF,2026-07-03,2026-07-03 09:45:00+05:30,325.8500061035156,324.17857578822543,-0.4077668161391809,-1.67,sl
LTF,2026-07-06,2026-07-06 11:30:00+05:30,330.29998779296875,329.21427481515065,-0.2972230731958659,-1.09,sl
LTF,2026-07-10,2026-07-10 09:40:00+05:30,328.5,326.8035627092634,-0.40985155995188727,-1.7,sl
LTF,2026-07-13,2026-07-13 09:20:00+05:30,327.5,328.9499991280692,0.16564869521878112,1.45,tp
LTF,2026-07-23,2026-07-23 09:20:00+05:30,309.20001220703125,308.27501787458147,-0.2794943653166034,-0.92,sl
LTF,2026-07-27,2026-07-27 09:25:00+05:30,309.3999938964844,310.5428553989955,0.12162796219579472,1.14,tp
LTF,2026-07-31,2026-07-31 09:20:00+05:30,311.95001220703125,312.9821515764509,0.09852014663195509,1.03,tp
LTF,2026-08-03,2026-08-03 09:20:00+05:30,320.3999938964844,321.5249917166574,0.11067375310933517,1.12,tp
LTF,2026-08-18,2026-08-18 10:45:00+05:30,316.1000061035156,315.1000061035156,-0.2898133465405608,-1.0,sl
LTM,2026-06-01,2026-06-01 11:10:00+05:30,4228.0,4238.721470424107,0.05214953298164923,10.72,tp
LTM,2026-06-02,2026-06-02 09:40:00+05:30,4316.0,4288.678571428572,-0.4798159671653629,-27.32,sl
LTM,2026-06-09,2026-06-09 11:30:00+05:30,3999.5,4007.3357456752233,0.01755087898822271,7.84,tp
LTM,2026-06-15,2026-06-15 10:55:00+05:30,3955.300048828125,3944.321515764509,-0.2665390680062615,-10.98,sl
LTM,2026-07-02,2026-07-02 09:20:00+05:30,3679.199951171875,3663.2357003348216,-0.360343298253773,-15.96,sl
LTM,2026-07-03,2026-07-03 11:00:00+05:30,3764.60009765625,3757.5,-0.21316098611382947,-7.1,time
LTM,2026-07-09,2026-07-09 11:40:00+05:30,3856.39990234375,3848.60009765625,-0.22135367002928752,-7.8,time
LTM,2026-07-13,2026-07-13 10:45:00+05:30,4083.89990234375,4062.085606166295,-0.42049212809945624,-21.81,sl
LTM,2026-07-28,2026-07-28 09:20:00+05:30,4314.10009765625,4330.535749162947,0.12858512043740938,16.44,tp
LTM,2026-08-03,2026-08-03 11:10:00+05:30,4459.0,4473.835728236607,0.09962854770047386,14.84,tp
LTM,2026-08-07,2026-08-07 09:20:00+05:30,4621.7998046875,4645.142682756697,0.20303620739507397,23.34,tp
LTM,2026-08-10,2026-08-10 09:50:00+05:30,4759.7001953125,4779.47869001116,0.14932446020199502,19.78,tp
LTM,2026-08-13,2026-08-13 11:50:00+05:30,4765.89990234375,4776.057094029018,0.027873332131122586,10.16,tp
LTM,2026-08-17,2026-08-17 11:45:00+05:30,4675.0,4667.128487723215,-0.20102475649350152,-7.87,sl
LUPIN,2026-06-05,2026-06-05 09:20:00+05:30,2302.60009765625,2295.4929547991073,-0.2851943686889482,-7.11,sl
LUPIN,2026-06-09,2026-06-09 11:45:00+05:30,2265.10009765625,2262.228672572545,-0.17606087925234626,-2.87,sl
LUPIN,2026-06-12,2026-06-12 11:55:00+05:30,2283.0,2287.4285714285716,0.016388211000566578,4.43,tp
LUPIN,2026-06-23,2026-06-23 09:20:00+05:30,2369.0,2363.47860281808,-0.23984121186795704,-5.52,sl
LUPIN,2026-06-29,2026-06-29 09:45:00+05:30,2381.699951171875,2390.257080078125,0.11557196326194516,8.56,tp
LUPIN,2026-06-30,2026-06-30 11:10:00+05:30,2410.5,2415.750017438616,0.030678716580359457,5.25,tp
LUPIN,2026-07-07,2026-07-07 09:20:00+05:30,2509.60009765625,2504.378662109375,-0.22483508153553317,-5.22,sl
LUPIN,2026-07-10,2026-07-10 11:05:00+05:30,2519.10009765625,2513.785818917411,-0.2265756468458776,-5.31,sl
LUPIN,2026-07-15,2026-07-15 09:55:00+05:30,2504.5,2502.39990234375,-0.15031178254142544,-2.1,time
LUPIN,2026-07-16,2026-07-16 10:30:00+05:30,2528.89990234375,2523.278494698661,-0.2333720082763112,-5.62,sl
LUPIN,2026-07-21,2026-07-21 10:20:00+05:30,2497.89990234375,2491.49276297433,-0.25390062740483943,-6.41,sl
LUPIN,2026-07-27,2026-07-27 09:25:00+05:30,2429.60009765625,2420.864414760045,-0.31573137664833406,-8.74,sl
LUPIN,2026-08-14,2026-08-14 11:40:00+05:30,2247.199951171875,2250.4713309151784,-0.012654508337876888,3.27,tp
M&M,2026-06-04,2026-06-04 10:00:00+05:30,3045.39990234375,3056.9142020089284,0.12685295923829898,11.51,tp
M&M,2026-06-08,2026-06-08 11:40:00+05:30,2991.5,2985.942888532366,-0.2114580270961202,-5.56,sl
M&M,2026-06-15,2026-06-15 11:50:00+05:30,3159.10009765625,3153.242989676339,-0.211242590589444,-5.86,sl
M&M,2026-06-24,2026-06-24 11:05:00+05:30,3065.199951171875,3059.335675920759,-0.21479072186871076,-5.86,sl
M&M,2026-06-25,2026-06-25 09:20:00+05:30,3143.89990234375,3155.1785016741073,0.1152472982097663,11.28,tp
M&M,2026-06-30,2026-06-30 11:20:00+05:30,3121.89990234375,3115.9499162946427,-0.2143531740650701,-5.95,sl
M&M,2026-07-02,2026-07-02 11:45:00+05:30,3132.199951171875,3126.82852608817,-0.20289429475973605,-5.37,sl
M&M,2026-07-06,2026-07-06 09:25:00+05:30,3154.5,3164.81436593192,0.09618385034559844,10.31,tp
M&M,2026-07-16,2026-07-16 09:15:00+05:30,3115.0,3120.964338030134,0.014882915508200156,5.96,tp
M&M,2026-07-21,2026-07-21 11:25:00+05:30,3170.699951171875,3176.6856515066966,0.013269002308640516,5.99,tp
M&M,2026-07-23,2026-07-23 10:15:00+05:30,3233.5,3243.021466936384,0.07667790820567294,9.52,tp
M&M,2026-07-27,2026-07-27 11:55:00+05:30,3225.5,3218.7714320591517,-0.22516325420892783,-6.73,sl
M&M,2026-07-31,2026-07-31 09:30:00+05:30,3370.199951171875,3347.035661969866,-0.5123961106928587,-23.16,sl
M&M,2026-08-07,2026-08-07 11:25:00+05:30,3464.300048828125,3472.0999930245534,0.03509125802888134,7.8,tp
M&MFIN,2026-06-04,2026-06-04 10:55:00+05:30,293.0,292.2464294433594,-0.2543147897557594,-0.75,sl
M&MFIN,2026-06-05,2026-06-05 10:05:00+05:30,295.0,293.7107173374721,-0.3622269822090664,-1.29,sl
M&MFIN,2026-06-24,2026-06-24 11:00:00+05:30,294.1499938964844,294.8928462437221,0.05152521420737522,0.74,tp
M&MFIN,2026-06-30,2026-06-30 11:05:00+05:30,314.20001220703125,315.05001395089283,0.062317322247875034,0.85,tp
M&MFIN,2026-07-02,2026-07-02 09:25:00+05:30,317.6499938964844,318.5178549630301,0.06392779786960627,0.87,tp
M&MFIN,2026-07-03,2026-07-03 09:45:00+05:30,330.3500061035156,332.6178632463728,0.31190079024485273,2.27,tp
M&MFIN,2026-07-08,2026-07-08 11:30:00+05:30,335.0,334.33571079799106,-0.21897717050906473,-0.66,sl
M&MFIN,2026-07-09,2026-07-09 10:50:00+05:30,337.29998779296875,338.307131086077,0.07915386828767099,1.01,tp
M&MFIN,2026-07-10,2026-07-10 09:20:00+05:30,345.25,344.01428658621654,-0.3147510639449891,-1.24,sl
M&MFIN,2026-07-15,2026-07-15 09:25:00+05:30,331.1499938964844,331.999997820173,0.054009471119786066,0.85,tp
M&MFIN,2026-07-22,2026-07-22 10:40:00+05:30,384.0,381.33928353445873,-0.5157369477408235,-2.66,sl
M&MFIN,2026-07-29,2026-07-29 11:15:00+05:30,381.0,382.32857404436385,0.10922425895493657,1.33,tp
M&MFIN,2026-08-03,2026-08-03 11:10:00+05:30,396.0,396.9892861502511,0.04989184094713263,0.99,tp
M&MFIN,2026-08-10,2026-08-10 10:35:00+05:30,414.1499938964844,412.0749969482422,-0.40061528124916407,-2.07,sl
MANAPPURAM,2026-06-09,2026-06-09 11:55:00+05:30,305.0,304.3535723005022,-0.2271661048192378,-0.65,sl
MANAPPURAM,2026-06-10,2026-06-10 11:50:00+05:30,298.29998779296875,297.1606990269252,-0.3291563149846812,-1.14,sl
MANAPPURAM,2026-06-30,2026-06-30 10:50:00+05:30,319.6499938964844,318.32856314522877,-0.3480395638643818,-1.32,sl
MANAPPURAM,2026-07-03,2026-07-03 09:20:00+05:30,332.95001220703125,331.6214381626674,-0.33941865066598553,-1.33,sl
MANAPPURAM,2026-07-06,2026-07-06 10:20:00+05:30,335.8999938964844,337.8642796107701,0.25086973801334406,1.96,tp
MANAPPURAM,2026-07-08,2026-07-08 09:55:00+05:30,342.95001220703125,341.7071533203125,-0.3174414070529551,-1.24,sl
MANAPPURAM,2026-07-14,2026-07-14 11:40:00+05:30,330.8999938964844,329.6928514753069,-0.3188834892916518,-1.21,sl
MANAPPURAM,2026-07-15,2026-07-15 09:15:00+05:30,335.04998779296875,333.7642735072545,-0.3302428292894734,-1.29,sl
MANAPPURAM,2026-07-16,2026-07-16 11:00:00+05:30,328.5,327.5857129778181,-0.26699306341221835,-0.91,sl
MANAPPURAM,2026-07-23,2026-07-23 09:55:00+05:30,355.0,353.50714111328125,-0.3523141780369718,-1.49,sl
MANAPPURAM,2026-07-29,2026-07-29 09:35:00+05:30,367.2999877929688,365.7249864850726,-0.35728309723505736,-1.58,sl
MANAPPURAM,2026-07-31,2026-07-31 09:50:00+05:30,374.3999938964844,372.8678523472377,-0.3455355086897153,-1.53,sl
MANAPPURAM,2026-08-17,2026-08-17 11:45:00+05:30,347.79998779296875,347.31427001953125,-0.18379260330393596,-0.49,sl
MARICO,2026-06-10,2026-06-10 09:40:00+05:30,831.5499877929688,828.835693359375,-0.2958483174870441,-2.71,sl
MARICO,2026-06-29,2026-06-29 09:50:00+05:30,838.7999877929688,841.9285627092634,0.12378933918631387,3.13,tp
MARICO,2026-07-22,2026-07-22 11:15:00+05:30,854.5499877929688,856.432133265904,0.03214993855160323,1.88,tp
MARICO,2026-08-03,2026-08-03 10:05:00+05:30,878.9000244140625,875.7535879952567,-0.31479824767806497,-3.15,sl
MARICO,2026-08-06,2026-08-06 11:35:00+05:30,858.4000244140625,857.0428815569196,-0.19486086802496996,-1.36,sl
MARICO,2026-08-19,2026-08-19 09:20:00+05:30,854.4000244140625,852.0500183105469,-0.26502851378970166,-2.35,sl
MARUTI,2026-06-01,2026-06-01 11:35:00+05:30,13250.0,13214.214285714286,-0.2620485175202133,-35.79,sl
MARUTI,2026-06-04,2026-06-04 10:05:00+05:30,13224.0,13178.42857142857,-0.30676691729323663,-45.57,sl
MARUTI,2026-06-10,2026-06-10 11:00:00+05:30,13175.0,13152.714285714286,-0.20149091894822208,-22.29,sl
MARUTI,2026-06-22,2026-06-22 11:30:00+05:30,13476.0,13458.285714285714,-0.17887037272611858,-17.71,sl
MARUTI,2026-06-25,2026-06-25 09:20:00+05:30,13546.0,13593.857142857143,0.11197612368437819,47.86,tp
MARUTI,2026-06-30,2026-06-30 11:20:00+05:30,14013.0,14056.92857142857,0.08809065051839285,43.93,tp
MARUTI,2026-07-06,2026-07-06 11:05:00+05:30,14517.0,14489.5,-0.2136598470758421,-27.5,sl
MARUTI,2026-07-28,2026-07-28 11:55:00+05:30,13775.0,13756.857142857143,-0.1790251490795944,-18.14,sl
MARUTI,2026-08-11,2026-08-11 11:50:00+05:30,14141.0,14127.214285714286,-0.15849252932202998,-13.79,sl
MARUTI,2026-08-12,2026-08-12 11:30:00+05:30,14052.0,14030.92857142857,-0.18997194095401088,-21.07,sl
MARUTI,2026-08-17,2026-08-17 11:50:00+05:30,13902.0,13887.714285714286,-0.16165608237252382,-14.29,sl
MAXHEALTH,2026-06-03,2026-06-03 11:25:00+05:30,960.9000244140624,958.4250226702007,-0.25454272125994665,-2.48,sl
MAXHEALTH,2026-06-08,2026-06-08 09:55:00+05:30,989.25,993.1357203892298,0.13567674839908084,3.89,tp
MAXHEALTH,2026-06-15,2026-06-15 10:40:00+05:30,1030.75,1027.9393005371094,-0.26361093162593985,-2.81,sl
MAXHEALTH,2026-06-18,2026-06-18 09:30:00+05:30,1042.75,1046.4392830984932,0.11228193326261551,3.69,tp
MAXHEALTH,2026-06-25,2026-06-25 09:50:00+05:30,1096.5,1100.1856951032366,0.10167962261212801,3.69,tp
MAXHEALTH,2026-06-29,2026-06-29 09:25:00+05:30,1141.1500244140625,1145.4357125418526,0.1253352163747595,4.29,tp
MAXHEALTH,2026-07-01,2026-07-01 10:50:00+05:30,1142.9000244140625,1140.1785801478795,-0.24287046328019057,-2.72,sl
MAXHEALTH,2026-07-03,2026-07-03 11:55:00+05:30,1149.0999755859375,1151.4713832310267,0.023822523477820958,2.37,tp
MAXHEALTH,2026-07-06,2026-07-06 09:25:00+05:30,1166.5,1162.6571306501116,-0.29766151821114584,-3.84,sl
MAXHEALTH,2026-07-09,2026-07-09 10:35:00+05:30,1112.5999755859375,1116.4071219308037,0.10531079067449271,3.81,tp
MAXHEALTH,2026-07-10,2026-07-10 11:50:00+05:30,1102.699951171875,1103.8999546595983,-0.03470552965303046,1.2,tp
MAXHEALTH,2026-07-16,2026-07-16 11:35:00+05:30,1108.0999755859375,1105.8214024135045,-0.22337730652298485,-2.28,sl
MAXHEALTH,2026-07-24,2026-07-24 11:45:00+05:30,1078.4000244140625,1076.0214582170759,-0.2323386207235488,-2.38,sl
MAXHEALTH,2026-07-27,2026-07-27 09:20:00+05:30,1104.0999755859375,1107.63569859096,0.09214145909998979,3.54,tp
MAXHEALTH,2026-07-30,2026-07-30 11:45:00+05:30,1123.5999755859375,1125.6571393694196,0.009852109016431878,2.06,tp
MAXHEALTH,2026-08-18,2026-08-18 09:50:00+05:30,1013.9000244140624,1008.2428850446428,-0.43477498174569423,-5.66,sl
MCX,2026-06-09,2026-06-09 09:50:00+05:30,2904.5,2896.89990234375,-0.2569997794370804,-7.6,time
MCX,2026-06-22,2026-06-22 11:10:00+05:30,2861.89990234375,2867.9213518415177,0.026240253745487087,6.02,tp
MCX,2026-07-01,2026-07-01 09:25:00+05:30,2922.0,2937.1357073102677,0.2107948112991306,15.14,tp
MCX,2026-07-08,2026-07-08 09:40:00+05:30,2702.699951171875,2718.3856201171875,0.2482222050992664,15.69,tp
MCX,2026-07-14,2026-07-14 09:55:00+05:30,2874.39990234375,2884.39990234375,0.10873922223235792,10.0,time
MCX,2026-08-07,2026-08-07 09:25:00+05:30,2682.699951171875,2672.2999441964284,-0.3326016438231243,-10.4,sl
MCX,2026-08-10,2026-08-10 11:25:00+05:30,2713.10009765625,2725.0357840401784,0.1639567864283206,11.94,tp
MCX,2026-08-13,2026-08-13 09:20:00+05:30,3019.300048828125,3007.2500523158483,-0.3394594041811842,-12.05,sl
MCX,2026-08-18,2026-08-18 11:00:00+05:30,2963.39990234375,2970.564191545759,0.045055465440411765,7.16,tp
MCX,2026-08-20,2026-08-20 11:00:00+05:30,3071.699951171875,3081.2642647879466,0.08682124754579702,9.56,tp
METROPOLIS,2026-06-04,2026-06-04 10:45:00+05:30,544.3499755859375,546.2249799455915,0.10666899352414594,1.88,tp
METROPOLIS,2026-06-11,2026-06-11 10:55:00+05:30,528.2000122070312,530.4428449358259,0.1547708455465372,2.24,tp
METROPOLIS,2026-06-16,2026-06-16 09:20:00+05:30,534.1500244140625,531.5643048967634,-0.3904486828548462,-2.59,sl
METROPOLIS,2026-06-17,2026-06-17 09:20:00+05:30,558.0,554.778568812779,-0.4463904502388188,-3.22,sl
METROPOLIS,2026-06-22,2026-06-22 11:25:00+05:30,556.8499755859375,557.87497820173,0.010442955273249135,1.03,tp
METROPOLIS,2026-07-02,2026-07-02 10:05:00+05:30,551.9500122070312,551.0,-0.20327154843959774,-0.95,time
METROPOLIS,2026-07-06,2026-07-06 09:25:00+05:30,573.5,570.2035827636719,-0.4448736428590889,-3.3,sl
METROPOLIS,2026-07-15,2026-07-15 09:15:00+05:30,566.1500244140625,563.95359148298,-0.3327757134716093,-2.2,sl
METROPOLIS,2026-07-20,2026-07-20 11:40:00+05:30,569.4500122070312,568.0428815569196,-0.2482620725206052,-1.41,sl
METROPOLIS,2026-07-21,2026-07-21 11:35:00+05:30,569.5,568.3428606305804,-0.2219110836965349,-1.16,sl
METROPOLIS,2026-07-22,2026-07-22 11:20:00+05:30,568.2999877929688,568.4000244140625,-0.08943832941307119,0.1,time
METROPOLIS,2026-07-28,2026-07-28 10:20:00+05:30,592.5,589.5714285714286,-0.3965641952983741,-2.93,sl
METROPOLIS,2026-07-30,2026-07-30 10:25:00+05:30,603.0,605.3392987932477,0.13276604907937664,2.34,tp
METROPOLIS,2026-08-03,2026-08-03 11:30:00+05:30,596.75,598.3714294433594,0.0630260018459363,1.62,tp
METROPOLIS,2026-08-06,2026-08-06 09:20:00+05:30,587.9500122070312,585.3214242117746,-0.3682460692931587,-2.63,sl
METROPOLIS,2026-08-18,2026-08-18 10:20:00+05:30,554.5,552.5214364188058,-0.3140916408866561,-1.98,sl
METROPOLIS,2026-08-19,2026-08-19 10:50:00+05:30,557.2999877929688,555.9856959751675,-0.24149921190626725,-1.31,sl
MFSL,2026-06-08,2026-06-08 11:00:00+05:30,1602.800048828125,1598.2429024832588,-0.270594442452061,-4.56,sl
MFSL,2026-06-15,2026-06-15 10:40:00+05:30,1630.0,1635.050013950893,0.08589008408194684,5.05,tp
MFSL,2026-06-22,2026-06-22 10:45:00+05:30,1704.0999755859375,1699.4642421177455,-0.26322047536904913,-4.64,sl
MFSL,2026-06-23,2026-06-23 11:25:00+05:30,1706.0999755859375,1708.9999825613838,0.001987234638475225,2.9,tp
MFSL,2026-07-01,2026-07-01 11:00:00+05:30,1597.4000244140625,1601.2500174386162,0.04460972702060172,3.85,tp
MFSL,2026-07-06,2026-07-06 10:05:00+05:30,1610.5999755859375,1605.4356776646205,-0.2923866136694155,-5.16,sl
MFSL,2026-07-24,2026-07-24 11:55:00+05:30,1499.300048828125,1502.85005405971,0.04206650233992808,3.55,tp
MFSL,2026-08-05,2026-08-05 10:10:00+05:30,1534.699951171875,1527.2999441964287,-0.38930763840042315,-7.4,sl
MFSL,2026-08-06,2026-08-06 09:35:00+05:30,1535.5,1539.6214250837054,0.06104559102723761,4.12,tp
MFSL,2026-08-18,2026-08-18 11:50:00+05:30,1571.199951171875,1573.471391950335,-0.013259641711453553,2.27,tp
MFSL,2026-08-20,2026-08-20 11:00:00+05:30,1573.300048828125,1576.2286115373884,0.011684838938816723,2.93,tp
MOTILALOFS,2026-06-04,2026-06-04 09:55:00+05:30,865.0,861.3928527832031,-0.35020674336163293,-3.61,sl
MOTILALOFS,2026-06-09,2026-06-09 09:20:00+05:30,845.5499877929688,850.0356968470982,0.2183047095184442,4.49,tp
MOTILALOFS,2026-06-15,2026-06-15 09:30:00+05:30,926.9000244140624,932.1750313895088,0.24146122579602008,5.28,tp
MOTILALOFS,2026-06-18,2026-06-18 09:20:00+05:30,953.5499877929688,956.9857046944754,0.11618480072295677,3.44,tp
MOTILALOFS,2026-06-25,2026-06-25 11:35:00+05:30,947.4500122070312,945.2250148228237,-0.24090436575273463,-2.22,sl
MOTILALOFS,2026-07-02,2026-07-02 09:35:00+05:30,970.4500122070312,967.3428737095425,-0.2921050105665367,-3.11,sl
MOTILALOFS,2026-07-10,2026-07-10 10:05:00+05:30,976.25,970.124991280692,-0.4764409968332684,-6.13,sl
MOTILALOFS,2026-07-17,2026-07-17 09:30:00+05:30,968.5,965.0035749162946,-0.3166086783916607,-3.5,sl
MOTILALOFS,2026-07-31,2026-07-31 09:20:00+05:30,852.0999755859375,854.8999720982143,0.09715971781490405,2.8,tp
MOTILALOFS,2026-08-03,2026-08-03 09:25:00+05:30,867.75,871.1321367536273,0.13385560958529052,3.38,tp
MOTILALOFS,2026-08-04,2026-08-04 09:20:00+05:30,873.0,871.0821358816964,-0.23181196689371508,-1.92,sl
MOTILALOFS,2026-08-11,2026-08-11 10:15:00+05:30,889.0,886.4250052315848,-0.2737904230651425,-2.57,sl
MOTILALOFS,2026-08-17,2026-08-17 09:20:00+05:30,916.9000244140624,921.1571742466516,0.1785788888146045,4.26,tp
MOTILALOFS,2026-08-18,2026-08-18 11:25:00+05:30,946.8499755859376,944.2392621721541,-0.26543571723712184,-2.61,sl
MOTILALOFS,2026-08-19,2026-08-19 11:40:00+05:30,943.0,940.500004359654,-0.25906653066888746,-2.5,sl
MOTILALOFS,2026-08-20,2026-08-20 09:35:00+05:30,961.25,964.749995640346,0.11846526753785265,3.5,tp
MPHASIS,2026-06-02,2026-06-02 09:40:00+05:30,2381.5,2397.1356201171875,0.29392702373766527,15.64,tp
MPHASIS,2026-06-12,2026-06-12 11:05:00+05:30,2294.199951171875,2288.21426827567,-0.25654301343213826,-5.99,sl
MPHASIS,2026-06-15,2026-06-15 09:25:00+05:30,2311.0,2318.978585379464,0.1071463101548478,7.98,tp
MPHASIS,2026-06-17,2026-06-17 09:30:00+05:30,2355.5,2346.2714320591517,-0.3350728407772858,-9.23,sl
MPHASIS,2026-07-02,2026-07-02 09:20:00+05:30,2228.0,2216.6429268973216,-0.4058457747579473,-11.36,sl
MPHASIS,2026-07-03,2026-07-03 09:20:00+05:30,2312.60009765625,2301.550066266741,-0.38669110757301955,-11.05,sl
MPHASIS,2026-07-13,2026-07-13 10:35:00+05:30,2343.699951171875,2352.3928571428573,0.12254314508055841,8.69,tp
MPHASIS,2026-07-14,2026-07-14 11:25:00+05:30,2400.0,2393.7928292410716,-0.2551792689732111,-6.21,sl
MPHASIS,2026-07-28,2026-07-28 09:20:00+05:30,2428.39990234375,2440.564191545759,0.20055072536287274,12.16,tp
MPHASIS,2026-08-05,2026-08-05 10:20:00+05:30,2436.300048828125,2445.05721609933,0.11566721082858604,8.76,tp
MPHASIS,2026-08-07,2026-08-07 09:15:00+05:30,2433.10009765625,2440.471452985491,0.08177686983798817,7.37,tp
MPHASIS,2026-08-11,2026-08-11 11:30:00+05:30,2522.5,2527.4000069754466,0.016551206551751636,4.9,tp
MPHASIS,2026-08-14,2026-08-14 11:55:00+05:30,2527.0,2532.94287109375,0.041104972546497816,5.94,tp
MRF,2026-06-12,2026-06-12 09:25:00+05:30,124245.0,124023.57142857143,-0.20693158103516368,-221.43,sl
MRF,2026-06-15,2026-06-15 09:20:00+05:30,129550.0,129033.57142857143,-0.3391795776589263,-516.43,sl
MRF,2026-06-17,2026-06-17 11:10:00+05:30,129040.0,128903.92857142857,-0.16326941812062995,-136.07,sl
MRF,2026-06-23,2026-06-23 09:20:00+05:30,132005.0,132211.7857142857,-0.006010053731732843,206.79,tp
MRF,2026-06-25,2026-06-25 11:35:00+05:30,131535.0,131272.85714285713,-0.21957708160240372,-262.14,sl
MRF,2026-07-01,2026-07-01 10:25:00+05:30,130185.0,129817.14285714286,-0.2695389528089157,-367.86,sl
MRF,2026-07-02,2026-07-02 09:20:00+05:30,131375.0,131375.0,-0.1,0.0,time
MRF,2026-07-03,2026-07-03 09:25:00+05:30,135550.0,135986.7857142857,0.09333930547504689,436.79,tp
MRF,2026-07-07,2026-07-07 09:30:00+05:30,137475.0,137032.14285714287,-0.2932818954095496,-442.86,sl
MRF,2026-07-15,2026-07-15 11:10:00+05:30,133050.0,132820.35714285713,-0.20355934933162104,-229.64,sl
MRF,2026-07-20,2026-07-20 11:55:00+05:30,132500.0,132608.2142857143,-0.05099730458220837,108.21,tp
MRF,2026-07-30,2026-07-30 09:20:00+05:30,134945.0,135223.2142857143,0.02370119043208264,278.21,tp
MRF,2026-08-03,2026-08-03 11:05:00+05:30,134290.0,134125.35714285713,-0.1735614820803647,-164.64,sl
MRF,2026-08-05,2026-08-05 09:30:00+05:30,134300.0,134603.57142857142,0.03562386980108126,303.57,tp
MRF,2026-08-06,2026-08-06 11:00:00+05:30,135000.0,134825.7142857143,-0.17746031746031563,-174.29,sl
MRF,2026-08-18,2026-08-18 09:20:00+05:30,133275.0,133365.35714285713,-0.05932148886567006,90.36,tp
MRF,2026-08-20,2026-08-20 11:55:00+05:30,133965.0,133872.5,-0.14142873138506326,-92.5,sl
MUTHOOTFIN,2026-06-09,2026-06-09 11:50:00+05:30,2977.0,2985.221435546875,0.06569907047783002,8.22,tp
MUTHOOTFIN,2026-06-17,2026-06-17 11:25:00+05:30,3174.10009765625,3180.3929617745534,0.018953982382913778,6.29,tp
MUTHOOTFIN,2026-07-06,2026-07-06 09:20:00+05:30,3095.0,3086.928553989955,-0.25647391295725047,-8.07,sl
MUTHOOTFIN,2026-07-21,2026-07-21 09:35:00+05:30,3029.39990234375,3020.63565499442,-0.2735838310924129,-8.76,sl
MUTHOOTFIN,2026-07-31,2026-07-31 09:30:00+05:30,3097.39990234375,3085.407052176339,-0.33231453242448916,-11.99,sl
MUTHOOTFIN,2026-08-17,2026-08-17 09:30:00+05:30,2862.800048828125,2869.1428571428573,0.0329357595336511,6.34,tp
MUTHOOTFIN,2026-08-18,2026-08-18 11:30:00+05:30,2888.199951171875,2892.207048688616,-0.0167558150165799,4.01,tp
NATIONALUM,2026-06-02,2026-06-02 09:35:00+05:30,442.7999877929688,440.374993460519,-0.4285900270056364,-2.42,sl
NATIONALUM,2026-06-11,2026-06-11 10:40:00+05:30,382.0499877929688,380.7678418840681,-0.30135782487115137,-1.28,sl
NATIONALUM,2026-06-19,2026-06-19 09:35:00+05:30,372.1000061035156,371.9500122070313,-0.12418606192270648,-0.15,time
NATIONALUM,2026-07-08,2026-07-08 09:40:00+05:30,349.70001220703125,351.3000161307199,0.17452168164204515,1.6,tp
NATIONALUM,2026-07-14,2026-07-14 11:40:00+05:30,363.7999877929688,364.98213413783486,0.09496641855944053,1.18,tp
NATIONALUM,2026-07-16,2026-07-16 11:15:00+05:30,361.3999938964844,360.70356314522877,-0.21562215213347508,-0.7,sl
NATIONALUM,2026-07-23,2026-07-23 09:25:00+05:30,349.0,350.05714634486606,0.08174435728356248,1.06,tp
NATIONALUM,2026-07-31,2026-07-31 09:15:00+05:30,354.79998779296875,353.16784014020647,-0.376011450211436,-1.63,sl
NATIONALUM,2026-08-03,2026-08-03 11:35:00+05:30,359.8999938964844,361.21785627092635,0.11970476189911028,1.32,tp
NATIONALUM,2026-08-04,2026-08-04 09:25:00+05:30,378.6499938964844,376.807137625558,-0.392014731382272,-1.84,sl
NATIONALUM,2026-08-11,2026-08-11 10:25:00+05:30,393.5,392.2071446010045,-0.2971316999739051,-1.29,sl
NATIONALUM,2026-08-12,2026-08-12 09:20:00+05:30,417.3999938964844,420.403568812779,0.3317549056370374,3.0,tp
NATIONALUM,2026-08-17,2026-08-17 11:40:00+05:30,390.6499938964844,389.3642774309431,-0.297473413894172,-1.29,sl
NATIONALUM,2026-08-18,2026-08-18 11:50:00+05:30,390.5,389.70000130789623,-0.22291913322977264,-0.8,sl
NAUKRI,2026-06-04,2026-06-04 11:10:00+05:30,1021.7000122070312,1018.3285784040179,-0.2979896503513123,-3.37,sl
NAUKRI,2026-06-08,2026-06-08 10:45:00+05:30,993.0,996.4107230050223,0.1060859821765743,3.41,tp
NAUKRI,2026-06-15,2026-06-15 10:55:00+05:30,1000.4500122070312,997.3714338030134,-0.2846316177592778,-3.08,sl
NAUKRI,2026-07-02,2026-07-02 09:20:00+05:30,1030.949951171875,1026.4927978515625,-0.35940075841195274,-4.46,sl
NAUKRI,2026-07-07,2026-07-07 09:50:00+05:30,1062.8499755859375,1057.8249773297991,-0.3836711693031634,-5.02,sl
NAUKRI,2026-07-08,2026-07-08 09:20:00+05:30,1215.0999755859375,1205.7678484235491,-0.5608078684828357,-9.33,sl
NAUKRI,2026-07-14,2026-07-14 11:25:00+05:30,1188.550048828125,1185.0,-0.2792124192813879,-3.55,time
NAUKRI,2026-07-15,2026-07-15 09:25:00+05:30,1197.25,1193.0642961774554,-0.3097659046587401,-4.19,sl
NAUKRI,2026-07-21,2026-07-21 10:05:00+05:30,1221.949951171875,1216.064243861607,-0.38899910203147237,-5.89,sl
NAUKRI,2026-07-28,2026-07-28 09:25:00+05:30,1220.9000244140625,1225.9214477539062,0.14677319548356849,5.02,tp
NAUKRI,2026-08-04,2026-08-04 09:20:00+05:30,1274.800048828125,1270.8428780691963,-0.28624900881826976,-3.96,sl
NAUKRI,2026-08-10,2026-08-10 11:20:00+05:30,1274.0,1277.914297921317,0.08434684087835302,3.91,tp
NAUKRI,2026-08-13,2026-08-13 11:55:00+05:30,1346.0999755859375,1348.2499825613838,-0.004167282619087881,2.15,tp
NAUKRI,2026-08-18,2026-08-18 10:55:00+05:30,1358.4000244140625,1355.5142909458705,-0.22746172333603012,-2.89,sl
NAUKRI,2026-08-19,2026-08-19 11:50:00+05:30,1366.5999755859375,1369.2856706891741,0.017914319532391275,2.69,tp
NCC,2026-06-12,2026-06-12 09:20:00+05:30,149.1699981689453,148.28357151576452,-0.4565435398786498,-0.89,sl
NCC,2026-06-17,2026-06-17 09:25:00+05:30,155.41000366210938,154.96929277692522,-0.2701476899038038,-0.44,sl
NCC,2026-06-19,2026-06-19 10:35:00+05:30,158.2100067138672,159.0107203892299,0.20366486620945148,0.8,tp
NCC,2026-06-22,2026-06-22 09:20:00+05:30,160.07000732421875,159.4542944771903,-0.3307913358614395,-0.62,sl
NCC,2026-07-09,2026-07-09 10:00:00+05:30,145.4600067138672,144.91429138183594,-0.32509912285569487,-0.55,sl
NCC,2026-07-27,2026-07-27 11:40:00+05:30,142.33999633789062,141.90713827950614,-0.28246089764831195,-0.43,sl
NCC,2026-08-07,2026-08-07 09:15:00+05:30,148.00999450683594,147.4257093157087,-0.33685637976302363,-0.58,sl
NCC,2026-08-14,2026-08-14 11:35:00+05:30,143.1699981689453,142.9135687691825,-0.2074650009257781,-0.26,sl
NCC,2026-08-17,2026-08-17 11:50:00+05:30,139.0,139.16213989257812,-0.030011557160521597,0.16,tp
NCC,2026-08-20,2026-08-20 10:55:00+05:30,142.60000610351562,142.20643724714006,-0.26559698717959446,-0.39,sl
NESTLEIND,2026-06-30,2026-06-30 11:10:00+05:30,1420.800048828125,1417.5357578822545,-0.23785011966586805,-3.26,sl
NESTLEIND,2026-07-08,2026-07-08 11:05:00+05:30,1474.300048828125,1477.1286446707588,0.015116153386097748,2.83,tp
NESTLEIND,2026-07-13,2026-07-13 11:55:00+05:30,1439.5999755859375,1437.1356724330358,-0.20270782973160506,-2.46,sl
NESTLEIND,2026-07-20,2026-07-20 10:55:00+05:30,1446.0,1448.9571446010045,0.022703095477366358,2.96,tp
NESTLEIND,2026-07-22,2026-07-22 11:05:00+05:30,1490.5,1495.7071533203125,0.10961368615816842,5.21,tp
NMDC,2026-06-02,2026-06-02 09:25:00+05:30,94.9499969482422,95.57285363333568,0.2935903349842153,0.62,tp
NMDC,2026-06-03,2026-06-03 09:30:00+05:30,97.33999633789062,96.8764261518206,-0.3857428827884061,-0.46,sl
NMDC,2026-06-22,2026-06-22 11:35:00+05:30,88.94999694824219,89.06428255353656,-0.022910213008189385,0.11,tp
NMDC,2026-07-20,2026-07-20 11:10:00+05:30,84.72000122070312,84.53428758893695,-0.23152523306677703,-0.19,sl
NMDC,2026-07-29,2026-07-29 10:30:00+05:30,86.19000244140625,86.41000366210938,0.05315086284121157,0.22,time
NMDC,2026-08-06,2026-08-06 09:20:00+05:30,86.69999694824219,86.41928264072963,-0.2942659635940703,-0.28,sl
NMDC,2026-08-10,2026-08-10 09:35:00+05:30,85.97000122070312,86.2042873927525,0.06351250579693585,0.23,tp
NTPC,2026-06-10,2026-06-10 10:40:00+05:30,357.8500061035156,356.88571384974887,-0.261680967553956,-0.96,sl
NTPC,2026-06-16,2026-06-16 10:35:00+05:30,351.3999938964844,352.1571350097656,0.029278507643507076,0.76,tp
NTPC,2026-06-19,2026-06-19 09:55:00+05:30,367.9500122070313,366.4750061035157,-0.34052279732264756,-1.48,sl
NTPC,2026-07-01,2026-07-01 11:00:00+05:30,358.6000061035156,359.2678658621652,0.011744519902230242,0.67,tp
NTPC,2026-07-06,2026-07-06 11:10:00+05:30,357.3500061035156,357.8250078473772,-0.020245965734112293,0.48,tp
NTPC,2026-07-20,2026-07-20 09:30:00+05:30,345.8999938964844,345.0928475516183,-0.24000804147587332,-0.81,sl
NTPC,2026-07-22,2026-07-22 11:30:00+05:30,349.54998779296875,350.07141767229353,-0.010496942205539367,0.52,tp
NTPC,2026-07-27,2026-07-27 11:45:00+05:30,351.1499938964844,350.6285661969866,-0.18909486690491087,-0.52,sl
NTPC,2026-07-30,2026-07-30 10:45:00+05:30,345.1499938964844,345.8535592215402,0.02230601260276937,0.7,tp
NTPC,2026-08-05,2026-08-05 09:20:00+05:30,345.3999938964844,346.14998953683033,0.030282973989408317,0.75,tp
NTPC,2026-08-13,2026-08-13 09:25:00+05:30,340.5,339.7428545270647,-0.23341770448198984,-0.76,sl
NTPC,2026-08-20,2026-08-20 11:15:00+05:30,337.70001220703125,338.1714390345982,-0.016240424543788604,0.47,tp
OBEROIRLTY,2026-06-05,2026-06-05 10:05:00+05:30,1651.699951171875,1644.4499686104912,-0.3633643921672333,-7.25,sl
OBEROIRLTY,2026-06-23,2026-06-23 09:20:00+05:30,1707.699951171875,1712.3570818219866,0.06362818234839593,4.66,tp
OBEROIRLTY,2026-07-02,2026-07-02 11:45:00+05:30,1840.199951171875,1844.892813546317,0.053011493282135676,4.69,tp
OBEROIRLTY,2026-07-08,2026-07-08 10:50:00+05:30,1923.9000244140625,1917.6785975864955,-0.294025471655009,-6.22,sl
OBEROIRLTY,2026-07-14,2026-07-14 09:20:00+05:30,1945.0999755859373,1938.0356968470978,-0.31790999416504817,-7.06,sl
OBEROIRLTY,2026-07-24,2026-07-24 11:20:00+05:30,1806.0999755859373,1801.978541782924,-0.2369171316779276,-4.12,sl
OBEROIRLTY,2026-08-05,2026-08-05 09:20:00+05:30,1808.300048828125,1802.3071812220983,-0.29884535013679014,-5.99,sl
OBEROIRLTY,2026-08-13,2026-08-13 10:40:00+05:30,1809.0999755859373,1813.1356811523435,0.033846850506948425,4.04,tp
OBEROIRLTY,2026-08-17,2026-08-17 11:40:00+05:30,1870.5,1876.449994768415,0.09085789152895207,5.95,tp
OBEROIRLTY,2026-08-20,2026-08-20 11:50:00+05:30,1889.4000244140625,1892.7214529854912,0.005475659844728889,3.32,tp
OFSS,2026-06-16,2026-06-16 09:55:00+05:30,9507.5,9541.17857142857,0.11253897299124262,33.68,tp
OFSS,2026-06-22,2026-06-22 09:50:00+05:30,9831.5,9781.464285714286,-0.4053595948881479,-50.04,sl
OFSS,2026-06-23,2026-06-23 10:40:00+05:30,9838.0,9864.035714285714,0.05878662910579649,26.04,tp
OFSS,2026-06-25,2026-06-25 10:25:00+05:30,10697.0,10759.92857142857,0.25296945739125354,62.93,tp
OFSS,2026-07-01,2026-07-01 10:30:00+05:30,11041.0,11110.642857142857,0.278459508067332,69.64,tp
OFSS,2026-07-02,2026-07-02 09:25:00+05:30,11139.0,11192.857142857143,0.1901004193759392,53.86,tp
OFSS,2026-07-14,2026-07-14 11:10:00+05:30,11862.0,11820.42857142857,-0.31027530890960725,-41.57,sl
OFSS,2026-07-15,2026-07-15 09:25:00+05:30,11780.0,11740.357142857143,-0.301916080523889,-39.64,sl
OFSS,2026-07-27,2026-07-27 09:30:00+05:30,11156.0,11083.285714285714,-0.49107719100548347,-72.71,sl
OFSS,2026-07-28,2026-07-28 09:20:00+05:30,11396.0,11353.142857142857,-0.3256430827859413,-42.86,sl
OFSS,2026-08-04,2026-08-04 10:45:00+05:30,11614.0,11643.57142857143,0.052771285886495684,29.57,tp
OFSS,2026-08-14,2026-08-14 10:05:00+05:30,11545.0,11591.285714285714,0.1405494029573691,46.29,tp
OFSS,2026-08-17,2026-08-17 10:55:00+05:30,11889.0,11900.0,-0.04448650012616705,11.0,time
OIL,2026-06-03,2026-06-03 09:30:00+05:30,492.3999938964844,494.4785679408482,0.15327872503599008,2.08,tp
OIL,2026-06-04,2026-06-04 11:10:00+05:30,492.0,491.0214276994978,-0.2193380854270985,-0.98,sl
OIL,2026-06-08,2026-06-08 11:55:00+05:30,491.9500122070313,492.9678671700615,0.02414126693040784,1.02,tp
OIL,2026-06-18,2026-06-18 11:55:00+05:30,420.7000122070313,419.69287327357705,-0.24363759033483928,-1.01,sl
OIL,2026-06-29,2026-06-29 11:15:00+05:30,411.25,410.31070818219865,-0.2370395357278562,-0.94,sl
OIL,2026-06-30,2026-06-30 11:00:00+05:30,416.3999938964844,417.4642748151507,0.053354601479303154,1.06,tp
OIL,2026-07-01,2026-07-01 11:35:00+05:30,417.2999877929688,416.55712018694203,-0.20681058630588742,-0.74,sl
OIL,2026-07-02,2026-07-02 10:55:00+05:30,419.8500061035156,418.4500034877232,-0.30007182500036356,-1.4,sl
OIL,2026-07-03,2026-07-03 10:15:00+05:30,423.7999877929688,425.1749856131418,0.09466699288977463,1.37,tp
OIL,2026-07-06,2026-07-06 11:05:00+05:30,423.2999877929688,423.5,-0.07164958004265048,0.2,time
OIL,2026-07-07,2026-07-07 11:50:00+05:30,424.0,424.6178545270647,-0.012567755604050783,0.62,tp
OIL,2026-07-08,2026-07-08 11:05:00+05:30,429.2000122070313,428.1821572440012,-0.2422909973086123,-1.02,sl
OIL,2026-07-10,2026-07-10 11:05:00+05:30,424.25,423.3000052315848,-0.23435400378293852,-0.95,sl
OIL,2026-07-14,2026-07-14 10:35:00+05:30,440.3999938964844,438.8928506033761,-0.30533287656619074,-1.51,sl
OIL,2026-07-20,2026-07-20 09:25:00+05:30,448.5,446.0892857142857,-0.4225035833731475,-2.41,sl
OIL,2026-07-23,2026-07-23 09:15:00+05:30,454.1000061035156,455.2607225690569,0.05336486896368937,1.16,tp
OIL,2026-07-28,2026-07-28 11:15:00+05:30,440.0,439.11786106654574,-0.22029167274376238,-0.88,sl
OIL,2026-07-30,2026-07-30 09:20:00+05:30,454.6499938964844,456.06070600237166,0.08617118110532457,1.41,tp
OIL,2026-07-31,2026-07-31 10:50:00+05:30,457.8999938964844,456.6392735072545,-0.2651959475039751,-1.26,sl
OIL,2026-08-07,2026-08-07 09:20:00+05:30,449.5499877929688,450.54999215262285,0.033467385626700194,1.0,tp
OIL,2026-08-10,2026-08-10 09:20:00+05:30,458.1000061035156,460.71786063058033,0.24287550650761067,2.62,tp
OIL,2026-08-11,2026-08-11 09:20:00+05:30,475.2999877929688,478.04284667968756,0.2462477118236516,2.74,tp
OIL,2026-08-13,2026-08-13 11:40:00+05:30,476.2999877929688,477.00356183733265,-0.01137005302595136,0.7,tp
OIL,2026-08-18,2026-08-18 09:30:00+05:30,485.0,483.36785016741067,-0.301915443206928,-1.63,sl
OIL,2026-08-20,2026-08-20 11:20:00+05:30,470.75,471.8000008719308,0.03382910741550544,1.05,tp
ONGC,2026-06-11,2026-06-11 09:20:00+05:30,255.3500061035156,256.1357203892299,0.08462054441364394,0.79,tp
ONGC,2026-06-23,2026-06-23 09:35:00+05:30,246.1999969482422,245.82142421177457,-0.1922598069439953,-0.38,sl
ONGC,2026-07-01,2026-07-01 11:50:00+05:30,235.58999633789065,235.30714198521207,-0.17203727418194062,-0.28,sl
ONGC,2026-07-06,2026-07-06 09:45:00+05:30,241.1000061035156,240.4000047956194,-0.27420189718178384,-0.7,sl
ONGC,2026-07-13,2026-07-13 09:20:00+05:30,248.2400054931641,248.79428972516743,0.03397137119027424,0.55,tp
ONGC,2026-07-24,2026-07-24 11:45:00+05:30,250.66000366210935,250.38286045619418,-0.16633923287308888,-0.28,sl
ONGC,2026-07-28,2026-07-28 11:25:00+05:30,238.6499938964844,238.34927804129467,-0.1756042395677177,-0.3,sl
ONGC,2026-07-29,2026-07-29 11:30:00+05:30,239.44000244140625,239.649290902274,-0.0475555148512073,0.21,tp
ONGC,2026-08-11,2026-08-11 09:20:00+05:30,242.8800048828125,243.4242891584124,0.03445757526129123,0.54,tp
ONGC,2026-08-18,2026-08-18 09:20:00+05:30,240.33999633789065,240.7721350533622,0.007881847896181512,0.43,tp
ONGC,2026-08-19,2026-08-19 11:20:00+05:30,241.77999877929688,241.39571380615234,-0.1953639610599841,-0.38,sl
ONGC,2026-08-20,2026-08-20 11:05:00+05:30,237.3999938964844,237.70427703857425,-0.02309608679538813,0.3,tp
PAGEIND,2026-06-04,2026-06-04 09:20:00+05:30,37855.0,37971.07142857143,0.083972677698736,116.07,tp
PAGEIND,2026-06-17,2026-06-17 10:30:00+05:30,39315.0,39376.78571428572,-0.005706655038966205,61.79,tp
PAGEIND,2026-06-18,2026-06-18 10:05:00+05:30,39580.0,39500.0,-0.22127337038908543,-80.0,sl
PAGEIND,2026-06-25,2026-06-25 09:40:00+05:30,41405.0,41625.71428571428,0.21983714872254445,220.71,tp
PAGEIND,2026-07-14,2026-07-14 10:55:00+05:30,40160.0,40083.92857142857,-0.21365253272623633,-76.07,sl
PAGEIND,2026-07-28,2026-07-28 11:45:00+05:30,40195.0,40117.142857142855,-0.21621914594921499,-77.86,sl
PAGEIND,2026-08-20,2026-08-20 11:40:00+05:30,35425.0,35515.357142857145,0.053039620929532696,90.36,tp
PERSISTENT,2026-06-15,2026-06-15 10:55:00+05:30,4910.0,4895.392857142857,-0.2784986907186532,-14.61,sl
PERSISTENT,2026-06-24,2026-06-24 11:35:00+05:30,4874.0,4887.285714285715,0.06355003224105059,13.29,tp
PERSISTENT,2026-06-30,2026-06-30 11:40:00+05:30,4317.0,4305.357142857143,-0.2618187233197621,-11.64,sl
PERSISTENT,2026-07-02,2026-07-02 09:20:00+05:30,4490.7998046875,4513.599818638393,0.20462298400068216,22.8,tp
PERSISTENT,2026-07-03,2026-07-03 11:00:00+05:30,4756.60009765625,4737.95720563616,-0.33516240555024635,-18.64,sl
PERSISTENT,2026-07-06,2026-07-06 09:35:00+05:30,4720.89990234375,4702.542829241072,-0.3333081422916615,-18.36,sl
PERSISTENT,2026-07-09,2026-07-09 11:40:00+05:30,4815.5,4801.900006975447,-0.2694527217263434,-13.6,sl
PERSISTENT,2026-07-10,2026-07-10 11:05:00+05:30,5000.0,4984.485735212053,-0.2861711774553587,-15.51,sl
PERSISTENT,2026-07-13,2026-07-13 10:45:00+05:30,5103.2001953125,5083.47869001116,-0.3318722121008072,-19.72,sl
PERSISTENT,2026-07-21,2026-07-21 09:25:00+05:30,5271.60009765625,5285.87859235491,0.06251416383054398,14.28,tp
PERSISTENT,2026-07-28,2026-07-28 09:20:00+05:30,5408.5,5427.921421595982,0.11545443205304853,19.42,tp
PERSISTENT,2026-07-30,2026-07-30 09:45:00+05:30,5632.0,5662.335693359375,0.2231785514137962,30.34,tp
PERSISTENT,2026-07-31,2026-07-31 11:40:00+05:30,5445.10009765625,5458.08576311384,0.04309010183132316,12.99,tp
PERSISTENT,2026-08-07,2026-08-07 09:15:00+05:30,5521.5,5536.428571428572,0.0622229984088189,14.93,tp
PERSISTENT,2026-08-13,2026-08-13 11:45:00+05:30,5492.5,5502.357142857143,0.007679302945577974,9.86,tp
PERSISTENT,2026-08-17,2026-08-17 11:35:00+05:30,5568.0,5579.357142857143,0.022383004926111186,11.36,tp
PERSISTENT,2026-08-20,2026-08-20 09:45:00+05:30,5628.5,5650.75,0.13718575108821177,22.25,tp
PETRONET,2026-06-01,2026-06-01 11:05:00+05:30,276.5,275.7678527832031,-0.25887462208973777,-0.73,sl
PETRONET,2026-06-03,2026-06-03 11:00:00+05:30,270.1000061035156,269.3964320591518,-0.2562918982151085,-0.7,sl
PETRONET,2026-06-15,2026-06-15 10:55:00+05:30,289.04998779296875,289.8571341378348,0.06754465572456722,0.81,tp
PETRONET,2026-07-21,2026-07-21 09:45:00+05:30,276.3500061035156,276.9964338030134,0.0403497778658964,0.65,tp
PETRONET,2026-07-22,2026-07-22 11:10:00+05:30,280.3500061035156,279.7000078473772,-0.2391114482583775,-0.65,sl
PETRONET,2026-07-28,2026-07-28 11:20:00+05:30,273.8500061035156,274.2714407784598,-0.007664488102685526,0.42,tp
PETRONET,2026-08-19,2026-08-19 09:40:00+05:30,290.54998779296875,289.6285618373326,-0.2902789869589079,-0.92,sl
PETRONET,2026-08-20,2026-08-20 11:35:00+05:30,291.1000061035156,291.48929704938615,-0.019761400678481256,0.39,tp
PFC,2026-06-04,2026-06-04 11:35:00+05:30,424.8500061035156,426.0571550641741,0.07048119712598049,1.21,tp
PFC,2026-06-09,2026-06-09 09:50:00+05:30,437.3500061035156,435.5107225690569,-0.3523311090143293,-1.84,sl
PFC,2026-06-10,2026-06-10 10:50:00+05:30,440.4500122070313,439.2142987932478,-0.2683342099492563,-1.24,sl
PFC,2026-06-15,2026-06-15 09:30:00+05:30,430.6000061035156,428.91786193847656,-0.3343907303105812,-1.68,sl
PFC,2026-06-16,2026-06-16 09:25:00+05:30,432.8999938964844,431.4785679408482,-0.2970098372386735,-1.42,sl
PFC,2026-07-22,2026-07-22 11:25:00+05:30,412.4500122070313,411.81430053710943,-0.1924783587499728,-0.64,sl
PFC,2026-07-29,2026-07-29 11:35:00+05:30,424.4500122070313,425.4642987932478,0.043378945512446324,1.01,tp
PFC,2026-08-19,2026-08-19 11:00:00+05:30,374.25,373.6607099260603,-0.1944753625554642,-0.59,sl
PIDILITIND,2026-06-03,2026-06-03 11:35:00+05:30,1460.800048828125,1464.0857631138392,0.034955401528774674,3.29,tp
PIDILITIND,2026-06-09,2026-06-09 11:25:00+05:30,1478.0,1479.8999982561384,-0.02286881233538456,1.9,tp
PIDILITIND,2026-06-10,2026-06-10 09:20:00+05:30,1512.300048828125,1516.685782296317,0.07400251246135378,4.39,tp
PIDILITIND,2026-06-12,2026-06-12 10:55:00+05:30,1548.5999755859375,1553.03568812779,0.07186023292455207,4.44,tp
PIDILITIND,2026-06-17,2026-06-17 09:25:00+05:30,1580.5999755859375,1583.5214059012276,0.010898280162522093,2.92,tp
PIDILITIND,2026-06-25,2026-06-25 10:35:00+05:30,1614.199951171875,1618.3928048270088,0.055848858207060696,4.19,tp
PIDILITIND,2026-07-02,2026-07-02 11:30:00+05:30,1603.9000244140625,1601.0285906110491,-0.20741693718954907,-2.87,sl
PIDILITIND,2026-07-10,2026-07-10 09:55:00+05:30,1610.0,1605.778564453125,-0.257320579386646,-4.22,sl
PIDILITIND,2026-07-15,2026-07-15 11:35:00+05:30,1592.4000244140625,1595.1357596261162,0.0030796974419906777,2.74,tp
PIDILITIND,2026-07-27,2026-07-27 10:55:00+05:30,1620.300048828125,1613.9571794782366,-0.33487758410459145,-6.34,sl
PIDILITIND,2026-08-04,2026-08-04 09:25:00+05:30,1651.199951171875,1655.6285226004463,0.06092193166896563,4.43,tp
PIDILITIND,2026-08-06,2026-08-06 11:05:00+05:30,1670.9000244140625,1674.2000296456474,0.018499198636691763,3.3,tp
PIDILITIND,2026-08-10,2026-08-10 09:40:00+05:30,1669.800048828125,1665.492911202567,-0.2547659899248683,-4.31,sl
PIDILITIND,2026-08-13,2026-08-13 11:55:00+05:30,1691.0,1692.3357456752233,-0.052605120926435975,1.34,tp
PIDILITIND,2026-08-20,2026-08-20 11:30:00+05:30,1657.5,1655.2714146205358,-0.18067277391725686,-2.23,sl
PIIND,2026-06-09,2026-06-09 11:35:00+05:30,2745.0,2753.950038364955,0.09562925387880139,8.95,tp
PIIND,2026-06-12,2026-06-12 09:35:00+05:30,2838.0,2827.57137625558,-0.32047830326469,-10.43,sl
PIIND,2026-06-16,2026-06-16 09:45:00+05:30,2884.0,2875.378574916295,-0.2793639060410228,-8.62,sl
PIIND,2026-06-30,2026-06-30 10:50:00+05:30,2579.39990234375,2571.6785016741073,-0.2796092338212468,-7.72,sl
PIIND,2026-07-08,2026-07-08 11:20:00+05:30,2638.0,2632.142822265625,-0.23321859896228203,-5.86,sl
PIIND,2026-07-20,2026-07-20 09:25:00+05:30,2665.0,2672.07852608817,0.05936644100945224,7.08,tp
PIIND,2026-07-21,2026-07-21 09:25:00+05:30,2690.0,2697.064296177455,0.0575679444785538,7.06,tp
PIIND,2026-07-22,2026-07-22 10:50:00+05:30,2717.60009765625,2725.5572335379466,0.07568006172561724,7.96,tp
PIIND,2026-07-23,2026-07-23 10:00:00+05:30,2742.699951171875,2730.628487723214,-0.36407839713205953,-12.07,sl
PIIND,2026-07-29,2026-07-29 09:45:00+05:30,2747.800048828125,2739.271466936384,-0.2862271287616766,-8.53,sl
PIIND,2026-08-03,2026-08-03 09:20:00+05:30,2792.0,2784.085693359375,-0.2700782229360673,-7.91,sl
PIIND,2026-08-10,2026-08-10 11:25:00+05:30,2767.10009765625,2773.00723702567,0.028086570654019045,5.91,tp
PNB,2026-06-05,2026-06-05 09:45:00+05:30,107.22000122070312,107.53071539742606,0.07387474716589174,0.31,tp
PNB,2026-06-09,2026-06-09 11:05:00+05:30,108.58999633789062,108.28213882446289,-0.270102692960666,-0.31,sl
PNB,2026-06-17,2026-06-17 10:20:00+05:30,108.29000091552734,108.04214423043388,-0.237329402344438,-0.25,sl
PNB,2026-06-24,2026-06-24 11:40:00+05:30,107.5999984741211,107.75714111328125,-0.012373991790743017,0.16,tp
PNB,2026-06-25,2026-06-25 09:40:00+05:30,108.63999938964844,108.87357112339565,0.028997644546820914,0.23,tp
PNB,2026-07-09,2026-07-09 11:25:00+05:30,102.91999816894533,103.1664254324777,0.04366144651179603,0.25,tp
PNB,2026-07-20,2026-07-20 09:20:00+05:30,111.0,111.6385716029576,0.24517383943653911,0.64,tp
PNB,2026-07-27,2026-07-27 09:25:00+05:30,112.08999633789062,111.79285430908203,-0.25905542252648744,-0.3,sl
PNB,2026-08-03,2026-08-03 09:40:00+05:30,113.83000183105467,114.11071613856723,0.04796501958904669,0.28,tp
PNB,2026-08-05,2026-08-05 09:20:00+05:30,114.91000366210938,114.72571672712053,-0.196225008675871,-0.18,sl
PNB,2026-08-06,2026-08-06 09:20:00+05:30,114.0,114.18285533360073,-0.0037603507364592273,0.18,tp
PNB,2026-08-12,2026-08-12 09:20:00+05:30,115.72000122070312,115.98642948695591,0.038141166665554206,0.27,tp
POLICYBZR,2026-06-15,2026-06-15 11:25:00+05:30,1570.0,1566.4928501674108,-0.23403120379321857,-3.51,sl
POLICYBZR,2026-06-30,2026-06-30 11:20:00+05:30,1634.800048828125,1640.0571899414062,0.09294620588186538,5.26,tp
POLICYBZR,2026-07-01,2026-07-01 11:10:00+05:30,1672.5999755859375,1667.1214076450892,-0.2965288061993085,-5.48,sl
POLICYBZR,2026-07-02,2026-07-02 10:00:00+05:30,1699.699951171875,1692.4999389648438,-0.3541629374784813,-7.2,sl
POLICYBZR,2026-07-15,2026-07-15 09:15:00+05:30,1589.699951171875,1585.1071079799108,-0.2733475498409065,-4.59,sl
POLICYBZR,2026-07-17,2026-07-17 09:30:00+05:30,1606.300048828125,1600.1357596261162,-0.3302542120884321,-6.16,sl
POLICYBZR,2026-07-20,2026-07-20 11:55:00+05:30,1581.199951171875,1584.892822265625,0.040129188254013105,3.69,tp
POLICYBZR,2026-07-28,2026-07-28 09:25:00+05:30,1562.4000244140625,1565.7286202566963,0.02782625924044519,3.33,tp
POLICYBZR,2026-08-03,2026-08-03 09:35:00+05:30,1630.4000244140625,1635.1428920200892,0.07454124883485175,4.74,tp
POLICYBZR,2026-08-10,2026-08-10 10:45:00+05:30,1634.0,1628.7714233398438,-0.2919917990265453,-5.23,sl
POLICYBZR,2026-08-19,2026-08-19 09:25:00+05:30,1770.199951171875,1775.6642281668526,0.08520880620384905,5.46,tp
POLYCAB,2026-06-04,2026-06-04 09:20:00+05:30,9663.0,9639.535714285714,-0.24569565795893344,-23.46,sl
POLYCAB,2026-06-15,2026-06-15 11:40:00+05:30,9625.0,9615.392857142857,-0.1598886827458272,-9.61,sl
POLYCAB,2026-06-16,2026-06-16 11:15:00+05:30,9602.5,9584.32142857143,-0.21358649161304236,-18.18,sl
POLYCAB,2026-06-17,2026-06-17 09:45:00+05:30,9738.0,9765.17857142857,0.06745885045330036,27.18,tp
POLYCAB,2026-06-30,2026-06-30 11:10:00+05:30,9834.5,9864.107142857143,0.08063232207316964,29.61,tp
POLYCAB,2026-07-10,2026-07-10 09:55:00+05:30,9141.0,9117.892857142857,-0.2516714332598826,-23.11,sl
POLYCAB,2026-07-14,2026-07-14 10:55:00+05:30,9479.0,9510.17857142857,0.09735354844543084,31.18,tp
POLYCAB,2026-07-15,2026-07-15 09:15:00+05:30,9629.0,9599.892857142857,-0.28137174903194384,-29.11,sl
POLYCAB,2026-07-22,2026-07-22 10:00:00+05:30,9011.0,9039.892857142857,0.09238391172693519,28.89,tp
POLYCAB,2026-07-28,2026-07-28 10:35:00+05:30,9119.0,9119.5,-0.09671016558833206,0.5,time
POLYCAB,2026-08-05,2026-08-05 09:35:00+05:30,9279.5,9251.714285714286,-0.27965869466488774,-27.79,sl
POLYCAB,2026-08-12,2026-08-12 09:25:00+05:30,9152.5,9171.392857142857,0.023853748000154378,18.89,tp
POLYCAB,2026-08-17,2026-08-17 10:00:00+05:30,9370.0,9343.642857142857,-0.26877572800731986,-26.36,sl
POLYCAB,2026-08-18,2026-08-18 11:55:00+05:30,9291.0,9281.964285714286,-0.1583513999723201,-9.04,sl
PRESTIGE,2026-06-05,2026-06-05 09:20:00+05:30,1381.9000244140625,1376.192879813058,-0.3477955496132685,-5.71,sl
PRESTIGE,2026-06-15,2026-06-15 11:20:00+05:30,1450.9000244140625,1455.0785871233259,0.07279878581368893,4.18,tp
PRESTIGE,2026-06-23,2026-06-23 09:30:00+05:30,1528.9000244140625,1534.1786150251116,0.10715248322683935,5.28,tp
PRESTIGE,2026-06-30,2026-06-30 10:45:00+05:30,1563.9000244140625,1568.4714617047991,0.07538604332905718,4.57,tp
PRESTIGE,2026-07-06,2026-07-06 11:35:00+05:30,1709.5,1716.4642944335938,0.14443267974005558,6.96,tp
PRESTIGE,2026-07-09,2026-07-09 11:15:00+05:30,1668.699951171875,1673.1070905412946,0.0584636962321938,4.41,tp
PRESTIGE,2026-08-10,2026-08-10 11:00:00+05:30,1599.0999755859375,1594.142830984933,-0.2859975489970781,-4.96,sl
RBLBANK,2026-06-09,2026-06-09 09:50:00+05:30,354.1000061035156,352.2000078473772,-0.42194265293228755,-1.9,sl
RBLBANK,2026-06-17,2026-06-17 11:10:00+05:30,369.8999938964844,368.9642769949777,-0.25177889974800133,-0.94,sl
RBLBANK,2026-07-03,2026-07-03 09:50:00+05:30,363.25,361.97143118722096,-0.3111882416152582,-1.28,sl
RBLBANK,2026-07-07,2026-07-07 09:25:00+05:30,374.25,372.83571297781805,-0.32673940235381993,-1.41,sl
RBLBANK,2026-07-10,2026-07-10 09:25:00+05:30,368.25,369.3142852783203,0.07340696999108962,1.06,tp
RBLBANK,2026-07-14,2026-07-14 11:55:00+05:30,378.4500122070313,377.8107256208148,-0.20135339922252607,-0.64,sl
RBLBANK,2026-07-20,2026-07-20 11:40:00+05:30,368.0,366.5785675048828,-0.3317552981169327,-1.42,sl
RBLBANK,2026-07-30,2026-07-30 11:05:00+05:30,373.25,374.39286150251115,0.08371517789864473,1.14,tp
RBLBANK,2026-08-03,2026-08-03 11:15:00+05:30,379.0,378.27857099260603,-0.21421039694891267,-0.72,sl
RBLBANK,2026-08-05,2026-08-05 09:55:00+05:30,385.7999877929688,387.27499389648443,0.1293944246012504,1.48,tp
RBLBANK,2026-08-10,2026-08-10 11:15:00+05:30,391.7999877929688,390.9964098249163,-0.22305941701209528,-0.8,sl
RBLBANK,2026-08-20,2026-08-20 09:45:00+05:30,387.4500122070313,388.3892996651786,0.045456822075731915,0.94,tp
RECLTD,2026-06-04,2026-06-04 09:30:00+05:30,331.79998779296875,330.63213021414623,-0.3111858267248439,-1.17,sl
RECLTD,2026-06-12,2026-06-12 11:50:00+05:30,344.6499938964844,344.0178527832031,-0.21004923101280193,-0.63,sl
RECLTD,2026-06-15,2026-06-15 10:45:00+05:30,354.0,353.1678553989955,-0.24104145779736819,-0.83,sl
RECLTD,2026-06-22,2026-06-22 10:20:00+05:30,365.6000061035156,367.2107238769531,0.1643409868513147,1.61,tp
RECLTD,2026-07-06,2026-07-06 11:55:00+05:30,364.3999938964844,364.932137625558,-0.012380284634447162,0.53,tp
RECLTD,2026-07-09,2026-07-09 11:55:00+05:30,348.6499938964844,349.3214220319475,0.015547651894552164,0.67,tp
RECLTD,2026-07-16,2026-07-16 09:15:00+05:30,353.25,352.64285714285717,-0.203124052168634,-0.61,sl
RECLTD,2026-07-17,2026-07-17 10:15:00+05:30,354.1499938964844,352.9821319580078,-0.2978588663454142,-1.17,sl
RECLTD,2026-07-29,2026-07-29 11:55:00+05:30,377.1000061035156,378.29286629813055,0.08979477729642,1.19,tp
RECLTD,2026-08-17,2026-08-17 09:45:00+05:30,337.1000061035156,336.13571384974887,-0.2716331479633338,-0.96,sl
RELIANCE,2026-06-16,2026-06-16 10:45:00+05:30,1326.300048828125,1328.7000470842634,0.00857263821677091,2.4,tp
RELIANCE,2026-07-03,2026-07-03 11:55:00+05:30,1309.300048828125,1307.692879813058,-0.17365014687834965,-1.61,sl
RELIANCE,2026-07-06,2026-07-06 10:50:00+05:30,1319.699951171875,1322.0499529157366,0.006842547433977123,2.35,tp
RELIANCE,2026-07-16,2026-07-16 09:15:00+05:30,1302.0999755859375,1300.057094029018,-0.19413477898271178,-2.04,sl
RELIANCE,2026-07-28,2026-07-28 10:55:00+05:30,1278.0999755859375,1276.5642613002233,-0.17209362248881266,-1.54,sl
RELIANCE,2026-07-30,2026-07-30 11:30:00+05:30,1291.0,1289.2642647879463,-0.18066933595911708,-1.74,sl
RELIANCE,2026-08-06,2026-08-06 11:15:00+05:30,1311.5999755859375,1313.7571323939733,-0.0013194488477128114,2.16,tp
RELIANCE,2026-08-07,2026-08-07 11:20:00+05:30,1330.300048828125,1332.442905970982,-0.0033515569027554913,2.14,tp
SBICARD,2026-06-16,2026-06-16 11:40:00+05:30,611.1500244140625,612.596457345145,0.04200437273672389,1.45,tp
SBICARD,2026-06-18,2026-06-18 10:20:00+05:30,628.3499755859375,626.8035583496094,-0.2476645783158745,-1.55,sl
SBICARD,2026-06-22,2026-06-22 10:50:00+05:30,629.4000244140625,631.0678798130581,0.058994788779832136,1.67,tp
SBICARD,2026-06-25,2026-06-25 09:25:00+05:30,620.0,622.0642830984933,0.09976933211225678,2.06,tp
SBICARD,2026-07-01,2026-07-01 11:35:00+05:30,594.25,595.460710797991,0.022242571105533532,1.21,tp
SBICARD,2026-07-02,2026-07-02 10:30:00+05:30,606.7000122070312,608.3285871233259,0.06105899622815957,1.63,tp
SBICARD,2026-07-07,2026-07-07 10:35:00+05:30,607.0,605.4071393694196,-0.25744915623529385,-1.59,sl
SBICARD,2026-07-10,2026-07-10 09:20:00+05:30,599.0499877929688,597.267844063895,-0.27849699678380935,-1.78,sl
SBICARD,2026-07-14,2026-07-14 09:20:00+05:30,624.2999877929688,626.2428458077567,0.08672350339038193,1.94,tp
SBICARD,2026-07-16,2026-07-16 09:55:00+05:30,647.5,644.5464215959821,-0.3736906629205766,-2.95,sl
SBICARD,2026-07-21,2026-07-21 11:55:00+05:30,643.8499755859375,642.3892647879464,-0.2361227789124382,-1.46,sl
SBICARD,2026-07-28,2026-07-28 09:20:00+05:30,657.5499877929688,659.7892717633929,0.1043297706938001,2.24,tp
SBICARD,2026-07-31,2026-07-31 09:45:00+05:30,663.5,661.442853655134,-0.2860267983300125,-2.06,sl
SBICARD,2026-08-03,2026-08-03 09:20:00+05:30,667.7999877929688,669.3857029506138,0.042472164117796626,1.59,tp
SBICARD,2026-08-17,2026-08-17 11:45:00+05:30,634.5999755859375,635.7071140834263,0.004677454152110516,1.11,tp
SBICARD,2026-08-19,2026-08-19 11:55:00+05:30,618.9500122070312,620.0714416503906,0.00870953271595741,1.12,tp
SBILIFE,2026-06-11,2026-06-11 11:55:00+05:30,1728.0,1731.05712890625,0.006150309244791659,3.06,tp
SBILIFE,2026-07-07,2026-07-07 09:25:00+05:30,1819.199951171875,1814.5213797433037,-0.254306449675008,-4.68,sl
SBILIFE,2026-08-05,2026-08-05 11:15:00+05:30,1893.0,1888.92143031529,-0.22927320712234292,-4.08,sl
SBIN,2026-06-05,2026-06-05 09:25:00+05:30,986.0499877929688,983.4785548618862,-0.2564687163683088,-2.57,sl
SBIN,2026-06-09,2026-06-09 11:50:00+05:30,997.7000122070312,995.6321454729353,-0.22435802598748295,-2.07,sl
SBIN,2026-06-12,2026-06-12 10:50:00+05:30,1016.1500244140624,1014.1464451381138,-0.21830414177890178,-2.0,sl
SBIN,2026-06-18,2026-06-18 11:30:00+05:30,1034.3499755859375,1036.2035435267858,0.007520741601889933,1.85,tp
SBIN,2026-06-24,2026-06-24 11:10:00+05:30,1029.75,1031.249986921038,-0.012600907732670424,1.5,tp
SBIN,2026-06-30,2026-06-30 11:20:00+05:30,1043.8499755859375,1041.7142682756696,-0.2227594401620252,-2.14,sl
SBIN,2026-07-02,2026-07-02 09:35:00+05:30,1056.800048828125,1053.7857666015625,-0.27113637891510356,-3.01,sl
SBIN,2026-07-17,2026-07-17 09:30:00+05:30,1043.800048828125,1041.2786167689733,-0.24493764751108418,-2.52,sl
SBIN,2026-08-06,2026-08-06 09:25:00+05:30,1061.9000244140625,1063.8714599609375,0.01139102560786566,1.97,tp
SBIN,2026-08-12,2026-08-12 09:20:00+05:30,1074.9000244140625,1076.9214564732142,0.012834608609500472,2.02,tp
SHRIRAMFIN,2026-06-05,2026-06-05 10:00:00+05:30,934.6500244140624,938.0821620396205,0.12032659514729345,3.43,tp
SHRIRAMFIN,2026-06-24,2026-06-24 11:00:00+05:30,1000.0,1002.8499930245536,0.07099958147321331,2.85,tp
SHRIRAMFIN,2026-06-25,2026-06-25 09:20:00+05:30,1048.0,1043.6607186453682,-0.34843213862395767,-4.34,sl
SHRIRAMFIN,2026-06-29,2026-06-29 09:25:00+05:30,1054.300048828125,1050.2500523158483,-0.3304844726192531,-4.05,sl
SHRIRAMFIN,2026-06-30,2026-06-30 11:20:00+05:30,1042.1500244140625,1040.1607578822545,-0.21452860827363587,-1.99,sl
SHRIRAMFIN,2026-07-02,2026-07-02 10:45:00+05:30,1061.800048828125,1064.2357700892858,0.037637284751437385,2.44,tp
SHRIRAMFIN,2026-07-06,2026-07-06 10:05:00+05:30,1075.9000244140625,1072.6286010742188,-0.28243832692310095,-3.27,sl
SHRIRAMFIN,2026-07-09,2026-07-09 11:20:00+05:30,1029.0999755859375,1031.9285409109932,0.06491489994129339,2.83,tp
SHRIRAMFIN,2026-07-15,2026-07-15 09:15:00+05:30,1041.5,1045.721435546875,0.1431935984757561,4.22,tp
SHRIRAMFIN,2026-07-23,2026-07-23 09:55:00+05:30,1075.699951171875,1070.9856480189733,-0.36295268384641605,-4.71,sl
SHRIRAMFIN,2026-07-31,2026-07-31 09:25:00+05:30,1052.0,1048.8214329310827,-0.28128709518539996,-3.18,sl
SHRIRAMFIN,2026-08-06,2026-08-06 09:35:00+05:30,1135.199951171875,1139.4428013392858,0.12425213265896572,4.24,tp
SHRIRAMFIN,2026-08-13,2026-08-13 09:45:00+05:30,1137.5,1140.9785766601562,0.08348536229395602,3.48,tp
SHRIRAMFIN,2026-08-20,2026-08-20 09:20:00+05:30,1130.0,1133.4785766601562,0.08470318549502209,3.48,tp
SIEMENS,2026-06-08,2026-06-08 10:55:00+05:30,3659.0,3669.5999930245534,0.07381786867264456,10.6,tp
SIEMENS,2026-06-16,2026-06-16 09:20:00+05:30,3659.300048828125,3646.1143624441966,-0.31620014004838604,-13.19,sl
SIEMENS,2026-06-30,2026-06-30 11:30:00+05:30,3610.60009765625,3604.0072719029017,-0.20955783927931343,-6.59,sl
SIEMENS,2026-07-14,2026-07-14 11:00:00+05:30,3499.300048828125,3488.3286655970983,-0.28811847645990074,-10.97,sl
SIEMENS,2026-07-15,2026-07-15 10:55:00+05:30,3571.0,3580.421404157366,0.05829858567402869,9.42,tp
SIEMENS,2026-07-16,2026-07-16 10:40:00+05:30,3705.0,3723.32137625558,0.19670244948307952,18.32,tp
SIEMENS,2026-07-23,2026-07-23 09:15:00+05:30,3674.0,3685.2427978515625,0.08360584406471147,11.24,tp
SIEMENS,2026-08-03,2026-08-03 10:45:00+05:30,3840.0,3852.457101004464,0.09464220319475344,12.46,tp
SIEMENS,2026-08-04,2026-08-04 09:35:00+05:30,3996.0,4013.1214425223216,0.15707871655137473,17.12,tp
SIEMENS,2026-08-19,2026-08-19 11:55:00+05:30,3917.10009765625,3912.114432198661,-0.17636770059420745,-4.99,sl
SIEMENS,2026-08-20,2026-08-20 10:40:00+05:30,3950.800048828125,3941.764334542411,-0.23722356242849144,-9.04,sl
SRF,2026-06-09,2026-06-09 11:25:00+05:30,2716.0,2720.6428571428573,0.002566799915846912,4.64,tp
SRF,2026-06-10,2026-06-10 11:10:00+05:30,2738.89990234375,2745.221348353795,0.038481424705636175,6.32,tp
SRF,2026-06-12,2026-06-12 11:45:00+05:30,2707.0,2703.2357352120534,-0.1834340182034701,-3.76,sl
SRF,2026-06-16,2026-06-16 10:45:00+05:30,2774.60009765625,2780.942940848214,0.03716232182047691,6.34,tp
SRF,2026-06-23,2026-06-23 09:25:00+05:30,2758.0,2764.278564453125,0.03658950949510514,6.28,tp
SRF,2026-07-02,2026-07-02 09:55:00+05:30,2801.0,2788.2143031529017,-0.3738814033651898,-12.79,sl
SRF,2026-07-06,2026-07-06 09:40:00+05:30,2837.89990234375,2847.1142229352677,0.09481280331080995,9.21,tp
SRF,2026-07-14,2026-07-14 11:10:00+05:30,2751.0,2745.892839704241,-0.21138844701764575,-5.11,sl
SRF,2026-07-16,2026-07-16 09:15:00+05:30,2823.699951171875,2831.349940708705,0.06255245959094152,7.65,tp
SRF,2026-07-21,2026-07-21 09:25:00+05:30,2911.10009765625,2904.0357666015625,-0.2456012672400042,-7.06,sl
SRF,2026-07-31,2026-07-31 11:15:00+05:30,2614.60009765625,2617.8429827008927,-0.02558207931951937,3.24,tp
SRF,2026-08-06,2026-08-06 09:50:00+05:30,2658.0,2650.564278738839,-0.2678492384009205,-7.44,sl
SRF,2026-08-13,2026-08-13 11:25:00+05:30,2571.0,2567.3071812220983,-0.1861801348401802,-3.69,sl
SRF,2026-08-17,2026-08-17 10:55:00+05:30,2633.89990234375,2629.399884905134,-0.20250998759546585,-4.5,sl
SUNPHARMA,2026-06-12,2026-06-12 11:30:00+05:30,1810.5,1813.0714111328125,-0.014783392450289978,2.57,tp
SUNPHARMA,2026-07-03,2026-07-03 09:40:00+05:30,1904.0,1908.6571393694196,0.046758593574147383,4.66,tp
SUNPHARMA,2026-07-09,2026-07-09 09:20:00+05:30,1911.199951171875,1916.0785173688616,0.053157167903712686,4.88,tp
SUNPHARMA,2026-07-14,2026-07-14 11:50:00+05:30,1942.5,1945.3500017438616,-0.011969058104659787,2.85,tp
SUNPHARMA,2026-07-15,2026-07-15 11:40:00+05:30,1962.0,1958.3714163643972,-0.21096586041598805,-3.63,sl
SUPREMEIND,2026-06-04,2026-06-04 11:10:00+05:30,3653.300048828125,3664.142909458705,0.07807780065683208,10.84,tp
SUPREMEIND,2026-06-12,2026-06-12 09:20:00+05:30,3503.0,3506.699951171875,-0.0366265856944048,3.7,time
SUPREMEIND,2026-06-15,2026-06-15 09:20:00+05:30,3582.39990234375,3567.9141671316966,-0.34261504477894206,-14.49,sl
SUPREMEIND,2026-06-23,2026-06-23 09:20:00+05:30,3632.300048828125,3641.5,0.051969017672587,9.2,tp
SUPREMEIND,2026-06-24,2026-06-24 09:20:00+05:30,3578.300048828125,3566.2500348772323,-0.3020514845562878,-12.05,sl
SUPREMEIND,2026-07-02,2026-07-02 10:25:00+05:30,3257.699951171875,3268.9857003348216,0.10785982746299508,11.29,tp
SUPREMEIND,2026-07-08,2026-07-08 11:25:00+05:30,3198.0,3191.057146344866,-0.23025991848281535,-6.94,sl
SUPREMEIND,2026-07-10,2026-07-10 11:00:00+05:30,3286.5,3293.64998953683,0.030533811717574834,7.15,tp
SUPREMEIND,2026-07-13,2026-07-13 11:10:00+05:30,3339.800048828125,3342.0,-0.060477553032309415,2.2,time
SUPREMEIND,2026-07-14,2026-07-14 10:40:00+05:30,3363.800048828125,3374.7000034877233,0.09442216245990459,10.9,tp
SUPREMEIND,2026-07-24,2026-07-24 11:05:00+05:30,3421.89990234375,3432.8498883928573,0.09199835813328264,10.95,tp
SUPREMEIND,2026-07-29,2026-07-29 11:20:00+05:30,3457.0,3440.307146344866,-0.3897226552814705,-16.69,sl
SUPREMEIND,2026-08-04,2026-08-04 09:30:00+05:30,3561.0,3549.7428676060267,-0.2896736713390612,-11.26,sl
SUPREMEIND,2026-08-06,2026-08-06 09:25:00+05:30,3495.10009765625,3503.478672572545,0.04383407654470364,8.38,tp
SUPREMEIND,2026-08-10,2026-08-10 11:05:00+05:30,3440.699951171875,3448.6356026785716,0.03838436863395319,7.94,tp
SUPREMEIND,2026-08-17,2026-08-17 10:00:00+05:30,3632.5,3632.199951171875,-0.10495607149002065,-0.3,time
SUPREMEIND,2026-08-19,2026-08-19 11:55:00+05:30,3616.699951171875,3622.164219447545,-0.009349379001164015,5.46,tp
SUPREMEIND,2026-08-20,2026-08-20 10:40:00+05:30,3650.199951171875,3658.992832728795,0.04453260108280262,8.79,tp
TATACONSUM,2026-06-10,2026-06-10 09:45:00+05:30,1129.699951171875,1133.6642368861608,0.1105489538265534,3.96,tp
TATACONSUM,2026-06-15,2026-06-15 11:30:00+05:30,1109.0,1107.471426827567,-0.18270008146616612,-1.53,sl
TATACONSUM,2026-06-16,2026-06-16 09:50:00+05:30,1124.0,1128.242876325335,0.126488060071259,4.24,tp
TATACONSUM,2026-06-19,2026-06-19 11:15:00+05:30,1116.0999755859375,1118.17138671875,0.011356214216833221,2.07,tp
TATACONSUM,2026-06-25,2026-06-25 11:40:00+05:30,1110.9000244140625,1113.2928728376116,0.02923836732173443,2.39,tp
TATACONSUM,2026-07-02,2026-07-02 11:15:00+05:30,1102.800048828125,1105.1428920200892,0.027466979773195163,2.34,tp
TATACONSUM,2026-07-16,2026-07-16 11:00:00+05:30,1096.0999755859375,1098.1856863839287,0.014170833561576494,2.09,tp
TATACONSUM,2026-07-22,2026-07-22 11:35:00+05:30,1088.699951171875,1085.6785365513392,-0.26651500446657683,-3.02,sl
TATACONSUM,2026-07-23,2026-07-23 09:15:00+05:30,1105.9000244140625,1103.2000209263392,-0.24648721013387187,-2.7,sl
TATACONSUM,2026-07-27,2026-07-27 11:25:00+05:30,1110.0,1106.2214181082588,-0.30424766982384693,-3.78,sl
TATAELXSI,2026-06-02,2026-06-02 09:20:00+05:30,4387.0,4402.714215959822,0.11491975326858753,15.71,tp
TATAELXSI,2026-07-02,2026-07-02 09:20:00+05:30,3715.199951171875,3696.14998953683,-0.40765442321406087,-19.05,sl
TATAELXSI,2026-07-13,2026-07-13 10:40:00+05:30,3734.699951171875,3746.4642508370534,0.08899991676418936,11.76,tp
TATAELXSI,2026-07-24,2026-07-24 11:45:00+05:30,3430.60009765625,3440.1429443359375,0.06690106234545506,9.54,tp
TATAELXSI,2026-07-28,2026-07-28 09:30:00+05:30,3623.0,3610.7428850446427,-0.30298837905642845,-12.26,sl
TATAELXSI,2026-07-29,2026-07-29 09:25:00+05:30,3662.199951171875,3677.4642159598216,0.15008352888643528,15.26,tp
TATAELXSI,2026-08-03,2026-08-03 09:45:00+05:30,3729.800048828125,3717.0429338727677,-0.30521928449272545,-12.76,sl
TATAELXSI,2026-08-07,2026-08-07 09:20:00+05:30,3782.5,3772.1929059709823,-0.2634965344986278,-10.31,sl
TATAELXSI,2026-08-10,2026-08-10 10:50:00+05:30,3855.60009765625,3842.57870047433,-0.30263611659054546,-13.02,sl
TATAELXSI,2026-08-20,2026-08-20 09:25:00+05:30,3729.89990234375,3742.035627092634,0.09521796938183283,12.14,tp
TATAPOWER,2026-06-29,2026-06-29 11:55:00+05:30,388.7999877929688,389.53212629045765,0.012984339579563273,0.73,tp
TATAPOWER,2026-07-15,2026-07-15 10:40:00+05:30,383.2999877929688,384.03927394321994,0.015724420630627584,0.74,tp
TATAPOWER,2026-07-20,2026-07-20 10:30:00+05:30,383.6499938964844,382.57142421177457,-0.26868026094651615,-1.08,sl
TATAPOWER,2026-07-23,2026-07-23 11:00:00+05:30,379.3999938964844,378.78213936941967,-0.19771025888312746,-0.62,sl
TATAPOWER,2026-07-30,2026-07-30 11:30:00+05:30,377.3999938964844,376.74642072405135,-0.20390670635977176,-0.65,sl
TATAPOWER,2026-08-04,2026-08-04 09:35:00+05:30,382.5,383.11071559361045,-0.004201475512086205,0.61,tp
TATAPOWER,2026-08-13,2026-08-13 11:50:00+05:30,380.1499938964844,380.5535692487444,-0.036302718599556576,0.4,tp
TATAPOWER,2026-08-14,2026-08-14 10:05:00+05:30,384.2999877929688,385.5714198521206,0.0985061825976524,1.27,tp
TATAPOWER,2026-08-18,2026-08-18 11:25:00+05:30,381.0,380.44285801478793,-0.18773889530898738,-0.56,sl
TATAPOWER,2026-08-20,2026-08-20 11:05:00+05:30,378.0499877929688,377.55712890625006,-0.17822122512359195,-0.49,sl
TATASTEEL,2026-06-02,2026-06-02 09:30:00+05:30,211.1300048828125,211.7521482195173,0.07680386178651824,0.62,tp
TATASTEEL,2026-07-10,2026-07-10 10:00:00+05:30,193.0500030517578,192.3907176426479,-0.30490610681829033,-0.66,sl
TATASTEEL,2026-08-20,2026-08-20 10:30:00+05:30,185.4199981689453,184.96642303466797,-0.24677223775961935,-0.45,sl
TATATECH,2026-06-04,2026-06-04 10:45:00+05:30,745.9000244140625,742.8000139508929,-0.34936401890627145,-3.1,sl
TATATECH,2026-06-05,2026-06-05 09:30:00+05:30,761.5999755859375,765.1928405761719,0.18305134758993666,3.59,tp
TATATECH,2026-06-15,2026-06-15 09:40:00+05:30,767.5499877929688,769.6785583496094,0.06639207273739917,2.13,tp
TATATECH,2026-06-23,2026-06-23 10:15:00+05:30,756.9000244140625,760.2964695521763,0.1692386070995102,3.4,tp
TATATECH,2026-07-02,2026-07-02 09:20:00+05:30,700.0499877929688,695.2999834333148,-0.5071141583442531,-4.75,sl
TATATECH,2026-07-07,2026-07-07 10:05:00+05:30,742.4500122070312,740.25,-0.2777907337215677,-2.2,time
TATATECH,2026-07-13,2026-07-13 09:30:00+05:30,725.9000244140625,729.1143101283482,0.1656800335732346,3.21,tp
TATATECH,2026-07-16,2026-07-16 11:45:00+05:30,762.4500122070312,764.4892883300781,0.060478149942751254,2.04,tp
TATATECH,2026-07-28,2026-07-28 09:25:00+05:30,735.1500244140625,738.8143136160714,0.1990646056167513,3.66,tp
TATATECH,2026-08-03,2026-08-03 09:25:00+05:30,754.1500244140625,755.8964494977679,0.03894517222052278,1.75,tp
TATATECH,2026-08-04,2026-08-04 10:30:00+05:30,768.3499755859375,765.7821088518415,-0.3005232107000027,-2.57,sl
TATATECH,2026-08-06,2026-08-06 09:40:00+05:30,782.2999877929688,786.9428449358259,0.2560928453512247,4.64,tp
TATATECH,2026-08-07,2026-08-07 10:05:00+05:30,822.5,827.6214294433594,0.2735997162329027,5.12,tp
TATATECH,2026-08-10,2026-08-10 10:50:00+05:30,886.25,880.4892839704241,-0.49000616279215975,-5.76,sl
TATATECH,2026-08-20,2026-08-20 11:50:00+05:30,827.0,829.1214381626675,0.05391328870622439,2.12,tp
TCS,2026-06-02,2026-06-02 09:40:00+05:30,2381.60009765625,2391.44295828683,0.1479726291647349,9.84,tp
TCS,2026-06-22,2026-06-22 11:10:00+05:30,2152.699951171875,2148.028547014509,-0.23020126157822268,-4.67,sl
TCS,2026-06-25,2026-06-25 10:00:00+05:30,2147.39990234375,2139.314208984375,-0.32592047295568877,-8.09,sl
TCS,2026-07-02,2026-07-02 09:20:00+05:30,2044.199951171875,2035.592808314732,-0.35263114360829584,-8.61,sl
TCS,2026-07-13,2026-07-13 09:35:00+05:30,2112.5,2121.449968610491,0.1542002918956007,8.95,tp
TCS,2026-07-16,2026-07-16 09:15:00+05:30,2215.10009765625,2209.0715680803573,-0.2632936475133919,-6.03,sl
TCS,2026-07-23,2026-07-23 11:50:00+05:30,2225.89990234375,2230.2784423828125,0.018025254445237303,4.38,tp
TCS,2026-07-27,2026-07-27 09:25:00+05:30,2289.5,2295.6357073102677,0.0607959985219741,6.14,tp
TCS,2026-07-28,2026-07-28 09:40:00+05:30,2376.39990234375,2386.235613141741,0.14833473831463379,9.84,tp
TCS,2026-07-29,2026-07-29 09:35:00+05:30,2466.699951171875,2453.8713727678573,-0.41204229110856605,-12.83,sl
TCS,2026-07-30,2026-07-30 10:05:00+05:30,2491.699951171875,2481.321358816964,-0.3499159423275569,-10.38,sl
TCS,2026-08-07,2026-08-07 09:20:00+05:30,2425.60009765625,2432.721522739955,0.07615661602057851,7.12,tp
TCS,2026-08-11,2026-08-11 11:40:00+05:30,2441.89990234375,2438.178484235491,-0.191439082446104,-3.72,sl
TCS,2026-08-13,2026-08-13 11:45:00+05:30,2354.89990234375,2358.1498674665177,-0.017194821244000614,3.25,tp
TECHM,2026-06-04,2026-06-04 11:35:00+05:30,1497.699951171875,1494.064243861607,-0.24565162965077747,-3.64,sl
TECHM,2026-07-02,2026-07-02 09:20:00+05:30,1397.9000244140625,1393.1857038225446,-0.302345826275835,-4.71,sl
TECHM,2026-07-03,2026-07-03 11:30:00+05:30,1442.699951171875,1437.928510393415,-0.2984379679745956,-4.77,sl
TECHM,2026-07-07,2026-07-07 11:00:00+05:30,1451.199951171875,1455.814252580915,0.09077873060761615,4.61,tp
TECHM,2026-07-13,2026-07-13 10:50:00+05:30,1480.300048828125,1485.300040108817,0.10266126254539773,5.0,tp
TECHM,2026-07-21,2026-07-21 09:20:00+05:30,1602.5,1606.9285801478795,0.06581267324353932,4.43,tp
TECHM,2026-07-28,2026-07-28 09:20:00+05:30,1624.0,1618.1071254185267,-0.3177170411874364,-5.89,sl
TECHM,2026-08-07,2026-08-07 09:15:00+05:30,1659.0,1663.0071498325892,0.044924044578272,4.01,tp
TECHM,2026-08-13,2026-08-13 09:25:00+05:30,1645.699951171875,1642.0999494280134,-0.2312512068058873,-3.6,sl
TIINDIA,2026-06-05,2026-06-05 09:25:00+05:30,3124.60009765625,3138.79296875,0.17253800134735992,14.19,tp
TIINDIA,2026-06-09,2026-06-09 11:50:00+05:30,3164.0,3155.500017438616,-0.2611880384586105,-8.5,sl
TIINDIA,2026-06-10,2026-06-10 09:25:00+05:30,3134.300048828125,3123.23575265067,-0.31180415413499346,-11.06,sl
TIINDIA,2026-06-16,2026-06-16 09:20:00+05:30,3294.89990234375,3281.4355817522323,-0.3451847580912573,-13.46,sl
TIINDIA,2026-06-19,2026-06-19 10:15:00+05:30,3285.0,3296.1785714285716,0.10417482061317912,11.18,tp
TIINDIA,2026-06-24,2026-06-24 09:35:00+05:30,3332.10009765625,3316.9358258928573,-0.3730579151699372,-15.16,sl
TIINDIA,2026-07-01,2026-07-01 11:50:00+05:30,3065.300048828125,3056.1500244140625,-0.27910203115471033,-9.15,sl
TIINDIA,2026-07-16,2026-07-16 10:40:00+05:30,2984.800048828125,2994.0643310546875,0.08622920279433366,9.26,tp
TIINDIA,2026-07-31,2026-07-31 09:50:00+05:30,2756.0,2769.0285993303573,0.18364149485538472,13.03,tp
TIINDIA,2026-08-04,2026-08-04 09:25:00+05:30,2801.89990234375,2790.9712960379466,-0.33402562589752366,-10.93,sl
TIINDIA,2026-08-06,2026-08-06 11:00:00+05:30,2785.0,2792.0643136160716,0.05219347108233162,7.06,tp
TIINDIA,2026-08-10,2026-08-10 11:10:00+05:30,2811.0,2818.3214285714284,0.056273822228995546,7.32,tp
TIINDIA,2026-08-12,2026-08-12 10:30:00+05:30,2815.199951171875,2827.199933733259,0.15575410847223536,12.0,tp
TIINDIA,2026-08-18,2026-08-18 09:25:00+05:30,2844.300048828125,2858.535801478795,0.200300651962547,14.24,tp
TITAN,2026-06-16,2026-06-16 11:25:00+05:30,4337.0,4328.407156808035,-0.2188772403776529,-8.59,sl
TITAN,2026-07-07,2026-07-07 09:20:00+05:30,4555.7998046875,4567.842738560268,0.05860574725487773,12.04,tp
TITAN,2026-07-13,2026-07-13 11:45:00+05:30,4604.0,4597.69287109375,-0.18219542449500437,-6.31,sl
TITAN,2026-07-16,2026-07-16 09:25:00+05:30,4636.7001953125,4626.550258091518,-0.23134259443269187,-10.15,sl
TITAN,2026-07-21,2026-07-21 11:25:00+05:30,4682.89990234375,4673.571393694197,-0.21952220432751007,-9.33,sl
TITAN,2026-08-05,2026-08-05 11:35:00+05:30,4919.0,4912.385707310268,-0.18067850404226732,-6.61,sl
TITAN,2026-08-06,2026-08-06 09:20:00+05:30,4984.0,4995.257080078125,0.03551862052317415,11.26,tp
TITAN,2026-08-20,2026-08-20 09:25:00+05:30,5102.5,5094.25,-0.1970112689857913,-8.25,sl
TORNTPHARM,2026-06-05,2026-06-05 10:55:00+05:30,4382.10009765625,4369.478724888393,-0.2728126581308452,-12.62,sl
TORNTPHARM,2026-06-09,2026-06-09 11:25:00+05:30,4480.60009765625,4473.435930524553,-0.19593581630430332,-7.16,sl
TORNTPHARM,2026-06-10,2026-06-10 10:40:00+05:30,4534.2001953125,4545.164446149553,0.04508734107137647,10.96,tp
TORNTPHARM,2026-06-11,2026-06-11 09:20:00+05:30,4530.5,4511.78581891741,-0.347842592419243,-18.71,sl
TORNTPHARM,2026-06-25,2026-06-25 11:25:00+05:30,4522.7998046875,4532.342529296875,0.026594919361473027,9.54,tp
TORNTPHARM,2026-06-29,2026-06-29 09:35:00+05:30,4587.0,4568.45734514509,-0.3425461720720775,-18.54,sl
TORNTPHARM,2026-06-30,2026-06-30 11:30:00+05:30,4660.0,4650.535714285715,-0.22185775597792262,-9.46,sl
TORNTPHARM,2026-07-02,2026-07-02 11:55:00+05:30,4663.2998046875,4652.871233258928,-0.2341784384279415,-10.43,sl
TORNTPHARM,2026-07-03,2026-07-03 11:10:00+05:30,4780.7001953125,4770.771589006697,-0.22460860418151915,-9.93,sl
TORNTPHARM,2026-07-15,2026-07-15 10:55:00+05:30,4964.0,4954.08576311384,-0.21983364487703858,-9.91,sl
TORNTPHARM,2026-07-31,2026-07-31 11:00:00+05:30,5040.5,5020.485735212053,-0.33824142193766366,-20.01,sl
TORNTPHARM,2026-08-17,2026-08-17 11:10:00+05:30,4870.5,4860.25,-0.22627040344933785,-10.25,sl
TRENT,2026-06-09,2026-06-09 09:20:00+05:30,2802.0,2789.500017438616,-0.367665579472892,-12.5,sl
TRENT,2026-06-10,2026-06-10 09:30:00+05:30,2810.89990234375,2801.9642159598216,-0.2907364906835237,-8.94,sl
TRENT,2026-06-11,2026-06-11 11:45:00+05:30,2725.300048828125,2716.2572021484375,-0.29908662938400293,-9.04,sl
TRENT,2026-06-15,2026-06-15 09:30:00+05:30,2832.89990234375,2821.228498186384,-0.3471969619761675,-11.67,sl
TRENT,2026-06-17,2026-06-17 09:20:00+05:30,2957.0,2966.249982561384,0.08768987273691022,9.25,tp
TRENT,2026-06-23,2026-06-23 09:20:00+05:30,3226.800048828125,3216.7929164341517,-0.2860753485039935,-10.01,sl
TRENT,2026-06-24,2026-06-24 11:35:00+05:30,3250.60009765625,3237.407244001116,-0.3435154111632442,-13.19,sl
TRENT,2026-06-29,2026-06-29 09:20:00+05:30,3279.699951171875,3267.0142124720983,-0.3320774257762932,-12.69,sl
TRENT,2026-07-02,2026-07-02 09:35:00+05:30,3323.89990234375,3312.87850516183,-0.29894817844812516,-11.02,sl
TRENT,2026-07-03,2026-07-03 10:05:00+05:30,3371.89990234375,3383.2999267578125,0.10285343119714563,11.4,tp
TRENT,2026-07-16,2026-07-16 11:55:00+05:30,2884.0,2888.971435546875,0.0034279239987863907,4.97,tp
TRENT,2026-07-20,2026-07-20 09:35:00+05:30,2905.39990234375,2896.099923270089,-0.29205574556862757,-9.3,sl
TRENT,2026-07-22,2026-07-22 11:55:00+05:30,2886.0,2880.1643415178573,-0.2213234611672071,-5.84,sl
TRENT,2026-07-24,2026-07-24 11:50:00+05:30,2894.5,2901.742850167411,0.05013681466389593,7.24,tp
TRENT,2026-07-29,2026-07-29 10:30:00+05:30,2943.0,2947.885724748884,-0.00039297148044733794,4.89,tp
TRENT,2026-07-30,2026-07-30 11:50:00+05:30,3015.0,3009.185773577009,-0.21570599846748142,-5.81,sl
TRENT,2026-08-03,2026-08-03 11:40:00+05:30,3025.39990234375,3019.4998953683034,-0.2170094631961059,-5.9,sl
TRENT,2026-08-04,2026-08-04 09:25:00+05:30,3074.5,3083.450020926339,0.07466295514078816,8.95,tp
TRENT,2026-08-05,2026-08-05 09:30:00+05:30,3130.800048828125,3126.89990234375,-0.17474408630793614,-3.9,time
TRENT,2026-08-18,2026-08-18 11:20:00+05:30,2961.89990234375,2967.2070661272323,0.007508638883092192,5.31,tp
TVSMOTOR,2026-06-01,2026-06-01 11:55:00+05:30,3406.89990234375,3394.557059151786,-0.3173737452657131,-12.34,sl
TVSMOTOR,2026-06-04,2026-06-04 10:05:00+05:30,3361.10009765625,3348.0357840401784,-0.3332149576595148,-13.06,sl
TVSMOTOR,2026-06-05,2026-06-05 11:50:00+05:30,3384.699951171875,3375.885672433036,-0.25624921912125437,-8.81,sl
TVSMOTOR,2026-06-25,2026-06-25 09:25:00+05:30,3536.60009765625,3523.5572335379466,-0.3212780143326996,-13.04,sl
TVSMOTOR,2026-07-02,2026-07-02 11:20:00+05:30,3595.89990234375,3587.86417061942,-0.23408156971932284,-8.04,sl
TVSMOTOR,2026-07-06,2026-07-06 10:15:00+05:30,3695.5,3707.414236886161,0.09343910517376448,11.91,tp
TVSMOTOR,2026-07-07,2026-07-07 10:05:00+05:30,3745.5,3733.221435546875,-0.29669306292551056,-12.28,sl
TVSMOTOR,2026-07-13,2026-07-13 11:10:00+05:30,3651.60009765625,3660.935773577009,0.05339591966958956,9.34,tp
TVSMOTOR,2026-07-28,2026-07-28 09:30:00+05:30,3918.0,3927.6714215959823,0.04810752826925478,9.67,tp
TVSMOTOR,2026-07-30,2026-07-30 09:25:00+05:30,4150.7998046875,4164.785574776785,0.10216494286461883,13.99,tp
TVSMOTOR,2026-07-31,2026-07-31 11:30:00+05:30,4301.89990234375,4312.221296037947,0.043955841769911234,10.32,tp
ULTRACEMCO,2026-06-11,2026-06-11 11:20:00+05:30,10867.0,10893.714285714286,0.04749766659217576,26.71,tp
ULTRACEMCO,2026-06-30,2026-06-30 11:20:00+05:30,11375.0,11353.642857142857,-0.21265306122449115,-21.36,sl
ULTRACEMCO,2026-07-03,2026-07-03 09:20:00+05:30,11671.0,11647.0,-0.22338274355239485,-24.0,sl
ULTRACEMCO,2026-07-07,2026-07-07 11:15:00+05:30,11724.0,11743.642857142857,0.0005263927474763799,19.64,tp
ULTRACEMCO,2026-07-15,2026-07-15 10:30:00+05:30,11825.0,11853.285714285714,0.04352159468438274,28.29,tp
ULTRACEMCO,2026-07-28,2026-07-28 10:55:00+05:30,11951.0,11930.142857142857,-0.20471329356778403,-20.86,sl
ULTRACEMCO,2026-07-31,2026-07-31 10:25:00+05:30,11907.0,11934.357142857143,0.03785408343231604,27.36,tp
ULTRACEMCO,2026-08-05,2026-08-05 10:40:00+05:30,12072.0,12092.07142857143,-0.00024140869070900933,20.07,tp
ULTRACEMCO,2026-08-07,2026-08-07 11:25:00+05:30,12052.0,12034.857142857143,-0.1853444597221551,-17.14,sl
ULTRACEMCO,2026-08-20,2026-08-20 11:40:00+05:30,11483.0,11496.0,-0.03207349995645737,13.0,tp
UNIONBANK,2026-06-05,2026-06-05 09:20:00+05:30,168.0500030517578,168.44857134137834,0.042303462915536744,0.4,tp
UNIONBANK,2026-06-08,2026-06-08 09:25:00+05:30,169.02999877929688,169.80142647879464,0.1738310495422839,0.77,tp
UNIONBANK,2026-06-18,2026-06-18 09:20:00+05:30,175.50999450683594,176.06713540213448,0.09046467303382372,0.56,tp
UNIONBANK,2026-06-22,2026-06-22 11:45:00+05:30,175.63999938964844,175.39285823277064,-0.18442535563765253,-0.25,sl
UNIONBANK,2026-07-13,2026-07-13 09:35:00+05:30,167.16000366210938,167.88786097935267,0.16125531274139718,0.73,tp
UNIONBANK,2026-07-14,2026-07-14 11:35:00+05:30,168.9600067138672,168.53143637520927,-0.25219116535087555,-0.43,sl
UNIONBANK,2026-07-15,2026-07-15 09:45:00+05:30,173.5399932861328,172.7307074410575,-0.379803806517719,-0.81,sl
UNIONBANK,2026-07-29,2026-07-29 09:55:00+05:30,171.0,170.355712890625,-0.3260656524122807,-0.64,sl
UNIONBANK,2026-08-03,2026-08-03 09:35:00+05:30,173.85000610351562,174.37072099958147,0.07971177835534515,0.52,tp
UNIONBANK,2026-08-05,2026-08-05 09:20:00+05:30,176.1999969482422,176.6342827933175,0.047883945265751085,0.43,tp
UNIONBANK,2026-08-12,2026-08-12 09:25:00+05:30,186.2100067138672,185.63786424909318,-0.28435393721450175,-0.57,sl
UNIONBANK,2026-08-13,2026-08-13 09:45:00+05:30,188.1699981689453,187.50785282679965,-0.31113206629821,-0.66,sl
UNIONBANK,2026-08-14,2026-08-14 10:05:00+05:30,189.02999877929688,188.4999989100865,-0.2682272250858477,-0.53,sl
UNITDSPR,2026-06-09,2026-06-09 11:20:00+05:30,1249.800048828125,1247.4786202566963,-0.211446398498961,-2.32,sl
UNITDSPR,2026-06-18,2026-06-18 10:40:00+05:30,1350.5,1355.2500174386162,0.11103372552163653,4.75,tp
UNITDSPR,2026-06-24,2026-06-24 11:05:00+05:30,1340.9000244140625,1343.5571550641741,0.018896141475099208,2.66,tp
UNITDSPR,2026-07-02,2026-07-02 11:25:00+05:30,1363.300048828125,1365.9857613699776,0.018200503733327867,2.69,tp
UNITDSPR,2026-07-03,2026-07-03 10:50:00+05:30,1382.5,1385.47855922154,0.02926839297823136,2.98,tp
UNITDSPR,2026-07-06,2026-07-06 11:25:00+05:30,1429.5999755859375,1425.8213936941963,-0.2585862600561031,-3.78,sl
UNITDSPR,2026-07-14,2026-07-14 11:20:00+05:30,1388.300048828125,1384.5786307198662,-0.26083345000528274,-3.72,sl
UNITDSPR,2026-07-24,2026-07-24 09:20:00+05:30,1433.5,1438.199994768415,0.09672109250429359,4.7,tp
UNITDSPR,2026-07-28,2026-07-28 10:35:00+05:30,1495.0,1491.142857142857,-0.2548017200191126,-3.86,sl
UNITDSPR,2026-08-04,2026-08-04 09:35:00+05:30,1539.800048828125,1535.6643240792412,-0.26115305693221735,-4.14,sl
UNITDSPR,2026-08-14,2026-08-14 11:20:00+05:30,1527.5,1530.0,-0.0018003273322422363,2.5,tp
UNITDSPR,2026-08-20,2026-08-20 09:45:00+05:30,1541.0,1536.642865862165,-0.26964831166132064,-4.36,sl
UPL,2026-05-29,2026-05-29 11:45:00+05:30,660.25,659.210710797991,-0.194445061901608,-1.04,sl
UPL,2026-06-08,2026-06-08 11:40:00+05:30,630.0,631.1749921526227,0.011904014535498601,1.17,tp
UPL,2026-06-15,2026-06-15 11:10:00+05:30,626.6500244140625,625.0857369559152,-0.24977618101363325,-1.56,sl
UPL,2026-07-02,2026-07-02 09:55:00+05:30,580.3499755859375,582.2428240094866,0.09569382302167585,1.89,tp
UPL,2026-07-03,2026-07-03 09:20:00+05:30,604.9000244140625,602.8214460100446,-0.3061740770499696,-2.08,sl
UPL,2026-07-14,2026-07-14 09:20:00+05:30,593.5999755859375,592.2821175711496,-0.23320667813239887,-1.32,sl
UPL,2026-07-15,2026-07-15 09:15:00+05:30,602.2000122070312,600.1178676060268,-0.3074537919758718,-2.08,sl
UPL,2026-07-21,2026-07-21 09:25:00+05:30,617.1500244140625,615.2250235421317,-0.28715068904924346,-1.93,sl
UPL,2026-08-03,2026-08-03 09:35:00+05:30,619.0,621.4571402413504,0.1381719135396217,2.46,tp
UPL,2026-08-19,2026-08-19 09:55:00+05:30,564.0999755859375,562.7285417829241,-0.24587135568536433,-1.37,sl
VEDL,2026-06-09,2026-06-09 11:45:00+05:30,308.3500061035156,309.20714896065846,0.0667863480155242,0.86,tp
VEDL,2026-06-11,2026-06-11 09:35:00+05:30,303.3500061035156,304.91429574149,0.20940292200433727,1.56,tp
VEDL,2026-06-17,2026-06-17 10:35:00+05:30,305.8999938964844,304.75713893345426,-0.32416246861715003,-1.14,sl
VEDL,2026-07-01,2026-07-01 11:40:00+05:30,280.1499938964844,279.6642761230469,-0.20402665372542678,-0.49,sl
VEDL,2026-07-06,2026-07-06 11:35:00+05:30,282.5,282.05714416503906,-0.19405787645188052,-0.44,sl
VEDL,2026-07-23,2026-07-23 09:20:00+05:30,264.54998779296875,265.0678514753069,0.017451606025417274,0.52,tp
VEDL,2026-08-04,2026-08-04 09:25:00+05:30,271.6499938964844,270.68570600237166,-0.3129846307628122,-0.96,sl
VEDL,2026-08-10,2026-08-10 09:20:00+05:30,281.0,280.0500030517578,-0.30284632346808277,-0.95,sl
VOLTAS,2026-06-04,2026-06-04 09:50:00+05:30,1305.0,1294.1571568080358,-0.5985215260673205,-10.84,sl
VOLTAS,2026-06-05,2026-06-05 11:45:00+05:30,1306.0999755859375,1302.4142543247767,-0.269315733713599,-3.69,sl
VOLTAS,2026-06-08,2026-06-08 10:05:00+05:30,1311.0999755859375,1319.1499720982142,0.2683927997334819,8.05,tp
VOLTAS,2026-06-10,2026-06-10 09:50:00+05:30,1312.800048828125,1318.3143397739955,0.1520242568908869,5.51,tp
VOLTAS,2026-06-15,2026-06-15 10:00:00+05:30,1326.0999755859375,1319.7999616350446,-0.3850470130553721,-6.3,sl
VOLTAS,2026-06-17,2026-06-17 09:20:00+05:30,1362.5999755859375,1368.28568812779,0.1503616311635839,5.69,tp
VOLTAS,2026-06-19,2026-06-19 11:30:00+05:30,1362.199951171875,1358.7999616350446,-0.24975728932769858,-3.4,sl
VOLTAS,2026-07-06,2026-07-06 10:35:00+05:30,1294.9000244140625,1292.2857055664062,-0.22113609383114588,-2.61,sl
VOLTAS,2026-07-07,2026-07-07 11:10:00+05:30,1279.9000244140625,1277.1285923549108,-0.22992102537479744,-2.77,sl
VOLTAS,2026-07-09,2026-07-09 09:25:00+05:30,1274.0,1268.63569859096,-0.3526358591384654,-5.36,sl
VOLTAS,2026-07-13,2026-07-13 09:40:00+05:30,1311.699951171875,1316.4356602260045,0.11662160084241696,4.74,tp
VOLTAS,2026-07-15,2026-07-15 11:40:00+05:30,1369.0999755859375,1371.8714250837054,0.02145714179485473,2.77,tp
VOLTAS,2026-07-30,2026-07-30 11:25:00+05:30,1334.5,1331.1500069754463,-0.2506178954463995,-3.35,sl
VOLTAS,2026-07-31,2026-07-31 09:15:00+05:30,1342.800048828125,1346.0357578822545,0.04458038143296307,3.24,tp
VOLTAS,2026-08-04,2026-08-04 09:50:00+05:30,1351.9000244140625,1357.2571585518974,0.1377602207747631,5.36,tp
VOLTAS,2026-08-12,2026-08-12 10:35:00+05:30,1287.0999755859375,1284.0642700195312,-0.24151374208631832,-3.04,sl
VOLTAS,2026-08-14,2026-08-14 09:20:00+05:30,1309.0,1305.4928501674108,-0.26075553090554104,-3.51,sl
WIPRO,2026-06-16,2026-06-16 09:35:00+05:30,183.1199951171875,182.7228546142578,-0.23012467677564247,-0.4,sl
WIPRO,2026-06-29,2026-06-29 11:25:00+05:30,176.1999969482422,175.84357125418526,-0.22137084003297294,-0.36,sl
WIPRO,2026-07-09,2026-07-09 11:55:00+05:30,173.94000244140625,174.18785967145647,-0.014502508944010605,0.25,tp
WIPRO,2026-07-13,2026-07-13 10:45:00+05:30,176.64999389648438,177.0228511265346,0.026642709176216587,0.37,tp
WIPRO,2026-07-29,2026-07-29 09:40:00+05:30,184.6499938964844,183.9528525216239,-0.32652848022881426,-0.7,sl
WIPRO,2026-07-30,2026-07-30 09:20:00+05:30,188.9600067138672,188.2771486554827,-0.31682621743928097,-0.68,sl
WIPRO,2026-08-07,2026-08-07 09:20:00+05:30,187.6000061035156,187.25429207938055,-0.21056951371663202,-0.35,sl
WIPRO,2026-08-13,2026-08-13 11:50:00+05:30,183.0500030517578,183.2750026157924,-0.026249802693211345,0.22,tp
WIPRO,2026-08-14,2026-08-14 09:30:00+05:30,185.6300048828125,185.17643519810267,-0.24660443013924516,-0.45,sl
YESBANK,2026-06-05,2026-06-05 11:00:00+05:30,23.11000061035156,23.199286188398087,0.13181023545244297,0.09,tp
YESBANK,2026-06-09,2026-06-09 09:20:00+05:30,23.440000534057617,23.38999938964844,-0.2279892745817799,-0.05,time
YESBANK,2026-06-17,2026-06-17 09:45:00+05:30,24.540000915527344,24.665715490068706,0.20737058643339712,0.13,tp
YESBANK,2026-06-18,2026-06-18 09:20:00+05:30,25.43000030517578,25.513571194240026,0.0971786584223559,0.08,tp
YESBANK,2026-06-25,2026-06-25 11:05:00+05:30,25.1200008392334,25.059286662510463,-0.24501793318758971,-0.06,sl
YESBANK,2026-06-29,2026-06-29 09:35:00+05:30,25.36000061035156,25.257857595171245,-0.3416632793106967,-0.1,sl
YESBANK,2026-07-03,2026-07-03 11:25:00+05:30,24.56999969482422,24.509284836905344,-0.24826583314528344,-0.06,sl
YESBANK,2026-07-08,2026-07-08 11:25:00+05:30,23.96999931335449,24.01285648345947,0.007277024612437023,0.04,tp
YESBANK,2026-07-22,2026-07-22 09:40:00+05:30,23.520000457763672,23.440714972359793,-0.3022588873999146,-0.08,sl
YESBANK,2026-07-24,2026-07-24 11:45:00+05:30,22.81999969482422,22.787856919424875,-0.18451211874459464,-0.03,sl
YESBANK,2026-07-31,2026-07-31 11:15:00+05:30,22.729999542236328,22.705713408333917,-0.1641077018693724,-0.02,sl
YESBANK,2026-08-05,2026-08-05 09:20:00+05:30,23.06999969482422,23.01928574698312,-0.23189583488155202,-0.05,sl
YESBANK,2026-08-12,2026-08-12 09:20:00+05:30,22.76000022888184,22.807143075125563,0.02427815229254721,0.05,tp
YESBANK,2026-08-17,2026-08-17 10:55:00+05:30,22.71999931335449,22.682142393929613,-0.19997426206599495,-0.04,sl
ZEEL,2026-05-29,2026-05-29 11:50:00+05:30,94.04000091552734,94.47571563720703,0.17799748028782383,0.44,tp
ZEEL,2026-06-01,2026-06-01 10:05:00+05:30,97.2300033569336,98.0328608921596,0.3954381410100555,0.8,tp
ZEEL,2026-06-04,2026-06-04 09:45:00+05:30,96.8000030517578,97.49643107822962,0.33167025073301876,0.7,tp
ZEEL,2026-06-05,2026-06-05 09:25:00+05:30,109.4000015258789,110.98714283534459,0.7704614007287207,1.59,tp
ZEEL,2026-06-10,2026-06-10 09:25:00+05:30,110.33999633789062,109.61499568394252,-0.4942363665091783,-0.73,sl
ZEEL,2026-06-11,2026-06-11 09:20:00+05:30,106.88999938964844,106.02999986921039,-0.5827389982311125,-0.86,sl
ZEEL,2026-06-16,2026-06-16 09:40:00+05:30,110.8499984741211,111.74928501674107,0.3867586224621854,0.9,tp
ZEEL,2026-06-18,2026-06-18 10:10:00+05:30,113.1999969482422,112.50999777657645,-0.46572395243856657,-0.69,sl
ZEEL,2026-06-19,2026-06-19 09:55:00+05:30,114.04000091552734,114.86071613856724,0.3318038669507682,0.82,tp
ZEEL,2026-07-01,2026-07-01 09:25:00+05:30,106.08000183105467,106.64143099103654,0.21755042437273764,0.56,tp
ZEEL,2026-07-07,2026-07-07 11:30:00+05:30,103.05999755859376,103.49071066720147,0.15075477516647162,0.43,tp
ZEEL,2026-07-10,2026-07-10 09:50:00+05:30,101.8000030517578,101.2971463884626,-0.3963791639806962,-0.5,sl
ZEEL,2026-07-14,2026-07-14 09:25:00+05:30,102.86000061035156,103.47214235578264,0.25707276402804347,0.61,tp
ZEEL,2026-07-16,2026-07-16 10:00:00+05:30,102.3000030517578,102.88000379289899,0.24017637761813837,0.58,tp
ZEEL,2026-07-21,2026-07-21 09:35:00+05:30,109.3000030517578,108.80214364188058,-0.3732988450008366,-0.5,sl
ZEEL,2026-07-28,2026-07-28 11:20:00+05:30,109.5,109.80214200701032,0.06555726411524251,0.3,tp
ZEEL,2026-07-31,2026-07-31 09:25:00+05:30,114.81999969482422,115.67428479875838,0.34641270137853974,0.85,tp
ZEEL,2026-08-05,2026-08-05 10:00:00+05:30,101.33999633789062,100.81499644688198,-0.410834760201596,-0.52,sl
ZEEL,2026-08-10,2026-08-10 11:30:00+05:30,95.01000213623048,94.75785991123746,-0.2592309563143599,-0.25,sl
ZEEL,2026-08-14,2026-08-14 11:25:00+05:30,98.3499984741211,98.75142724173409,0.14489808266868032,0.4,tp
ZYDUSLIFE,2026-06-09,2026-06-09 09:20:00+05:30,1102.4000244140625,1106.4286063058037,0.1192624348252752,4.03,tp
ZYDUSLIFE,2026-06-10,2026-06-10 09:35:00+05:30,1117.0999755859375,1114.0213884626116,-0.2653524585412916,-3.08,sl
ZYDUSLIFE,2026-06-23,2026-06-23 11:10:00+05:30,1121.0,1117.6285749162946,-0.2804509411439103,-3.37,sl
ZYDUSLIFE,2026-06-29,2026-06-29 10:45:00+05:30,1121.4000244140625,1124.1643327985491,0.047903067111007364,2.76,tp
ZYDUSLIFE,2026-07-03,2026-07-03 11:10:00+05:30,1122.0,1120.0714372907366,-0.20313169568253264,-1.93,sl
ZYDUSLIFE,2026-07-06,2026-07-06 11:45:00+05:30,1146.800048828125,1148.9357648577009,0.011739585209728981,2.14,tp
ZYDUSLIFE,2026-07-08,2026-07-08 09:25:00+05:30,1178.699951171875,1174.7213832310267,-0.3025231919400394,-3.98,sl
ZYDUSLIFE,2026-07-14,2026-07-14 10:40:00+05:30,1141.9000244140625,1144.80717250279,0.05275320220188163,2.91,tp
ZYDUSLIFE,2026-07-28,2026-07-28 10:00:00+05:30,1115.4000244140625,1112.5071672712054,-0.25561361374598,-2.89,sl
ZYDUSLIFE,2026-07-29,2026-07-29 10:55:00+05:30,1114.9000244140625,1117.2428937639509,0.02608499229980691,2.34,tp
ZYDUSLIFE,2026-08-04,2026-08-04 11:15:00+05:30,1127.4000244140625,1125.528608049665,-0.1995963982901299,-1.87,sl
ZYDUSLIFE,2026-08-11,2026-08-11 10:30:00+05:30,1138.0999755859375,1142.1214250837054,0.11200858891315729,4.02,tp
ZYDUSLIFE,2026-08-17,2026-08-17 11:15:00+05:30,1147.5,1150.1285836356026,0.03744228160013497,2.63,tp
ZYDUSLIFE,2026-08-20,2026-08-20 10:50:00+05:30,1121.4000244140625,1118.742876325335,-0.24216950405985346,-2.66,sl
ZYDUSWELL,2026-06-04,2026-06-04 10:50:00+05:30,508.7999877929688,507.2106998988561,-0.2874160297455901,-1.59,sl
ZYDUSWELL,2026-06-08,2026-06-08 09:35:00+05:30,518.25,522.0500030517578,0.33994246619482626,3.8,tp
ZYDUSWELL,2026-06-16,2026-06-16 11:05:00+05:30,501.1000061035156,502.0857238769531,0.018026473130859255,0.99,tp
ZYDUSWELL,2026-06-29,2026-06-29 09:25:00+05:30,540.9000244140625,537.1035919189453,-0.5211239405170734,-3.8,sl
ZYDUSWELL,2026-07-02,2026-07-02 11:50:00+05:30,581.4500122070312,584.8535766601562,0.251214829994341,3.4,tp
ZYDUSWELL,2026-07-06,2026-07-06 09:50:00+05:30,605.0,602.085710797991,-0.3890204167281598,-2.91,sl
ZYDUSWELL,2026-07-07,2026-07-07 10:20:00+05:30,589.4000244140625,592.5893205915179,0.22466535921432476,3.19,tp
ZYDUSWELL,2026-07-10,2026-07-10 10:25:00+05:30,582.4500122070312,584.8714381626675,0.14943867163407487,2.42,tp
ZYDUSWELL,2026-07-16,2026-07-16 09:20:00+05:30,584.3499755859375,586.6285487583706,0.1339597776296632,2.28,tp
ZYDUSWELL,2026-07-23,2026-07-23 11:50:00+05:30,564.75,566.2071358816964,0.05480859300891843,1.46,tp
ZYDUSWELL,2026-07-24,2026-07-24 11:40:00+05:30,551.5,553.4428623744419,0.11137215315777868,1.94,tp
ZYDUSWELL,2026-08-10,2026-08-10 11:15:00+05:30,527.25,524.8321446010044,-0.3751471293309342,-2.42,sl
ZYDUSWELL,2026-08-12,2026-08-12 10:35:00+05:30,510.8500061035156,511.0,-0.08238302107950084,0.15,time
ZYDUSWELL,2026-08-20,2026-08-20 10:40:00+05:30,502.25,503.4535718645368,0.04378160651509781,1.2,tp
