sym,day,entry_time,entry_px,exit_px,ret_opt_pct,points,reason
ADANIPORTS,2026-06-02,2026-06-02 13:05:00+05:30,1804.199951171875,1810.3499276297432,0.10452200280374585,6.15,tp
ADANIPORTS,2026-06-16,2026-06-16 14:10:00+05:30,1826.9000244140625,1819.0,-0.3594567072687929,-7.9,sl
ADANIPORTS,2026-07-01,2026-07-01 09:50:00+05:30,1836.300048828125,1844.3571733747208,0.16326170012589009,8.06,tp
ADANIPORTS,2026-07-14,2026-07-14 11:15:00+05:30,1836.5999755859373,1836.5999755859373,-0.1,0.0,sl
ADANIPORTS,2026-07-16,2026-07-16 10:45:00+05:30,1849.0999755859373,1849.0999755859373,-0.1,0.0,sl
ADANIPORTS,2026-07-20,2026-07-20 13:20:00+05:30,1848.0999755859373,1851.6249651227677,0.014441521023649071,3.52,tp
ADANIPORTS,2026-07-31,2026-07-31 12:15:00+05:30,1682.300048828125,1686.907217843192,0.06431678825461634,4.61,tp
ADANIPORTS,2026-07-31,2026-07-31 12:55:00+05:30,1691.4000244140625,1696.88578578404,0.09459954915909266,5.49,tp
ADANIPORTS,2026-07-31,2026-07-31 13:45:00+05:30,1705.800048828125,1697.5,-0.39194683751452886,-8.3,sl
ADANIPORTS,2026-08-14,2026-08-14 13:15:00+05:30,1692.300048828125,1694.4857395717077,-0.022506978176966088,2.19,tp
ADANIPORTS,2026-08-20,2026-08-20 09:30:00+05:30,1686.4000244140625,1689.9357648577009,0.025797215101447175,3.54,tp
AMBUJACEM,2026-06-12,2026-06-12 11:45:00+05:30,411.2999877929688,410.1000061035156,-0.27505203866777683,-1.2,sl
AMBUJACEM,2026-06-12,2026-06-12 13:45:00+05:30,416.2000122070313,417.5232304164342,0.09075706447764809,1.32,tp
AMBUJACEM,2026-07-02,2026-07-02 10:50:00+05:30,430.25,427.5,-0.4834979662986636,-2.75,sl
AMBUJACEM,2026-07-03,2026-07-03 09:45:00+05:30,437.0,439.13214220319475,0.19274263659424437,2.13,tp
AMBUJACEM,2026-07-03,2026-07-03 13:50:00+05:30,442.1499938964844,442.1499938964844,-0.1,0.0,sl
AMBUJACEM,2026-07-09,2026-07-09 12:40:00+05:30,428.0,428.0,-0.1,0.0,sl
AMBUJACEM,2026-07-10,2026-07-10 09:25:00+05:30,435.0,436.8964298793248,0.16157653507928066,1.9,tp
AMBUJACEM,2026-07-15,2026-07-15 10:50:00+05:30,438.4500122070313,438.4500122070313,-0.1,0.0,sl
AMBUJACEM,2026-07-20,2026-07-20 13:50:00+05:30,438.0,439.26964024135043,0.07392332073293566,1.27,tp
AMBUJACEM,2026-07-27,2026-07-27 09:35:00+05:30,432.0,429.7999877929688,-0.4055572509765546,-2.2,time
AMBUJACEM,2026-07-29,2026-07-29 12:10:00+05:30,441.8500061035156,436.8999938964844,-0.7721754629834594,-4.95,sl
AMBUJACEM,2026-08-03,2026-08-03 11:25:00+05:30,442.8999938964844,442.8999938964844,-0.1,0.0,sl
AMBUJACEM,2026-08-05,2026-08-05 10:10:00+05:30,448.6499938964844,446.6000061035156,-0.37415417196351114,-2.05,time
AMBUJACEM,2026-08-20,2026-08-20 09:25:00+05:30,411.3500061035156,412.58750806535994,0.08050350457992708,1.24,tp
AMBUJACEM,2026-08-20,2026-08-20 11:50:00+05:30,413.3500061035156,413.3500061035156,-0.1,0.0,sl
ASHOKLEY,2026-06-12,2026-06-12 12:50:00+05:30,146.1699981689453,146.1699981689453,-0.1,0.0,sl
ASHOKLEY,2026-06-25,2026-06-25 09:25:00+05:30,159.4199981689453,159.4199981689453,-0.1,0.0,sl
ASHOKLEY,2026-06-25,2026-06-25 11:55:00+05:30,160.25999450683594,160.954279763358,0.15993458641698713,0.69,tp
ASHOKLEY,2026-06-30,2026-06-30 11:10:00+05:30,158.52000427246094,158.52000427246094,-0.1,0.0,sl
ASHOKLEY,2026-07-01,2026-07-01 09:45:00+05:30,161.50999450683594,160.32000732421875,-0.542073143368284,-1.19,sl
ASHOKLEY,2026-07-01,2026-07-01 13:35:00+05:30,162.52000427246094,162.52000427246094,-0.1,0.0,sl
ASHOKLEY,2026-07-06,2026-07-06 13:20:00+05:30,167.13999938964844,166.85000610351562,-0.20410193389677833,-0.29,sl
ASHOKLEY,2026-07-15,2026-07-15 09:35:00+05:30,157.57000732421875,157.0,-0.3170491709298051,-0.57,time
ASHOKLEY,2026-07-28,2026-07-28 11:15:00+05:30,156.5500030517578,157.137145451137,0.12503061817957464,0.59,tp
ASHOKLEY,2026-07-28,2026-07-28 12:25:00+05:30,158.27999877929688,158.27999877929688,-0.1,0.0,sl
ASHOKLEY,2026-07-29,2026-07-29 12:00:00+05:30,159.4199981689453,158.7100067138672,-0.3672154547357522,-0.71,sl
ASHOKLEY,2026-07-31,2026-07-31 09:40:00+05:30,163.74000549316406,163.74000549316406,-0.1,0.0,sl
ASHOKLEY,2026-08-03,2026-08-03 12:00:00+05:30,174.77999877929688,174.07000732421875,-0.34373204944622937,-0.71,time
ASHOKLEY,2026-08-05,2026-08-05 09:25:00+05:30,176.8800048828125,177.8110798427037,0.2158327456542254,0.93,tp
ASHOKLEY,2026-08-06,2026-08-06 14:10:00+05:30,177.27999877929688,177.27999877929688,-0.1,0.0,sl
ASHOKLEY,2026-08-13,2026-08-13 09:30:00+05:30,181.1699981689453,182.3014248439244,0.2747066356728666,1.13,tp
ASHOKLEY,2026-08-17,2026-08-17 13:55:00+05:30,176.6999969482422,176.6999969482422,-0.1,0.0,sl
AXISBANK,2026-06-10,2026-06-10 10:35:00+05:30,1304.800048828125,1311.1322152273995,0.19117870151652153,6.33,tp
AXISBANK,2026-06-12,2026-06-12 12:25:00+05:30,1337.9000244140625,1340.8893127441406,0.034058820937115666,2.99,tp
AXISBANK,2026-06-12,2026-06-12 14:00:00+05:30,1344.0,1347.9214128766741,0.07506307485152408,3.92,tp
AXISBANK,2026-06-18,2026-06-18 13:00:00+05:30,1363.0,1363.0,-0.1,0.0,sl
AXISBANK,2026-06-24,2026-06-24 11:05:00+05:30,1382.0,1377.9000244140625,-0.2780018344111795,-4.1,time
AXISBANK,2026-06-25,2026-06-25 10:05:00+05:30,1395.0,1399.210706438337,0.08110565326180455,4.21,tp
AXISBANK,2026-07-01,2026-07-01 11:15:00+05:30,1371.699951171875,1375.7606942313057,0.07762236074856689,4.06,tp
AXISBANK,2026-07-15,2026-07-15 09:20:00+05:30,1339.4000244140625,1346.1607622419085,0.20285520552249886,6.76,tp
AXISBANK,2026-07-29,2026-07-29 14:00:00+05:30,1234.300048828125,1236.550035749163,0.009373093998055193,2.25,tp
AXISBANK,2026-07-31,2026-07-31 12:30:00+05:30,1230.9000244140625,1228.5999755859375,-0.21211546587887398,-2.3,sl
AXISBANK,2026-08-03,2026-08-03 09:40:00+05:30,1245.4000244140625,1244.800048828125,-0.12890519869163056,-0.6,time
AXISBANK,2026-08-03,2026-08-03 12:05:00+05:30,1251.0,1251.0,-0.1,0.0,sl
AXISBANK,2026-08-18,2026-08-18 12:00:00+05:30,1239.5999755859375,1236.5,-0.2500472239589483,-3.1,sl
BAJFINANCE,2026-06-05,2026-06-05 09:50:00+05:30,893.1500244140625,893.1500244140625,-0.1,0.0,sl
BAJFINANCE,2026-06-05,2026-06-05 10:20:00+05:30,908.0,896.0,-0.8929515418502201,-12.0,sl
BAJFINANCE,2026-06-09,2026-06-09 12:40:00+05:30,883.5,883.5,-0.1,0.0,sl
BAJFINANCE,2026-06-12,2026-06-12 13:40:00+05:30,897.0,899.6303558349609,0.07594353411109951,2.63,tp
BAJFINANCE,2026-06-23,2026-06-23 11:15:00+05:30,976.4000244140624,976.4000244140624,-0.1,0.0,sl
BAJFINANCE,2026-06-24,2026-06-24 11:00:00+05:30,979.4000244140624,979.4000244140624,-0.1,0.0,sl
BAJFINANCE,2026-07-10,2026-07-10 12:40:00+05:30,1021.5999755859376,1015.0999755859376,-0.4817541203212303,-6.5,sl
BAJFINANCE,2026-07-15,2026-07-15 09:35:00+05:30,1035.800048828125,1023.9000244140624,-0.7893236447049389,-11.9,time
BAJFINANCE,2026-07-15,2026-07-15 12:10:00+05:30,1030.199951171875,1025.800048828125,-0.35625524474612996,-4.4,sl
BAJFINANCE,2026-07-17,2026-07-17 10:25:00+05:30,1054.5,1054.5,-0.1,0.0,sl
BAJFINANCE,2026-07-21,2026-07-21 09:45:00+05:30,1073.5,1068.4000244140625,-0.38504754090009313,-5.1,time
BAJFINANCE,2026-07-27,2026-07-27 11:55:00+05:30,1044.0,1043.5,-0.12873563218390804,-0.5,time
BAJFINANCE,2026-07-31,2026-07-31 09:20:00+05:30,1102.199951171875,1112.7213614327568,0.47274963130030684,10.52,tp
BAJFINANCE,2026-07-31,2026-07-31 11:55:00+05:30,1131.699951171875,1131.699951171875,-0.1,0.0,sl
BAJFINANCE,2026-07-31,2026-07-31 14:10:00+05:30,1148.5,1148.5,-0.1,0.0,sl
BAJFINANCE,2026-08-10,2026-08-10 13:25:00+05:30,1088.300048828125,1090.6679033551898,0.030544211384413114,2.37,tp
BAJFINANCE,2026-08-17,2026-08-17 12:30:00+05:30,1096.300048828125,1098.5607735770088,0.023728430987505763,2.26,tp
BALRAMCHIN,2026-06-01,2026-06-01 14:05:00+05:30,529.4500122070312,529.4500122070312,-0.1,0.0,sl
BALRAMCHIN,2026-06-02,2026-06-02 11:55:00+05:30,537.0999755859375,538.546404157366,0.061582048465067096,1.45,tp
BALRAMCHIN,2026-06-08,2026-06-08 13:05:00+05:30,551.9500122070312,551.9500122070312,-0.1,0.0,sl
BALRAMCHIN,2026-06-15,2026-06-15 09:50:00+05:30,566.9000244140625,562.8499755859375,-0.5286521771429863,-4.05,sl
BALRAMCHIN,2026-06-24,2026-06-24 11:40:00+05:30,536.1500244140625,536.1500244140625,-0.1,0.0,sl
BALRAMCHIN,2026-06-30,2026-06-30 09:45:00+05:30,536.2000122070312,539.9446563720703,0.31902022526548074,3.74,tp
BALRAMCHIN,2026-07-02,2026-07-02 12:05:00+05:30,563.4000244140625,563.4000244140625,-0.1,0.0,sl
BALRAMCHIN,2026-07-13,2026-07-13 09:25:00+05:30,584.4500122070312,588.4946812220982,0.3152282245449756,4.04,tp
BALRAMCHIN,2026-07-13,2026-07-13 09:45:00+05:30,591.5999755859375,585.4500122070312,-0.7237285631543663,-6.15,sl
BALRAMCHIN,2026-07-13,2026-07-13 11:10:00+05:30,599.5,599.5,-0.1,0.0,sl
BALRAMCHIN,2026-07-16,2026-07-16 11:30:00+05:30,595.9500122070312,592.5999755859375,-0.43728029725385326,-3.35,sl
BALRAMCHIN,2026-07-17,2026-07-17 09:40:00+05:30,608.5499877929688,611.8660670689175,0.2269489122471418,3.32,tp
BALRAMCHIN,2026-07-21,2026-07-21 09:40:00+05:30,614.5,618.0249960763114,0.24418187889126453,3.52,tp
BALRAMCHIN,2026-07-21,2026-07-21 11:20:00+05:30,619.1500244140625,624.4107491629464,0.40980129611033833,5.26,tp
BALRAMCHIN,2026-07-21,2026-07-21 12:00:00+05:30,628.7000122070312,632.192873273577,0.23334127552670142,3.49,tp
BALRAMCHIN,2026-07-22,2026-07-22 13:50:00+05:30,628.5,622.0499877929688,-0.715752955325179,-6.45,sl
BALRAMCHIN,2026-08-03,2026-08-03 11:45:00+05:30,630.2000122070312,630.2000122070312,-0.1,0.0,sl
BALRAMCHIN,2026-08-10,2026-08-10 09:30:00+05:30,645.25,640.2999877929688,-0.5602878456751259,-4.95,sl
BALRAMCHIN,2026-08-10,2026-08-10 12:50:00+05:30,648.6500244140625,648.6500244140625,-0.1,0.0,sl
BALRAMCHIN,2026-08-14,2026-08-14 12:40:00+05:30,630.0499877929688,622.0,-0.866604677305122,-8.05,sl
BALRAMCHIN,2026-08-17,2026-08-17 11:25:00+05:30,648.0499877929688,648.0499877929688,-0.1,0.0,sl
BALRAMCHIN,2026-08-18,2026-08-18 11:40:00+05:30,667.4000244140625,667.4000244140625,-0.1,0.0,sl
BALRAMCHIN,2026-08-20,2026-08-20 10:55:00+05:30,693.75,701.7160557338169,0.5889561715733548,7.97,tp
BALRAMCHIN,2026-08-20,2026-08-20 11:30:00+05:30,709.0,718.2089102608817,0.6793153958433016,9.21,tp
BALRAMCHIN,2026-08-20,2026-08-20 12:10:00+05:30,736.5999755859375,736.5999755859375,-0.1,0.0,sl
BANDHANBNK,2026-06-05,2026-06-05 11:10:00+05:30,208.0,206.16000366210935,-0.6307681743915345,-1.84,time
BANDHANBNK,2026-06-15,2026-06-15 11:55:00+05:30,213.3999938964844,214.21535437447687,0.12924850083772277,0.82,tp
BANDHANBNK,2026-06-24,2026-06-24 13:20:00+05:30,211.02999877929688,211.02999877929688,-0.1,0.0,sl
BANDHANBNK,2026-06-24,2026-06-24 13:40:00+05:30,212.0500030517578,212.0500030517578,-0.1,0.0,sl
BANDHANBNK,2026-06-30,2026-06-30 12:10:00+05:30,203.30999755859372,202.80999755859372,-0.24755791825413817,-0.5,sl
BANDHANBNK,2026-07-01,2026-07-01 12:20:00+05:30,206.5,205.7700042724609,-0.3121052961372661,-0.73,sl
BANDHANBNK,2026-07-06,2026-07-06 10:05:00+05:30,205.2899932861328,204.47999572753903,-0.33673756688124745,-0.81,sl
BANDHANBNK,2026-07-10,2026-07-10 09:25:00+05:30,205.55999755859372,206.61214283534454,0.20710603889287732,1.05,tp
BANDHANBNK,2026-07-10,2026-07-10 09:45:00+05:30,209.7100067138672,206.9600067138672,-0.8868007949908157,-2.75,sl
BANDHANBNK,2026-07-10,2026-07-10 12:05:00+05:30,209.8800048828125,209.8800048828125,-0.1,0.0,sl
BANDHANBNK,2026-07-15,2026-07-15 09:35:00+05:30,215.8500061035156,217.28893715994695,0.29998082439004986,1.44,tp
BANDHANBNK,2026-07-15,2026-07-15 11:05:00+05:30,220.1999969482422,218.17999267578125,-0.6504098911324884,-2.02,sl
BANDHANBNK,2026-07-21,2026-07-21 09:55:00+05:30,215.1199951171875,213.5,-0.5518394813940939,-1.62,time
BANDHANBNK,2026-07-27,2026-07-27 09:45:00+05:30,169.69000244140625,169.55999755859375,-0.14596789944324168,-0.13,time
BANDHANBNK,2026-07-29,2026-07-29 12:15:00+05:30,172.16000366210938,172.16000366210938,-0.1,0.0,sl
BANDHANBNK,2026-08-20,2026-08-20 09:25:00+05:30,174.2100067138672,174.2100067138672,-0.1,0.0,sl
BANKBARODA,2026-06-09,2026-06-09 10:50:00+05:30,265.20001220703125,266.7803693498884,0.25754684844209835,1.58,tp
BANKBARODA,2026-06-09,2026-06-09 11:55:00+05:30,269.79998779296875,271.0696280343192,0.18235143783431668,1.27,tp
BANKBARODA,2026-06-12,2026-06-12 10:55:00+05:30,275.6000061035156,273.5,-0.5571856437608772,-2.1,sl
BANKBARODA,2026-06-17,2026-06-17 11:10:00+05:30,278.29998779296875,279.41963849748885,0.14139074817775873,1.12,tp
BANKBARODA,2026-06-22,2026-06-22 10:55:00+05:30,284.1000061035156,284.1000061035156,-0.1,0.0,sl
BANKBARODA,2026-06-22,2026-06-22 14:20:00+05:30,285.04998779296875,285.71427154541016,0.03982468638248971,0.66,tp
BANKBARODA,2026-07-10,2026-07-10 12:45:00+05:30,251.3500061035156,251.93929181780132,0.04066895563384992,0.59,tp
BANKBARODA,2026-07-20,2026-07-20 11:05:00+05:30,253.0,252.3000030517578,-0.2660071814013093,-0.7,time
BANKBARODA,2026-07-20,2026-07-20 13:15:00+05:30,254.1000061035156,254.63571875435963,0.026496490667330494,0.54,tp
BANKBARODA,2026-07-24,2026-07-24 13:15:00+05:30,245.6000061035156,246.52679279872345,0.12641368212765342,0.93,tp
BANKBARODA,2026-07-29,2026-07-29 11:45:00+05:30,243.8500061035156,243.8500061035156,-0.1,0.0,sl
BANKBARODA,2026-07-31,2026-07-31 13:05:00+05:30,243.6999969482422,244.0321453639439,-0.018223614314057036,0.33,tp
BANKINDIA,2026-06-03,2026-06-03 14:00:00+05:30,138.72000122070312,138.72000122070312,-0.1,0.0,sl
BANKINDIA,2026-06-05,2026-06-05 09:45:00+05:30,141.85000610351562,142.48428998674666,0.16829066870881781,0.63,tp
BANKINDIA,2026-06-09,2026-06-09 10:55:00+05:30,143.69000244140625,144.3360721043178,0.16977645706770592,0.65,tp
BANKINDIA,2026-06-09,2026-06-09 13:55:00+05:30,146.1300048828125,146.6882166181292,0.12919799493512985,0.56,tp
BANKINDIA,2026-07-09,2026-07-09 12:50:00+05:30,138.1199951171875,138.1199951171875,-0.1,0.0,sl
BANKINDIA,2026-07-10,2026-07-10 12:55:00+05:30,144.52000427246094,145.04286030360632,0.11707279920625362,0.52,tp
BANKINDIA,2026-07-15,2026-07-15 12:15:00+05:30,145.75999450683594,145.75999450683594,-0.1,0.0,sl
BANKINDIA,2026-07-20,2026-07-20 13:10:00+05:30,145.74000549316406,146.1385770525251,0.06408873789142545,0.4,tp
BANKINDIA,2026-07-20,2026-07-20 13:45:00+05:30,146.4499969482422,146.92999649047852,0.09665396472734694,0.48,tp
BANKINDIA,2026-07-31,2026-07-31 13:50:00+05:30,138.52000427246094,137.94000244140625,-0.3512280449748718,-0.58,sl
BANKINDIA,2026-08-03,2026-08-03 09:40:00+05:30,140.82000732421875,141.34714998517717,0.12460274117643433,0.53,tp
BANKINDIA,2026-08-05,2026-08-05 09:25:00+05:30,142.10000610351562,142.63036455426897,0.12393740801122403,0.53,tp
BANKINDIA,2026-08-06,2026-08-06 12:55:00+05:30,141.67999267578125,141.93820898873466,0.009351916841627922,0.26,tp
BANKINDIA,2026-08-12,2026-08-12 09:25:00+05:30,144.5,145.0399992806571,0.12422115459810347,0.54,tp
BANKINDIA,2026-08-20,2026-08-20 12:55:00+05:30,143.6199951171875,142.94000244140625,-0.3840799466229224,-0.68,time
BEL,2026-06-04,2026-06-04 14:25:00+05:30,410.2000122070313,411.07858821323947,0.02850940712767298,0.88,tp
BEL,2026-06-08,2026-06-08 12:35:00+05:30,412.7000122070313,413.70180184500566,0.045644236735104246,1.0,tp
BEL,2026-06-17,2026-06-17 10:05:00+05:30,411.0,411.0,-0.1,0.0,sl
BEL,2026-06-17,2026-06-17 12:15:00+05:30,414.2000122070313,414.2000122070313,-0.1,0.0,sl
BEL,2026-06-18,2026-06-18 12:00:00+05:30,429.2000122070313,428.6000061035156,-0.18387783128388072,-0.6,time
BEL,2026-06-22,2026-06-22 13:05:00+05:30,429.5499877929688,428.7999877929688,-0.20476079915916273,-0.75,sl
BEL,2026-07-01,2026-07-01 10:50:00+05:30,416.0,415.2000122070313,-0.21538285475509997,-0.8,time
BEL,2026-07-13,2026-07-10 14:00:00+05:30,415.1000061035156,413.8500061035156,-0.2806793517157812,-1.25,sl
BEL,2026-07-15,2026-07-15 11:10:00+05:30,414.1499938964844,412.2999877929688,-0.3680197219529075,-1.85,sl
BEL,2026-08-06,2026-08-06 11:15:00+05:30,397.6000061035156,397.6000061035156,-0.1,0.0,sl
BEL,2026-08-10,2026-08-10 11:35:00+05:30,402.8999938964844,403.71963936941967,0.022061874214753256,0.82,tp
BEL,2026-08-13,2026-08-13 11:20:00+05:30,406.7999877929688,408.58928135463174,0.1639076128842288,1.79,tp
BEL,2026-08-18,2026-08-18 13:20:00+05:30,416.1499938964844,412.7999877929688,-0.5829998057405525,-3.35,sl
BHARTIARTL,2026-07-01,2026-07-01 12:20:00+05:30,1886.300048828125,1876.9000244140625,-0.3989988073181355,-9.4,sl
BHARTIARTL,2026-07-03,2026-07-03 12:00:00+05:30,1903.199951171875,1906.9713614327568,0.018896921741499248,3.77,tp
BHARTIARTL,2026-07-07,2026-07-07 11:55:00+05:30,1954.5,1942.800048828125,-0.45916964457022263,-11.7,sl
BHARTIARTL,2026-07-09,2026-07-09 10:25:00+05:30,1956.0,1956.0,-0.1,0.0,sl
BHARTIARTL,2026-07-14,2026-07-14 10:10:00+05:30,1929.5999755859373,1937.410705566406,0.14287096017702727,7.81,tp
BHARTIARTL,2026-07-16,2026-07-16 11:35:00+05:30,1930.300048828125,1933.953604561942,0.013564388169655276,3.65,tp
BHARTIARTL,2026-07-31,2026-07-31 12:40:00+05:30,1969.699951171875,1971.585688999721,-0.04255761157761842,1.89,tp
BHARTIARTL,2026-08-07,2026-08-07 13:25:00+05:30,1959.9000244140625,1954.0,-0.280622205436006,-5.9,sl
BHARTIARTL,2026-08-14,2026-08-14 11:15:00+05:30,1996.4000244140625,1996.4000244140625,-0.1,0.0,sl
BHEL,2026-06-18,2026-06-18 11:05:00+05:30,398.3999938964844,398.3999938964844,-0.1,0.0,sl
BHEL,2026-06-18,2026-06-18 12:20:00+05:30,402.6499938964844,404.3535646711077,0.15385383838767905,1.7,tp
BHEL,2026-06-19,2026-06-19 09:35:00+05:30,410.9500122070313,410.9500122070313,-0.1,0.0,sl
BHEL,2026-06-19,2026-06-19 11:15:00+05:30,417.3999938964844,419.18392181396484,0.15643429950641796,1.78,tp
BHEL,2026-06-30,2026-06-30 12:30:00+05:30,418.8999938964844,418.8999938964844,-0.1,0.0,sl
BHEL,2026-07-08,2026-07-08 12:15:00+05:30,382.8999938964844,384.3357140677316,0.12497574209448031,1.44,tp
BHEL,2026-07-10,2026-07-10 11:00:00+05:30,395.0,393.7999877929688,-0.28228033524524454,-1.2,sl
BHEL,2026-07-13,2026-07-13 09:25:00+05:30,400.4500122070313,402.31430053710943,0.179328995866924,1.86,tp
BHEL,2026-07-13,2026-07-13 09:55:00+05:30,406.4500122070313,406.4500122070313,-0.1,0.0,sl
BHEL,2026-07-15,2026-07-15 12:30:00+05:30,408.3999938964844,405.6000061035156,-0.5113596231362999,-2.8,sl
BHEL,2026-07-15,2026-07-15 13:20:00+05:30,412.3500061035156,412.3500061035156,-0.1,0.0,sl
BHEL,2026-07-31,2026-07-31 09:55:00+05:30,411.6499938964844,408.1499938964844,-0.610142118580494,-3.5,time
BHEL,2026-08-07,2026-08-07 10:30:00+05:30,416.3999938964844,418.5160653250558,0.20490943221735392,2.12,tp
BHEL,2026-08-12,2026-08-12 13:20:00+05:30,415.2999877929688,417.6999936785017,0.24673815883606312,2.4,tp
BHEL,2026-08-14,2026-08-14 12:45:00+05:30,426.5,425.2000122070313,-0.28288222175409516,-1.3,time
BPCL,2026-06-12,2026-06-12 09:40:00+05:30,296.5,296.5,-0.1,0.0,sl
BPCL,2026-06-17,2026-06-17 09:55:00+05:30,318.8999938964844,316.8500061035156,-0.48569855732907546,-2.05,sl
BPCL,2026-06-30,2026-06-30 11:40:00+05:30,302.95001220703125,303.533935546875,0.0156474632081624,0.58,tp
BPCL,2026-07-02,2026-07-02 09:25:00+05:30,308.45001220703125,309.52144731794084,0.10841661245072882,1.07,tp
BPCL,2026-07-02,2026-07-02 09:45:00+05:30,313.5,311.79998779296875,-0.4253611879485646,-1.7,time
BPCL,2026-07-07,2026-07-07 14:00:00+05:30,312.1499938964844,313.2321472167969,0.10800640874041442,1.08,tp
BPCL,2026-07-09,2026-07-09 11:55:00+05:30,306.5,307.36249869210377,0.06884150579519158,0.86,tp
BPCL,2026-07-09,2026-07-09 14:05:00+05:30,308.0,308.6696461268834,0.030450544198060776,0.67,tp
BPCL,2026-07-10,2026-07-10 12:40:00+05:30,312.1499938964844,312.1499938964844,-0.1,0.0,sl
BPCL,2026-07-16,2026-07-16 09:40:00+05:30,317.3999938964844,315.5,-0.459167095088987,-1.9,time
BPCL,2026-07-27,2026-07-27 11:30:00+05:30,317.6499938964844,316.04998779296875,-0.40222058257687876,-1.6,sl
BPCL,2026-08-14,2026-08-14 09:35:00+05:30,317.25,317.25,-0.1,0.0,sl
BPCL,2026-08-20,2026-08-20 11:20:00+05:30,309.20001220703125,310.03573172433033,0.06217066318991789,0.84,tp
BSOFT,2026-06-02,2026-06-02 10:30:00+05:30,352.75,352.75,-0.1,0.0,sl
BSOFT,2026-07-03,2026-07-03 10:15:00+05:30,287.6000061035156,285.70001220703125,-0.4963825847348234,-1.9,time
BSOFT,2026-07-07,2026-07-07 13:30:00+05:30,283.5,285.29463958740234,0.2798179020957341,1.79,tp
BSOFT,2026-07-09,2026-07-09 12:50:00+05:30,275.25,276.18750653948103,0.10436109852447624,0.94,tp
BSOFT,2026-07-10,2026-07-10 10:25:00+05:30,288.29998779296875,289.1000061035156,0.06649705398975804,0.8,time
BSOFT,2026-07-10,2026-07-10 13:00:00+05:30,291.29998779296875,291.29998779296875,-0.1,0.0,sl
BSOFT,2026-07-13,2026-07-13 10:45:00+05:30,297.0,299.71606881277904,0.4487007702583924,2.72,tp
BSOFT,2026-07-16,2026-07-16 09:50:00+05:30,290.79998779296875,291.9196352277483,0.13101392333826437,1.12,tp
BSOFT,2026-07-20,2026-07-20 12:10:00+05:30,292.8500061035156,291.54998779296875,-0.3663517056757067,-1.3,time
BSOFT,2026-07-27,2026-07-27 10:10:00+05:30,291.6499938964844,292.45001220703125,0.06458460359114418,0.8,time
BSOFT,2026-07-27,2026-07-27 14:00:00+05:30,294.6499938964844,295.52320098876953,0.07781241005392907,0.87,tp
BSOFT,2026-07-28,2026-07-28 09:35:00+05:30,305.5,305.5,-0.1,0.0,sl
BSOFT,2026-07-29,2026-07-29 10:55:00+05:30,321.29998779296875,311.75,-1.8833778068716889,-9.55,time
BSOFT,2026-08-03,2026-08-03 10:00:00+05:30,312.20001220703125,314.4660862513951,0.3355042836182461,2.27,tp
BSOFT,2026-08-03,2026-08-03 10:55:00+05:30,316.3999938964844,318.6232016427176,0.32159439743110796,2.22,tp
BSOFT,2026-08-10,2026-08-10 10:45:00+05:30,324.0,322.6499938964844,-0.3500011302806713,-1.35,sl
CANBK,2026-06-04,2026-06-04 10:50:00+05:30,133.11000061035156,132.60000610351562,-0.3298825803459324,-0.51,time
CANBK,2026-06-09,2026-06-09 11:45:00+05:30,136.1999969482422,136.8257108415876,0.1756448931125305,0.63,tp
CANBK,2026-06-17,2026-06-17 12:40:00+05:30,135.27000427246094,135.27000427246094,-0.1,0.0,sl
CANBK,2026-07-06,2026-07-06 12:10:00+05:30,127.47000122070312,126.80999755859376,-0.4106630528542739,-0.66,sl
CANBK,2026-07-10,2026-07-10 12:45:00+05:30,127.88999938964844,128.36356816973006,0.12217629948004459,0.47,tp
CANBK,2026-07-10,2026-07-10 13:05:00+05:30,130.61000061035156,128.91000366210938,-0.8809495170191982,-1.7,time
CANBK,2026-07-20,2026-07-20 09:25:00+05:30,127.93000030517578,128.53857176644462,0.18542396301903996,0.61,tp
CANBK,2026-07-27,2026-07-27 12:45:00+05:30,128.60000610351562,127.31999969482422,-0.6972035837981568,-1.28,time
CANBK,2026-08-03,2026-08-03 09:45:00+05:30,126.68000030517578,126.68000030517578,-0.1,0.0,sl
CANBK,2026-08-05,2026-08-05 10:00:00+05:30,129.6699981689453,129.33999633789062,-0.2526961528717225,-0.33,sl
CANBK,2026-08-06,2026-08-06 12:25:00+05:30,129.89999389648438,129.89999389648438,-0.1,0.0,sl
CANBK,2026-08-11,2026-08-11 12:45:00+05:30,130.4499969482422,130.10000610351562,-0.2609770116892035,-0.35,sl
CANBK,2026-08-12,2026-08-12 09:35:00+05:30,132.5,133.05500085013253,0.15132113968265481,0.56,tp
COALINDIA,2026-06-04,2026-06-04 11:10:00+05:30,477.75,479.21785845075334,0.08434643023589829,1.47,tp
COALINDIA,2026-06-16,2026-06-16 13:10:00+05:30,452.75,450.6000061035156,-0.3849246466903644,-2.15,time
COALINDIA,2026-06-17,2026-06-17 13:35:00+05:30,459.3500061035156,460.4535827636719,0.04414846789934162,1.1,tp
COALINDIA,2026-06-29,2026-06-29 12:05:00+05:30,441.4500122070313,443.2714407784599,0.14756079117393678,1.82,tp
COALINDIA,2026-07-03,2026-07-03 10:50:00+05:30,443.7000122070313,445.11965506417414,0.09197333577900708,1.42,tp
COALINDIA,2026-08-18,2026-08-18 09:35:00+05:30,412.0,412.0,-0.1,0.0,sl
COFORGE,2026-06-02,2026-06-02 10:35:00+05:30,1537.699951171875,1537.699951171875,-0.1,0.0,sl
COFORGE,2026-06-15,2026-06-15 11:50:00+05:30,1409.699951171875,1407.5,-0.19363486903916796,-2.2,time
COFORGE,2026-06-16,2026-06-16 09:55:00+05:30,1435.4000244140625,1442.8250165666852,0.21036611507598327,7.42,tp
COFORGE,2026-06-16,2026-06-16 12:35:00+05:30,1451.0,1451.0,-0.1,0.0,sl
COFORGE,2026-07-03,2026-07-03 11:30:00+05:30,1483.0,1483.0,-0.1,0.0,sl
COFORGE,2026-07-07,2026-07-07 14:05:00+05:30,1517.699951171875,1521.5785566057477,0.053334870870012735,3.88,tp
COFORGE,2026-07-13,2026-07-13 12:00:00+05:30,1531.5,1518.5999755859375,-0.6053878320886386,-12.9,sl
COFORGE,2026-07-24,2026-07-24 14:00:00+05:30,1475.199951171875,1480.610639299665,0.12006595608243824,5.41,tp
COFORGE,2026-07-28,2026-07-28 09:25:00+05:30,1640.9000244140625,1657.5286298479352,0.5080299294215879,16.63,tp
COFORGE,2026-08-03,2026-08-03 12:20:00+05:30,1740.5999755859375,1746.4178510393415,0.10054724353694822,5.82,tp
COFORGE,2026-08-07,2026-08-07 09:35:00+05:30,1800.0,1806.203574044364,0.10678580147879682,6.2,tp
COFORGE,2026-08-20,2026-08-20 09:35:00+05:30,1868.0,1868.0,-0.1,0.0,sl
CONCOR,2026-06-09,2026-06-09 13:10:00+05:30,449.6499938964844,450.9303523472377,0.0708473436850213,1.28,tp
CONCOR,2026-06-23,2026-06-23 09:30:00+05:30,483.0499877929688,483.0499877929688,-0.1,0.0,sl
CONCOR,2026-06-25,2026-06-25 10:05:00+05:30,480.25,476.2999877929688,-0.5934944974947872,-3.95,sl
CONCOR,2026-06-30,2026-06-30 11:30:00+05:30,474.2999877929688,474.2999877929688,-0.1,0.0,sl
CONCOR,2026-07-01,2026-07-01 13:50:00+05:30,482.0,480.5,-0.2867219917012448,-1.5,sl
CONCOR,2026-07-03,2026-07-03 10:05:00+05:30,485.1000061035156,480.3999938964844,-0.6813249409889696,-4.7,sl
CONCOR,2026-07-03,2026-07-03 13:00:00+05:30,485.2000122070313,488.1410882132394,0.26369446812212827,2.94,tp
CONCOR,2026-07-15,2026-07-15 14:00:00+05:30,496.3999938964844,494.6499938964844,-0.311522967951317,-1.75,sl
CONCOR,2026-07-20,2026-07-20 13:30:00+05:30,498.3500061035156,499.85000937325606,0.08059635814618889,1.5,tp
CONCOR,2026-07-28,2026-07-28 11:40:00+05:30,525.4000244140625,525.4000244140625,-0.1,0.0,sl
CONCOR,2026-08-11,2026-08-11 12:40:00+05:30,509.3500061035156,509.3500061035156,-0.1,0.0,sl
CONCOR,2026-08-12,2026-08-12 09:50:00+05:30,521.2000122070312,521.2000122070312,-0.1,0.0,sl
CONCOR,2026-08-13,2026-08-13 13:15:00+05:30,527.5,528.6464168003628,0.030398119472542767,1.15,tp
CONCOR,2026-08-13,2026-08-13 13:35:00+05:30,532.9000244140625,534.260740007673,0.053204976311267735,1.36,tp
CONCOR,2026-08-18,2026-08-18 14:00:00+05:30,522.5499877929688,521.0499877929688,-0.27223232628924576,-1.5,sl
CONCOR,2026-08-20,2026-08-20 12:15:00+05:30,520.3499755859375,521.7160339355469,0.05751610420326801,1.37,tp
DABUR,2026-06-10,2026-06-10 09:25:00+05:30,436.4500122070313,436.4500122070313,-0.1,0.0,sl
DABUR,2026-06-25,2026-06-25 09:55:00+05:30,430.8999938964844,426.9500122070313,-0.650009061787359,-3.95,sl
DABUR,2026-07-01,2026-07-01 09:30:00+05:30,439.6000061035156,439.2999877929688,-0.1409488134278375,-0.3,time
DABUR,2026-07-02,2026-07-02 12:20:00+05:30,448.3500061035156,446.8999938964844,-0.29404646199957485,-1.45,sl
DABUR,2026-07-28,2026-07-28 09:30:00+05:30,431.2999877929688,432.7249832153321,0.09823725425848646,1.42,tp
DABUR,2026-08-05,2026-08-05 13:15:00+05:30,412.0,413.0714253016881,0.056032810925454805,1.07,tp
DABUR,2026-08-13,2026-08-13 12:10:00+05:30,409.6499938964844,410.42678615025113,0.01377404106048352,0.78,tp
DEVYANI,2026-06-04,2026-06-04 10:25:00+05:30,116.56999969482422,116.0999984741211,-0.34191535829127745,-0.47,sl
DEVYANI,2026-06-18,2026-06-18 13:50:00+05:30,115.91999816894533,116.50499643598286,0.20279413886028866,0.58,tp
DEVYANI,2026-06-22,2026-06-22 10:00:00+05:30,118.86000061035156,119.63035883222307,0.2888734063178593,0.77,tp
DEVYANI,2026-07-07,2026-07-07 13:25:00+05:30,117.25,116.22000122070312,-0.6270782665911513,-1.03,time
DEVYANI,2026-07-13,2026-07-13 09:55:00+05:30,113.76000213623048,114.44786153520857,0.2627950348424019,0.69,tp
DEVYANI,2026-07-27,2026-07-27 12:00:00+05:30,116.05999755859376,116.05999755859376,-0.1,0.0,sl
DEVYANI,2026-07-29,2026-07-29 10:55:00+05:30,117.33000183105467,118.0253595624651,0.25559075456847685,0.7,tp
DEVYANI,2026-07-29,2026-07-29 12:20:00+05:30,122.16999816894533,123.67428316388812,0.6387828521676302,1.5,tp
DEVYANI,2026-08-03,2026-08-03 12:35:00+05:30,115.8000030517578,116.07643018450054,0.043226489874540676,0.28,tp
DEVYANI,2026-08-04,2026-08-04 09:55:00+05:30,118.97000122070312,119.75107192993164,0.2939164669484397,0.78,tp
DEVYANI,2026-08-04,2026-08-04 11:20:00+05:30,120.08999633789062,118.51000213623048,-0.8894050711174637,-1.58,sl
DEVYANI,2026-08-05,2026-08-05 09:50:00+05:30,122.79000091552734,120.6999969482422,-1.1212577335460474,-2.09,sl
DEVYANI,2026-08-05,2026-08-05 12:20:00+05:30,123.37999725341795,123.37999725341795,-0.1,0.0,sl
DEVYANI,2026-08-05,2026-08-05 13:15:00+05:30,124.9000015258789,124.9000015258789,-0.1,0.0,sl
DEVYANI,2026-08-07,2026-08-07 11:05:00+05:30,126.26000213623048,126.83428628104075,0.1729054974309107,0.57,tp
DEVYANI,2026-08-07,2026-08-07 11:40:00+05:30,128.89999389648438,129.55892263139998,0.2067162604110458,0.66,tp
DEVYANI,2026-08-07,2026-08-07 13:35:00+05:30,130.66000366210938,131.46143341064453,0.2680222222896965,0.8,tp
DEVYANI,2026-08-07,2026-08-07 14:20:00+05:30,133.0,134.02107129778182,0.36063366817224785,1.02,tp
DEVYANI,2026-08-11,2026-08-11 11:40:00+05:30,142.6999969482422,141.6300048828125,-0.5498915578047745,-1.07,sl
DEVYANI,2026-08-11,2026-08-11 14:10:00+05:30,144.60000610351562,143.0,-0.7639029194937459,-1.6,sl
DEVYANI,2026-08-13,2026-08-13 09:35:00+05:30,141.66000366210938,142.567503792899,0.28437107468423545,0.91,tp
DEVYANI,2026-08-20,2026-08-20 11:25:00+05:30,146.44000244140625,146.9585734776088,0.11247105745305491,0.52,tp
DLF,2026-06-05,2026-06-05 11:05:00+05:30,586.7000122070312,582.0,-0.580655746641376,-4.7,sl
DLF,2026-06-15,2026-06-15 11:55:00+05:30,615.0999755859375,615.0999755859375,-0.1,0.0,sl
DLF,2026-06-18,2026-06-18 12:10:00+05:30,635.8499755859375,635.8499755859375,-0.1,0.0,sl
DLF,2026-06-25,2026-06-25 12:00:00+05:30,630.9500122070312,626.6500244140625,-0.5089060346883212,-4.3,sl
DLF,2026-07-01,2026-07-01 11:55:00+05:30,634.0,634.0,-0.1,0.0,sl
DLF,2026-07-02,2026-07-02 12:05:00+05:30,658.2000122070312,658.2000122070312,-0.1,0.0,sl
DLF,2026-07-03,2026-07-03 12:15:00+05:30,671.6500244140625,671.6500244140625,-0.1,0.0,sl
DLF,2026-07-09,2026-07-09 12:55:00+05:30,655.0999755859375,655.0999755859375,-0.1,0.0,sl
DLF,2026-07-15,2026-07-15 09:20:00+05:30,677.3499755859375,679.4821145193918,0.08886593432972639,2.13,tp
DLF,2026-07-17,2026-07-17 10:20:00+05:30,664.9500122070312,668.8821694510324,0.2548077754852521,3.93,tp
DLF,2026-07-17,2026-07-17 10:35:00+05:30,674.0499877929688,674.0499877929688,-0.1,0.0,sl
DLF,2026-08-07,2026-08-07 12:30:00+05:30,648.5,644.4000244140625,-0.47933467256168083,-4.1,sl
DLF,2026-08-10,2026-08-10 11:30:00+05:30,658.9000244140625,658.9000244140625,-0.1,0.0,sl
DLF,2026-08-13,2026-08-13 10:50:00+05:30,664.1500244140625,664.1500244140625,-0.1,0.0,sl
DLF,2026-08-14,2026-08-14 14:20:00+05:30,668.7999877929688,665.2000122070312,-0.4229643228150203,-3.6,sl
DLF,2026-08-18,2026-08-18 12:25:00+05:30,681.5499877929688,676.9000244140625,-0.5093577987402516,-4.65,sl
DLF,2026-08-20,2026-08-20 12:35:00+05:30,678.4500122070312,679.9393005371094,0.03170800824957435,1.49,tp
DRREDDY,2026-06-05,2026-06-05 12:15:00+05:30,1283.5,1280.199951171875,-0.25426796235878457,-3.3,sl
DRREDDY,2026-06-10,2026-06-10 12:50:00+05:30,1282.800048828125,1275.5,-0.44144286951628076,-7.3,sl
DRREDDY,2026-06-15,2026-06-15 12:00:00+05:30,1288.699951171875,1288.699951171875,-0.1,0.0,sl
DRREDDY,2026-06-22,2026-06-22 13:10:00+05:30,1299.800048828125,1302.1678902762276,0.009301801468805073,2.37,tp
DRREDDY,2026-06-23,2026-06-23 09:35:00+05:30,1326.0,1313.0,-0.6882352941176471,-13.0,sl
DRREDDY,2026-07-02,2026-07-02 13:45:00+05:30,1359.0999755859375,1359.0999755859375,-0.1,0.0,sl
DRREDDY,2026-07-03,2026-07-03 12:40:00+05:30,1382.0,1386.5214364188057,0.09629969980343152,4.52,tp
DRREDDY,2026-07-20,2026-07-20 13:00:00+05:30,1225.0999755859375,1227.8428562709264,0.03433421302667385,2.74,tp
DRREDDY,2026-07-29,2026-07-29 13:05:00+05:30,1145.4000244140625,1145.4000244140625,-0.1,0.0,sl
DRREDDY,2026-08-11,2026-08-11 11:55:00+05:30,1186.199951171875,1192.0606602260045,0.19644457740904114,5.86,tp
DRREDDY,2026-08-20,2026-08-20 13:10:00+05:30,1179.0,1177.0999755859375,-0.1966933544052163,-1.9,sl
EXIDEIND,2026-06-02,2026-06-02 12:50:00+05:30,398.0,399.8964298793247,0.18589395165699418,1.9,tp
EXIDEIND,2026-06-09,2026-06-09 11:05:00+05:30,393.2000122070313,391.2000122070313,-0.40518818991494965,-2.0,sl
EXIDEIND,2026-06-23,2026-06-23 10:15:00+05:30,387.7000122070313,389.183941432408,0.12965114964984042,1.48,tp
EXIDEIND,2026-06-24,2026-06-24 11:30:00+05:30,389.8999938964844,389.8999938964844,-0.1,0.0,sl
EXIDEIND,2026-06-24,2026-06-24 12:25:00+05:30,397.7000122070313,397.7000122070313,-0.1,0.0,sl
EXIDEIND,2026-06-30,2026-06-30 09:25:00+05:30,392.25,393.8624986921038,0.14665371963347257,1.61,tp
EXIDEIND,2026-07-02,2026-07-02 09:25:00+05:30,409.9500122070313,412.93930380685,0.33751064922164664,2.99,tp
EXIDEIND,2026-07-08,2026-07-08 10:30:00+05:30,420.7999877929688,423.3821345738003,0.26817683304238116,2.58,tp
EXIDEIND,2026-07-09,2026-07-09 12:05:00+05:30,424.6000061035156,426.1107177734375,0.11347785890802416,1.51,tp
EXIDEIND,2026-07-17,2026-07-17 09:25:00+05:30,429.5499877929688,431.5267748151507,0.17611971761498244,1.98,tp
EXIDEIND,2026-07-17,2026-07-17 10:05:00+05:30,433.7000122070313,433.7000122070313,-0.1,0.0,sl
EXIDEIND,2026-07-21,2026-07-21 12:25:00+05:30,446.5499877929688,443.1000061035156,-0.563551465739062,-3.45,sl
EXIDEIND,2026-07-30,2026-07-30 09:55:00+05:30,445.5,445.5,-0.1,0.0,sl
EXIDEIND,2026-07-30,2026-07-30 13:00:00+05:30,451.2999877929688,456.50712476457875,0.5922850138429896,5.21,tp
EXIDEIND,2026-08-05,2026-08-05 09:45:00+05:30,474.3500061035156,478.04107557024275,0.36687923506698217,3.69,tp
EXIDEIND,2026-08-06,2026-08-06 10:25:00+05:30,477.5499877929688,475.75,-0.3261528014632661,-1.8,sl
EXIDEIND,2026-08-07,2026-08-07 09:50:00+05:30,484.5,488.2714331490653,0.3670505447758853,3.77,tp
FEDERALBNK,2026-06-08,2026-06-08 12:35:00+05:30,308.75,308.75,-0.1,0.0,sl
FEDERALBNK,2026-06-09,2026-06-09 12:15:00+05:30,313.45001220703125,313.45001220703125,-0.1,0.0,sl
FEDERALBNK,2026-06-12,2026-06-12 09:45:00+05:30,314.8999938964844,313.8999938964844,-0.2905366820036317,-1.0,sl
FEDERALBNK,2026-06-12,2026-06-12 10:25:00+05:30,316.3999938964844,316.3999938964844,-0.1,0.0,sl
FEDERALBNK,2026-06-17,2026-06-17 11:10:00+05:30,322.20001220703125,320.79998779296875,-0.36071217151219237,-1.4,sl
FEDERALBNK,2026-06-24,2026-06-24 13:55:00+05:30,326.8999938964844,324.79998779296875,-0.48544009961296164,-2.1,sl
FEDERALBNK,2026-07-06,2026-07-06 14:00:00+05:30,332.75,332.75,-0.1,0.0,sl
FEDERALBNK,2026-07-09,2026-07-09 13:00:00+05:30,332.5,330.0,-0.5511278195488722,-2.5,sl
FEDERALBNK,2026-07-13,2026-07-13 10:55:00+05:30,336.04998779296875,334.29998779296875,-0.41245351529275354,-1.75,sl
FEDERALBNK,2026-07-27,2026-07-27 09:35:00+05:30,357.3500061035156,356.3999938964844,-0.2595095325263917,-0.95,sl
FEDERALBNK,2026-07-31,2026-07-31 12:35:00+05:30,358.75,357.95001220703125,-0.23379586781358888,-0.8,sl
FEDERALBNK,2026-08-07,2026-08-07 12:30:00+05:30,356.3999938964844,357.3428464617048,0.058729390802565146,0.94,tp
GAIL,2026-06-02,2026-06-02 14:00:00+05:30,163.75,164.17107391357422,0.05428662482108778,0.42,tp
GAIL,2026-06-10,2026-06-10 12:55:00+05:30,169.10000610351562,169.5007209777832,0.04218149963481775,0.4,tp
GAIL,2026-06-15,2026-06-15 10:25:00+05:30,176.33999633789062,176.88999938964844,0.0871395247294667,0.55,time
GAIL,2026-06-22,2026-06-22 11:00:00+05:30,177.1999969482422,177.1999969482422,-0.1,0.0,sl
GAIL,2026-06-22,2026-06-22 11:30:00+05:30,178.19000244140625,177.41000366210938,-0.3626405865458226,-0.78,sl
GAIL,2026-07-06,2026-07-06 11:35:00+05:30,175.82000732421875,175.82000732421875,-0.1,0.0,sl
GAIL,2026-07-15,2026-07-15 10:50:00+05:30,174.47000122070312,173.72999572753906,-0.3544868990611039,-0.74,sl
GAIL,2026-07-20,2026-07-20 11:35:00+05:30,173.0,173.0,-0.1,0.0,sl
GAIL,2026-07-21,2026-07-21 09:50:00+05:30,175.9499969482422,174.85000610351562,-0.47510344886796607,-1.1,time
GAIL,2026-07-28,2026-07-28 10:55:00+05:30,175.60000610351562,176.24714497157507,0.12111805657157781,0.65,tp
GAIL,2026-07-28,2026-07-28 14:50:00+05:30,175.9499969482422,174.88999938964844,-0.46146549939602244,-1.06,sl
GAIL,2026-07-31,2026-07-31 10:50:00+05:30,176.4600067138672,176.4600067138672,-0.1,0.0,sl
GAIL,2026-08-11,2026-08-11 13:30:00+05:30,175.0,175.0,-0.1,0.0,sl
GMRAIRPORT,2026-06-04,2026-06-04 10:55:00+05:30,101.26000213623048,101.26000213623048,-0.1,0.0,sl
GMRAIRPORT,2026-06-04,2026-06-04 11:55:00+05:30,103.81999969482422,102.26000213623048,-1.0015589846923338,-1.56,sl
GMRAIRPORT,2026-06-09,2026-06-09 12:15:00+05:30,102.66000366210938,102.98250389099121,0.08848639238897694,0.32,tp
GMRAIRPORT,2026-06-15,2026-06-15 13:55:00+05:30,107.4499969482422,107.67499514988492,0.02563883184720766,0.22,tp
GMRAIRPORT,2026-06-16,2026-06-16 09:25:00+05:30,109.98999786376952,109.98999786376952,-0.1,0.0,sl
GMRAIRPORT,2026-06-17,2026-06-17 11:30:00+05:30,108.6500015258789,108.6500015258789,-0.1,0.0,sl
GMRAIRPORT,2026-06-18,2026-06-18 13:35:00+05:30,110.5,110.5,-0.1,0.0,sl
GMRAIRPORT,2026-06-23,2026-06-23 09:45:00+05:30,108.83000183105467,109.16535704476492,0.08488755383695139,0.34,tp
GMRAIRPORT,2026-07-15,2026-07-15 09:30:00+05:30,114.08000183105467,113.5,-0.40505004649997445,-0.58,sl
GMRAIRPORT,2026-07-31,2026-07-31 12:10:00+05:30,105.16000366210938,105.4342907496861,0.056497001535700746,0.27,tp
GMRAIRPORT,2026-07-31,2026-07-31 12:45:00+05:30,105.88999938964844,105.70999908447266,-0.20199280737367406,-0.18,time
GODREJCP,2026-06-04,2026-06-04 11:40:00+05:30,998.2999877929688,998.2999877929688,-0.1,0.0,sl
GODREJCP,2026-06-10,2026-06-10 09:45:00+05:30,1037.199951171875,1029.300048828125,-0.5569939866362895,-7.9,sl
GODREJCP,2026-06-10,2026-06-10 12:50:00+05:30,1034.0,1037.449994768415,0.10019312002408592,3.45,tp
GODREJCP,2026-06-12,2026-06-12 11:30:00+05:30,1024.0,1024.0,-0.1,0.0,sl
GODREJCP,2026-07-02,2026-07-02 11:25:00+05:30,1060.5,1060.5,-0.1,0.0,sl
GODREJCP,2026-07-02,2026-07-02 12:10:00+05:30,1070.199951171875,1074.1856340680804,0.1234544801749081,3.99,tp
GODREJCP,2026-07-06,2026-07-06 13:25:00+05:30,1106.0999755859375,1106.0999755859375,-0.1,0.0,sl
GODREJCP,2026-07-16,2026-07-16 11:00:00+05:30,1066.699951171875,1063.0,-0.3081157593272732,-3.7,sl
GODREJCP,2026-07-27,2026-07-27 12:30:00+05:30,1071.9000244140625,1071.9000244140625,-0.1,0.0,sl
GODREJCP,2026-08-13,2026-08-13 11:30:00+05:30,925.2000122070312,929.067866734096,0.15083362360781669,3.87,tp
GODREJCP,2026-08-13,2026-08-13 13:05:00+05:30,930.5999755859376,934.5428314208986,0.15421379357838777,3.94,tp
GODREJCP,2026-08-14,2026-08-14 13:05:00+05:30,939.4000244140624,940.9750388009206,0.0005970414685034248,1.58,tp
GODREJCP,2026-08-20,2026-08-20 10:40:00+05:30,941.7000122070312,943.5,0.014685426545775091,1.8,time
HCLTECH,2026-06-01,2026-06-01 12:10:00+05:30,1211.0,1212.0,-0.0504541701073493,1.0,time
HCLTECH,2026-06-16,2026-06-16 10:10:00+05:30,1155.800048828125,1155.800048828125,-0.1,0.0,sl
HCLTECH,2026-07-03,2026-07-03 11:25:00+05:30,1143.5999755859375,1143.5999755859375,-0.1,0.0,sl
HCLTECH,2026-07-07,2026-07-07 11:20:00+05:30,1167.199951171875,1167.199951171875,-0.1,0.0,sl
HCLTECH,2026-07-09,2026-07-09 12:45:00+05:30,1158.5999755859375,1158.800048828125,-0.08963887900551783,0.2,time
HCLTECH,2026-07-13,2026-07-13 10:45:00+05:30,1189.9000244140625,1196.2750636509486,0.22145755640396741,6.38,tp
HCLTECH,2026-07-13,2026-07-13 12:00:00+05:30,1217.800048828125,1225.4179033551898,0.2753253845438094,7.62,tp
HCLTECH,2026-07-13,2026-07-13 12:35:00+05:30,1232.4000244140625,1232.4000244140625,-0.1,0.0,sl
HCLTECH,2026-07-16,2026-07-16 10:00:00+05:30,1203.800048828125,1195.0,-0.5386134808696014,-8.8,sl
HCLTECH,2026-07-20,2026-07-20 13:30:00+05:30,1218.0,1218.0,-0.1,0.0,sl
HCLTECH,2026-07-21,2026-07-21 11:35:00+05:30,1232.199951171875,1232.199951171875,-0.1,0.0,sl
HCLTECH,2026-07-21,2026-07-21 11:55:00+05:30,1236.5,1231.300048828125,-0.35232274186211077,-5.2,sl
HCLTECH,2026-07-23,2026-07-23 11:05:00+05:30,1243.5,1243.5,-0.1,0.0,sl
HCLTECH,2026-08-10,2026-08-10 10:15:00+05:30,1362.800048828125,1362.800048828125,-0.1,0.0,sl
HCLTECH,2026-08-13,2026-08-13 11:55:00+05:30,1368.9000244140625,1371.6642761230469,0.02115939775079946,2.76,tp
HCLTECH,2026-08-19,2026-08-19 12:40:00+05:30,1317.199951171875,1321.1749223981585,0.08106459339360422,3.97,tp
HDFCBANK,2026-06-10,2026-06-10 13:05:00+05:30,753.2000122070312,755.4821472167969,0.08179513856446967,2.28,tp
HDFCBANK,2026-06-12,2026-06-12 13:30:00+05:30,765.2999877929688,766.6285552978516,0.0041605273284457895,1.33,tp
HDFCBANK,2026-06-16,2026-06-16 11:45:00+05:30,786.2000122070312,786.2000122070312,-0.1,0.0,sl
HDFCBANK,2026-06-18,2026-06-18 10:10:00+05:30,802.0,798.0,-0.3992518703241896,-4.0,sl
HDFCBANK,2026-06-24,2026-06-24 11:05:00+05:30,790.0,790.0,-0.1,0.0,sl
HDFCBANK,2026-06-25,2026-06-25 09:45:00+05:30,799.6500244140625,797.5499877929688,-0.2575716793830553,-2.1,time
HDFCBANK,2026-06-25,2026-06-25 11:55:00+05:30,802.4000244140625,804.0125231061663,0.020575671214466167,1.61,tp
HDFCBANK,2026-07-06,2026-07-06 10:00:00+05:30,822.5,822.5,-0.1,0.0,sl
HDFCLIFE,2026-06-05,2026-06-05 09:25:00+05:30,587.0499877929688,587.0499877929688,-0.1,0.0,sl
HDFCLIFE,2026-06-18,2026-06-18 09:30:00+05:30,589.8499755859375,589.8499755859375,-0.1,0.0,sl
HDFCLIFE,2026-06-22,2026-06-22 13:35:00+05:30,597.3499755859375,597.3499755859375,-0.1,0.0,sl
HDFCLIFE,2026-06-23,2026-06-23 11:00:00+05:30,600.9000244140625,597.5,-0.43949318781052105,-3.4,sl
HDFCLIFE,2026-07-17,2026-07-17 10:00:00+05:30,574.5,576.6053662981305,0.11988159771598407,2.11,tp
HDFCLIFE,2026-07-24,2026-07-24 11:45:00+05:30,555.0499877929688,555.0499877929688,-0.1,0.0,sl
HDFCLIFE,2026-08-13,2026-08-13 12:15:00+05:30,538.9500122070312,538.75,-0.122266874756587,-0.2,time
HDFCLIFE,2026-08-17,2026-08-17 09:35:00+05:30,542.4000244140625,542.4000244140625,-0.1,0.0,sl
HDFCLIFE,2026-08-20,2026-08-20 12:50:00+05:30,543.0499877929688,541.7000122070312,-0.24915484205319552,-1.35,sl
HFCL,2026-06-02,2026-06-02 13:10:00+05:30,186.67999267578125,187.97749274117606,0.31702382139523544,1.3,tp
HFCL,2026-06-02,2026-06-02 13:50:00+05:30,190.66000366210935,188.63999938964844,-0.7356878947849363,-2.02,sl
HFCL,2026-06-03,2026-06-03 09:35:00+05:30,194.94000244140625,195.6999969482422,0.13391643500087821,0.76,time
HFCL,2026-06-03,2026-06-03 11:25:00+05:30,197.8999938964844,196.2100067138672,-0.6123761196782648,-1.69,sl
HFCL,2026-06-04,2026-06-04 11:05:00+05:30,207.63999938964844,205.0,-0.8628586199408504,-2.64,sl
HFCL,2026-06-09,2026-06-09 09:20:00+05:30,180.4900054931641,181.20036152430947,0.13614250413625856,0.71,tp
HFCL,2026-06-16,2026-06-16 14:30:00+05:30,187.38999938964844,188.5717866080148,0.278393902198278,1.18,tp
HFCL,2026-06-18,2026-06-18 11:25:00+05:30,198.83999633789065,199.6300048828125,0.13838520201319388,0.79,time
HFCL,2026-07-03,2026-07-03 09:45:00+05:30,211.6499938964844,213.89463642665322,0.5363267455419763,2.24,tp
HFCL,2026-07-06,2026-07-06 11:20:00+05:30,221.1699981689453,222.93250111171176,0.3781397903942075,1.76,tp
HFCL,2026-07-15,2026-07-15 09:30:00+05:30,221.58999633789065,221.58999633789065,-0.1,0.0,sl
HFCL,2026-07-16,2026-07-16 12:25:00+05:30,227.4900054931641,225.1000061035156,-0.7303572021462663,-2.39,sl
HFCL,2026-07-21,2026-07-21 13:40:00+05:30,217.25,218.2924946376256,0.18791566516702263,1.04,tp
HFCL,2026-07-29,2026-07-29 11:20:00+05:30,189.5,190.92071533203125,0.34983071198878624,1.42,tp
HFCL,2026-08-03,2026-08-03 09:25:00+05:30,203.19000244140625,198.3800048828125,-1.520344751454237,-4.81,time
HFCL,2026-08-07,2026-08-07 12:55:00+05:30,209.9499969482422,211.00642558506556,0.20190864077520462,1.06,tp
HFCL,2026-08-10,2026-08-10 11:00:00+05:30,215.1499938964844,215.1499938964844,-0.1,0.0,sl
HFCL,2026-08-12,2026-08-12 12:45:00+05:30,220.3600006103516,221.36713954380585,0.17422552114667567,1.01,tp
HFCL,2026-08-18,2026-08-18 10:25:00+05:30,229.4499969482422,229.6699981689453,-0.042470806634331386,0.22,time
HINDALCO,2026-06-17,2026-06-17 09:55:00+05:30,985.5999755859376,991.2999703543528,0.24699644336090149,5.7,tp
HINDALCO,2026-06-17,2026-06-17 13:55:00+05:30,1008.7999877929688,1008.0999755859376,-0.14163435064442903,-0.7,time
HINDALCO,2026-06-18,2026-06-18 09:40:00+05:30,1013.5999755859376,1013.5999755859376,-0.1,0.0,sl
HINDALCO,2026-07-08,2026-07-08 12:10:00+05:30,978.25,974.5999755859376,-0.32387065151417654,-3.65,sl
HINDALCO,2026-07-23,2026-07-23 09:55:00+05:30,959.7999877929688,959.7999877929688,-0.1,0.0,sl
HINDALCO,2026-08-05,2026-08-05 14:05:00+05:30,1026.75,1029.749993460519,0.07531006343426783,3.0,tp
HINDALCO,2026-08-07,2026-08-07 12:55:00+05:30,1037.050048828125,1039.4446759905134,0.038544547493786364,2.39,tp
HINDALCO,2026-08-17,2026-08-17 12:15:00+05:30,1040.9000244140625,1044.0714503696986,0.08280867794702973,3.17,tp
HINDALCO,2026-08-17,2026-08-17 13:05:00+05:30,1047.300048828125,1050.487535749163,0.0826116741580225,3.19,tp
HINDPETRO,2026-06-24,2026-06-24 09:25:00+05:30,400.5499877929688,402.16784232003357,0.14234496213256365,1.62,tp
HINDPETRO,2026-06-24,2026-06-24 13:30:00+05:30,404.6000061035156,405.85357883998324,0.08589807971681963,1.25,tp
HINDPETRO,2026-06-24,2026-06-24 14:15:00+05:30,408.6000061035156,410.1482184273856,0.12734395018257544,1.55,tp
HINDPETRO,2026-07-02,2026-07-02 10:00:00+05:30,404.6000061035156,404.6000061035156,-0.1,0.0,sl
HINDPETRO,2026-07-06,2026-07-06 10:15:00+05:30,400.6499938964844,401.8553510393415,0.08051024503475282,1.21,tp
HINDPETRO,2026-07-16,2026-07-16 09:35:00+05:30,404.0499877929688,404.0499877929688,-0.1,0.0,sl
HINDPETRO,2026-07-20,2026-07-20 14:00:00+05:30,405.3999938964844,407.13035365513394,0.15609666275792836,1.73,tp
HINDPETRO,2026-07-27,2026-07-27 10:25:00+05:30,392.4500122070313,392.4500122070313,-0.1,0.0,sl
HINDPETRO,2026-07-28,2026-07-28 13:50:00+05:30,398.7999877929688,397.5,-0.295584929703209,-1.3,sl
HINDPETRO,2026-08-10,2026-08-10 11:20:00+05:30,396.0,393.75,-0.4409090909090909,-2.25,sl
HINDPETRO,2026-08-13,2026-08-13 13:55:00+05:30,392.0,392.3857084001814,-0.040962999972236847,0.39,tp
HINDUNILVR,2026-07-02,2026-07-02 12:15:00+05:30,2196.60009765625,2187.39990234375,-0.35130278348753186,-9.2,sl
HINDUNILVR,2026-07-17,2026-07-17 12:45:00+05:30,2150.800048828125,2136.800048828125,-0.4905523437465415,-14.0,sl
HINDUNILVR,2026-08-13,2026-08-13 11:40:00+05:30,2071.5,2071.5,-0.1,0.0,sl
HINDUNILVR,2026-08-13,2026-08-13 12:45:00+05:30,2081.39990234375,2081.39990234375,-0.1,0.0,sl
HINDZINC,2026-06-09,2026-06-09 11:45:00+05:30,569.7999877929688,572.0339072091239,0.1352319547925428,2.23,tp
HINDZINC,2026-06-17,2026-06-17 10:20:00+05:30,568.0,570.4107142857143,0.15465291750503532,2.41,tp
HINDZINC,2026-06-22,2026-06-22 13:25:00+05:30,568.5499877929688,570.317851475307,0.08656551440982005,1.77,tp
HINDZINC,2026-07-10,2026-07-10 10:10:00+05:30,542.6500244140625,539.2999877929688,-0.47040852892738966,-3.35,sl
HINDZINC,2026-07-20,2026-07-20 11:30:00+05:30,528.6500244140625,528.6500244140625,-0.1,0.0,sl
HINDZINC,2026-07-21,2026-07-21 11:40:00+05:30,533.25,534.8357260567801,0.07842205983461237,1.59,tp
HINDZINC,2026-08-03,2026-08-03 13:45:00+05:30,548.9000244140625,550.1589464460101,0.03761216716557218,1.26,tp
HINDZINC,2026-08-04,2026-08-04 09:35:00+05:30,559.7999877929688,559.7999877929688,-0.1,0.0,sl
HINDZINC,2026-08-05,2026-08-05 12:25:00+05:30,581.25,583.5428728376116,0.1366836477534596,2.29,tp
HINDZINC,2026-08-07,2026-08-07 12:10:00+05:30,602.0,602.0,-0.1,0.0,sl
ICICIBANK,2026-06-10,2026-06-10 10:45:00+05:30,1295.699951171875,1299.6642499651227,0.08357485263446782,3.96,tp
ICICIBANK,2026-06-12,2026-06-12 14:10:00+05:30,1338.5,1338.5,-0.1,0.0,sl
ICICIBANK,2026-06-25,2026-06-25 12:05:00+05:30,1400.300048828125,1403.096474783761,0.01982114653111748,2.8,tp
ICICIBANK,2026-07-01,2026-07-01 11:50:00+05:30,1380.0999755859375,1382.8749782017298,0.02064354749144253,2.78,tp
ICICIPRULI,2026-06-05,2026-06-05 09:40:00+05:30,486.75,489.0160675048828,0.1793303549932588,2.27,tp
ICICIPRULI,2026-06-15,2026-06-15 12:00:00+05:30,488.0,488.0,-0.1,0.0,sl
ICICIPRULI,2026-06-17,2026-06-17 09:50:00+05:30,500.1499938964844,499.8500061035156,-0.13598773927377134,-0.3,time
ICICIPRULI,2026-06-17,2026-06-17 14:45:00+05:30,501.0499877929688,501.97142682756703,0.010340970806963423,0.92,tp
ICICIPRULI,2026-06-18,2026-06-18 10:55:00+05:30,511.7999877929688,513.2089157104492,0.06517326507444296,1.41,tp
ICICIPRULI,2026-06-18,2026-06-18 12:00:00+05:30,520.0,522.1857070922852,0.1521969721867488,2.19,tp
ICICIPRULI,2026-07-10,2026-07-10 09:30:00+05:30,499.2999877929688,501.15891374860496,0.12338385753058856,1.86,tp
ICICIPRULI,2026-07-10,2026-07-10 10:10:00+05:30,503.1000061035156,505.58035932268416,0.19580837079038177,2.48,tp
ICICIPRULI,2026-07-13,2026-07-13 11:10:00+05:30,524.25,526.9982038225446,0.21452976509809563,2.75,tp
ICICIPRULI,2026-07-23,2026-07-23 11:05:00+05:30,500.8500061035156,500.8500061035156,-0.1,0.0,sl
ICICIPRULI,2026-07-23,2026-07-23 12:35:00+05:30,503.2999877929688,501.3999938964844,-0.3265043444347536,-1.9,sl
ICICIPRULI,2026-07-27,2026-07-27 11:20:00+05:30,507.0,508.7892804827009,0.11174916955040441,1.79,tp
ICICIPRULI,2026-07-31,2026-07-31 11:10:00+05:30,514.8499755859375,514.8499755859375,-0.1,0.0,sl
ICICIPRULI,2026-08-13,2026-08-13 11:55:00+05:30,507.7999877929688,506.2000122070313,-0.28904792726263084,-1.6,sl
ICICIPRULI,2026-08-14,2026-08-14 12:05:00+05:30,510.0,511.2267804827009,0.04432711561187261,1.23,tp
ICICIPRULI,2026-08-20,2026-08-20 10:45:00+05:30,504.25,504.25,-0.1,0.0,sl
IDEA,2026-06-03,2026-06-03 13:25:00+05:30,14.779999732971191,14.858213867459979,0.21751340690882676,0.08,tp
IDEA,2026-06-11,2026-06-11 10:15:00+05:30,14.229999542236328,14.34571371759687,0.38790237139680517,0.12,tp
IDEA,2026-06-12,2026-06-12 11:55:00+05:30,14.789999961853027,14.858571018491473,0.17817872947386085,0.07,tp
IDEA,2026-06-12,2026-06-12 12:25:00+05:30,14.960000038146973,14.850000381469728,-0.5411750925003452,-0.11,sl
IDEA,2026-06-29,2026-06-29 13:45:00+05:30,14.260000228881836,14.32107172693525,0.15696282078476162,0.06,tp
IDEA,2026-06-30,2026-06-30 14:05:00+05:30,14.59000015258789,14.520000457763672,-0.3878671449984979,-0.07,sl
IDEA,2026-07-01,2026-07-01 12:10:00+05:30,14.699999809265137,14.791070972170148,0.27171903708846773,0.09,tp
IDEA,2026-07-10,2026-07-10 11:05:00+05:30,14.25,14.25,-0.1,0.0,sl
IDEA,2026-08-07,2026-08-07 12:30:00+05:30,12.869999885559082,12.779999732971191,-0.5195811346768211,-0.09,sl
IDEA,2026-08-10,2026-08-10 12:30:00+05:30,13.029999732971191,13.029999732971191,-0.1,0.0,sl
IDEA,2026-08-14,2026-08-14 10:10:00+05:30,14.0,14.0,-0.1,0.0,sl
IDEA,2026-08-18,2026-08-18 12:55:00+05:30,13.970000267028809,13.970000267028809,-0.1,0.0,sl
IDEA,2026-08-18,2026-08-18 13:55:00+05:30,14.0600004196167,14.135000705718994,0.22005811037240164,0.08,tp
IDFCFIRSTB,2026-06-02,2026-06-02 14:00:00+05:30,71.5199966430664,71.5199966430664,-0.1,0.0,sl
IDFCFIRSTB,2026-06-12,2026-06-12 13:30:00+05:30,74.6500015258789,74.82143156869071,0.037787037621728824,0.17,tp
IDFCFIRSTB,2026-06-15,2026-06-15 11:05:00+05:30,78.69000244140625,79.05857249668666,0.18102938913099492,0.37,tp
IDFCFIRSTB,2026-06-22,2026-06-22 11:15:00+05:30,80.0199966430664,80.0199966430664,-0.1,0.0,sl
IDFCFIRSTB,2026-06-22,2026-06-22 11:35:00+05:30,81.18000030517578,81.18000030517578,-0.1,0.0,sl
IDFCFIRSTB,2026-06-30,2026-06-30 12:10:00+05:30,78.93000030517578,78.93000030517578,-0.1,0.0,sl
IDFCFIRSTB,2026-08-12,2026-08-12 14:30:00+05:30,85.20999908447266,85.37606757027763,0.01693591427480649,0.17,tp
IDFCFIRSTB,2026-08-13,2026-08-13 14:15:00+05:30,86.41000366210938,86.57071876525879,0.011594789726796862,0.16,tp
IDFCFIRSTB,2026-08-20,2026-08-20 11:40:00+05:30,86.4000015258789,86.19999694824219,-0.2388920653503548,-0.2,sl
IEX,2026-06-04,2026-06-04 09:45:00+05:30,124.88999938964844,125.50821413312639,0.1970044422287941,0.62,tp
IEX,2026-06-17,2026-06-17 09:50:00+05:30,124.06999969482422,124.06999969482422,-0.1,0.0,sl
IEX,2026-06-22,2026-06-22 10:05:00+05:30,124.38999938964844,124.92678451538086,0.15892039313431772,0.54,tp
IEX,2026-06-22,2026-06-22 10:35:00+05:30,126.01000213623048,126.40000370570593,0.08570029181674502,0.39,tp
IEX,2026-06-25,2026-06-25 10:35:00+05:30,126.91999816894533,125.81999969482422,-0.6200118925262896,-1.1,sl
IEX,2026-07-15,2026-07-15 09:40:00+05:30,120.11000061035156,119.91999816894533,-0.19491421552279667,-0.19,time
IEX,2026-07-16,2026-07-16 12:45:00+05:30,122.0199966430664,122.0199966430664,-0.1,0.0,sl
IEX,2026-07-23,2026-07-23 10:00:00+05:30,124.08000183105467,123.48999786376952,-0.3853017207826106,-0.59,sl
IEX,2026-07-24,2026-07-24 11:55:00+05:30,124.91000366210938,124.91000366210938,-0.1,0.0,sl
IEX,2026-07-27,2026-07-27 10:00:00+05:30,127.06999969482422,126.08000183105467,-0.5674578733676678,-0.99,sl
IEX,2026-07-27,2026-07-27 11:30:00+05:30,127.81999969482422,127.02999877929688,-0.4708344159349891,-0.79,sl
IEX,2026-07-28,2026-07-28 12:50:00+05:30,130.66000366210938,130.66000366210938,-0.1,0.0,sl
IEX,2026-07-28,2026-07-28 14:05:00+05:30,131.6300048828125,131.6300048828125,-0.1,0.0,sl
IEX,2026-08-17,2026-08-17 12:30:00+05:30,125.0,125.2539280482701,0.021885463169646735,0.25,tp
IGL,2026-06-04,2026-06-04 10:35:00+05:30,162.44000244140625,162.77000427246094,0.02189183431232308,0.33,time
IGL,2026-06-05,2026-06-05 09:45:00+05:30,164.47999572753906,164.47999572753906,-0.1,0.0,sl
IGL,2026-06-12,2026-06-12 13:15:00+05:30,163.24000549316406,163.24000549316406,-0.1,0.0,sl
IGL,2026-06-15,2026-06-15 11:20:00+05:30,168.27999877929688,168.82214137486048,0.09330018997966709,0.54,tp
IGL,2026-06-17,2026-06-17 11:55:00+05:30,173.38999938964844,171.64999389648438,-0.7021127513544276,-1.74,sl
IGL,2026-06-22,2026-06-22 11:30:00+05:30,170.00999450683594,170.4867831638881,0.06826845684051719,0.48,tp
IGL,2026-07-16,2026-07-16 09:30:00+05:30,156.58999633789062,157.17392458234514,0.1237415894159071,0.58,tp
IGL,2026-08-03,2026-08-03 09:50:00+05:30,154.97000122070312,154.57000732421875,-0.254866319932998,-0.4,time
IGL,2026-08-03,2026-08-03 13:10:00+05:30,155.30999755859375,155.55000141688757,-0.007280717764506384,0.24,tp
IGL,2026-08-06,2026-08-06 12:35:00+05:30,155.0399932861328,155.0399932861328,-0.1,0.0,sl
IGL,2026-08-12,2026-08-12 10:05:00+05:30,153.7899932861328,153.7899932861328,-0.1,0.0,sl
INDHOTEL,2026-06-02,2026-06-02 12:50:00+05:30,657.2999877929688,660.278564453125,0.17189198680719453,2.98,tp
INDHOTEL,2026-06-18,2026-06-18 10:10:00+05:30,706.2999877929688,706.2999877929688,-0.1,0.0,sl
INDHOTEL,2026-06-19,2026-06-19 10:00:00+05:30,722.4000244140625,718.2000122070312,-0.44883821138609786,-4.2,sl
INDHOTEL,2026-06-19,2026-06-19 12:30:00+05:30,728.0,723.0999755859375,-0.503848165994162,-4.9,sl
INDHOTEL,2026-07-07,2026-07-07 12:40:00+05:30,747.0999755859375,744.7000122070312,-0.2927423469950458,-2.4,sl
INDHOTEL,2026-07-09,2026-07-09 13:50:00+05:30,735.0499877929688,734.0,-0.1857074602059161,-1.05,sl
INDHOTEL,2026-07-10,2026-07-10 12:20:00+05:30,739.5,741.0214364188058,0.023443117144488414,1.52,tp
INDHOTEL,2026-07-15,2026-07-15 10:45:00+05:30,743.5,740.2999877929688,-0.3582390483145595,-3.2,sl
INDHOTEL,2026-07-28,2026-07-28 11:20:00+05:30,741.1500244140625,737.8499755859375,-0.3671563423937507,-3.3,sl
INDHOTEL,2026-08-13,2026-08-13 13:45:00+05:30,723.2999877929688,720.7000122070312,-0.3156761202668535,-2.6,sl
INDHOTEL,2026-08-19,2026-08-19 13:25:00+05:30,723.0,724.0607234409878,-0.011973158424251297,1.06,tp
INDIANB,2026-06-03,2026-06-03 12:25:00+05:30,833.0499877929688,835.7767682756696,0.09639497192179482,2.73,tp
INDIANB,2026-06-03,2026-06-03 13:15:00+05:30,844.1500244140625,847.3482360839844,0.12732061203043635,3.2,tp
INDIANB,2026-06-09,2026-06-09 10:55:00+05:30,859.5999755859375,863.398191179548,0.1651151024769278,3.8,tp
INDIANB,2026-06-09,2026-06-09 13:30:00+05:30,871.6500244140625,874.2696751185825,0.08032356779529809,2.62,tp
INDIANB,2026-06-17,2026-06-17 09:55:00+05:30,859.7000122070312,862.4964577811105,0.09516893342133553,2.8,tp
INDIANB,2026-06-17,2026-06-17 14:10:00+05:30,876.25,876.25,-0.1,0.0,sl
INDIANB,2026-07-01,2026-07-01 12:20:00+05:30,828.7000122070312,828.7000122070312,-0.1,0.0,sl
INDIANB,2026-07-10,2026-07-10 12:40:00+05:30,832.0999755859375,836.8892691476004,0.2453402501273095,4.79,tp
INDIANB,2026-07-20,2026-07-20 13:15:00+05:30,856.4000244140625,852.2999877929688,-0.3872515066004773,-4.1,sl
INDIANB,2026-07-31,2026-07-31 13:20:00+05:30,836.6500244140625,838.9268297467913,0.06328012427825071,2.28,tp
INDIANB,2026-08-03,2026-08-03 09:55:00+05:30,853.0499877929688,852.5499877929688,-0.13516792735396047,-0.5,time
INDIANB,2026-08-05,2026-08-05 09:30:00+05:30,862.5999755859375,856.0,-0.559075523260084,-6.6,sl
INDIANB,2026-08-06,2026-08-06 13:50:00+05:30,865.0999755859375,867.0124860491071,0.03264435444291316,1.91,tp
INDIANB,2026-08-13,2026-08-13 12:50:00+05:30,898.2000122070312,895.6500244140625,-0.2703398636147639,-2.55,time
INDUSINDBK,2026-06-09,2026-06-09 13:10:00+05:30,915.1500244140624,915.1500244140624,-0.1,0.0,sl
INDUSINDBK,2026-06-12,2026-06-12 13:45:00+05:30,908.3499755859376,910.9053301130024,0.06879096795812085,2.56,tp
INDUSINDBK,2026-06-15,2026-06-15 11:00:00+05:30,952.0,938.7999877929688,-0.9319335424599527,-13.2,sl
INDUSINDBK,2026-06-17,2026-06-17 12:10:00+05:30,933.25,933.25,-0.1,0.0,sl
INDUSINDBK,2026-06-24,2026-06-24 13:10:00+05:30,928.7000122070312,931.3732278006418,0.07270693820220894,2.67,tp
INDUSINDBK,2026-06-30,2026-06-30 13:25:00+05:30,931.0999755859376,929.0,-0.2353222408549269,-2.1,sl
INDUSINDBK,2026-07-03,2026-07-03 09:45:00+05:30,956.0,946.7000122070312,-0.6836812422365324,-9.3,sl
INDUSINDBK,2026-07-06,2026-07-06 13:05:00+05:30,1002.7000122070312,1002.7000122070312,-0.1,0.0,sl
INDUSINDBK,2026-07-09,2026-07-09 13:50:00+05:30,1017.0,1014.4000244140624,-0.25339089002581794,-2.6,sl
INDUSINDBK,2026-07-15,2026-07-15 09:40:00+05:30,1016.0999755859376,1016.0999755859376,-0.1,0.0,sl
INDUSINDBK,2026-07-17,2026-07-17 10:15:00+05:30,1023.0,1027.3607090541295,0.15576006182577884,4.36,tp
INDUSINDBK,2026-07-21,2026-07-21 09:50:00+05:30,1064.699951171875,1064.699951171875,-0.1,0.0,sl
INDUSINDBK,2026-07-27,2026-07-27 09:40:00+05:30,1013.2999877929688,1006.75,-0.4878409871829784,-6.55,sl
INDUSINDBK,2026-07-29,2026-07-29 14:05:00+05:30,1011.5999755859376,1013.5071040562223,0.013115570362484587,1.91,tp
INDUSINDBK,2026-08-05,2026-08-05 09:30:00+05:30,1036.300048828125,1032.0,-0.34896547093600583,-4.3,sl
INDUSINDBK,2026-08-13,2026-08-13 12:25:00+05:30,1020.2999877929688,1020.2999877929688,-0.1,0.0,sl
INDUSTOWER,2026-06-11,2026-06-11 11:30:00+05:30,418.2000122070313,417.8500061035156,-0.15021608225239508,-0.35,time
INDUSTOWER,2026-07-15,2026-07-15 11:45:00+05:30,410.5499877929688,408.6000061035156,-0.3849808911118293,-1.95,sl
INDUSTOWER,2026-07-16,2026-07-16 11:10:00+05:30,412.7999877929688,413.95177350725453,0.06741071923626749,1.15,tp
INDUSTOWER,2026-07-21,2026-07-21 13:35:00+05:30,406.3999938964844,407.1607153756278,0.012311243686263188,0.76,tp
INDUSTOWER,2026-07-30,2026-07-30 09:50:00+05:30,392.5,390.5,-0.4057324840764331,-2.0,sl
INDUSTOWER,2026-07-30,2026-07-30 12:45:00+05:30,396.2999877929688,393.75,-0.4860693219553082,-2.55,time
INDUSTOWER,2026-08-03,2026-08-03 12:10:00+05:30,397.6000061035156,395.7999877929688,-0.37163253766321847,-1.8,sl
INDUSTOWER,2026-08-12,2026-08-12 13:10:00+05:30,375.75,377.01963697160994,0.10273644257244569,1.27,tp
INDUSTOWER,2026-08-14,2026-08-14 14:10:00+05:30,388.2000122070313,384.9500122070313,-0.6023183767856359,-3.25,sl
INFY,2026-06-15,2026-06-15 11:05:00+05:30,1148.0,1148.0,-0.1,0.0,sl
INFY,2026-06-22,2026-06-22 14:00:00+05:30,1070.9000244140625,1072.7643258231026,0.004452406379958258,1.86,tp
INFY,2026-06-24,2026-06-24 13:50:00+05:30,1056.5,1059.692862374442,0.08132677942879485,3.19,tp
INFY,2026-07-07,2026-07-07 09:45:00+05:30,1070.5999755859375,1077.3713858468193,0.27949245742374385,6.77,tp
INFY,2026-07-13,2026-07-13 11:30:00+05:30,1087.199951171875,1092.1178240094866,0.17140579792948363,4.92,tp
INFY,2026-07-13,2026-07-13 12:35:00+05:30,1111.4000244140625,1111.4000244140625,-0.1,0.0,sl
INFY,2026-08-10,2026-08-10 10:15:00+05:30,1189.4000244140625,1189.4000244140625,-0.1,0.0,sl
IOC,2026-06-09,2026-06-09 11:50:00+05:30,137.13999938964844,137.13999938964844,-0.1,0.0,sl
IOC,2026-06-12,2026-06-12 09:45:00+05:30,138.3000030517578,137.08999633789062,-0.62494867122209,-1.21,sl
IOC,2026-06-24,2026-06-24 13:35:00+05:30,145.72999572753906,146.0599959237235,0.03586778529854101,0.33,tp
IOC,2026-06-30,2026-06-30 11:50:00+05:30,139.85000610351562,139.25,-0.3574212702163944,-0.6,sl
IOC,2026-07-02,2026-07-02 10:00:00+05:30,143.30999755859375,143.30999755859375,-0.1,0.0,sl
IOC,2026-07-06,2026-07-06 10:40:00+05:30,142.7899932861328,143.2732102530343,0.10304656752795965,0.48,tp
IOC,2026-07-09,2026-07-09 13:35:00+05:30,138.3699951171875,138.65499877929688,0.02358329356071799,0.29,tp
IOC,2026-07-15,2026-07-15 11:30:00+05:30,139.74000549316406,140.09572056361608,0.05273295683507998,0.36,tp
IOC,2026-07-16,2026-07-16 10:10:00+05:30,142.47999572753906,143.16249683925085,0.18740923589733255,0.68,tp
IOC,2026-07-20,2026-07-20 14:20:00+05:30,142.22000122070312,142.56607219151087,0.04600097082154992,0.35,tp
IOC,2026-08-06,2026-08-06 12:00:00+05:30,144.27000427246094,144.61500113351005,0.04347966347775292,0.34,tp
IOC,2026-08-12,2026-08-12 09:25:00+05:30,141.97000122070312,141.07000732421875,-0.48035946555438824,-0.9,sl
ITC,2026-06-08,2026-06-08 11:20:00+05:30,282.29998779296875,282.91070665631975,0.029802101967970587,0.61,tp
ITC,2026-06-10,2026-06-10 11:00:00+05:30,283.6000061035156,283.79998779296875,-0.05769075772583788,0.2,time
ITC,2026-06-10,2026-06-10 13:05:00+05:30,285.6000061035156,284.79998779296875,-0.2680710700524793,-0.8,sl
ITC,2026-06-12,2026-06-12 11:35:00+05:30,285.1000061035156,284.1000061035156,-0.3104524683111191,-1.0,sl
ITC,2026-06-16,2026-06-16 10:30:00+05:30,290.45001220703125,290.6499938964844,-0.058688583704948366,0.2,time
ITC,2026-07-07,2026-07-07 13:50:00+05:30,290.20001220703125,288.5,-0.4514842458004681,-1.7,sl
ITC,2026-07-16,2026-07-16 12:40:00+05:30,279.29998779296875,279.792845589774,0.005877082351450299,0.49,tp
ITC,2026-07-24,2026-07-24 12:15:00+05:30,284.5,283.29998779296875,-0.35307814559534273,-1.2,sl
ITC,2026-07-29,2026-07-29 09:30:00+05:30,287.95001220703125,288.8339375087193,0.08418307293959172,0.88,tp
ITC,2026-08-03,2026-08-03 09:30:00+05:30,290.8500061035156,290.8500061035156,-0.1,0.0,sl
JSWSTEEL,2026-06-02,2026-06-02 12:50:00+05:30,1311.5999755859375,1311.5999755859375,-0.1,0.0,sl
JSWSTEEL,2026-06-10,2026-06-10 11:00:00+05:30,1278.300048828125,1284.0429164341517,0.16955491136645728,5.74,tp
JSWSTEEL,2026-06-11,2026-06-11 13:00:00+05:30,1290.699951171875,1284.4000244140625,-0.3928609434946934,-6.3,sl
JSWSTEEL,2026-06-22,2026-06-22 11:45:00+05:30,1295.699951171875,1291.9000244140625,-0.2759632739528492,-3.8,sl
JSWSTEEL,2026-07-09,2026-07-09 13:35:00+05:30,1239.0,1232.199951171875,-0.42930018538135595,-6.8,sl
JSWSTEEL,2026-07-29,2026-07-29 10:20:00+05:30,1267.5,1267.5,-0.1,0.0,sl
JSWSTEEL,2026-08-03,2026-08-03 13:45:00+05:30,1280.199951171875,1283.2856183733259,0.044618059013029426,3.09,tp
JSWSTEEL,2026-08-05,2026-08-05 13:05:00+05:30,1309.0,1311.142857142857,-0.0017788933755335124,2.14,tp
JSWSTEEL,2026-08-19,2026-08-19 13:00:00+05:30,1281.800048828125,1281.800048828125,-0.1,0.0,sl
JUBLFOOD,2026-06-02,2026-06-02 13:50:00+05:30,432.5,432.5,-0.1,0.0,sl
JUBLFOOD,2026-06-10,2026-06-10 13:45:00+05:30,429.2000122070313,429.2000122070313,-0.1,0.0,sl
JUBLFOOD,2026-06-22,2026-06-22 10:00:00+05:30,426.5499877929688,425.75,-0.21252905626954424,-0.8,time
JUBLFOOD,2026-06-22,2026-06-22 12:30:00+05:30,432.2999877929688,433.6982073102679,0.09406239511189146,1.4,tp
JUBLFOOD,2026-07-02,2026-07-02 09:40:00+05:30,429.6000061035156,429.6000061035156,-0.1,0.0,sl
JUBLFOOD,2026-07-02,2026-07-02 12:50:00+05:30,431.25,431.25,-0.1,0.0,sl
JUBLFOOD,2026-07-06,2026-07-06 11:30:00+05:30,440.0499877929688,442.59462738037115,0.24695689007943233,2.54,tp
JUBLFOOD,2026-07-10,2026-07-10 12:35:00+05:30,439.7999877929688,439.7999877929688,-0.1,0.0,sl
JUBLFOOD,2026-07-15,2026-07-15 12:10:00+05:30,429.7999877929688,429.7999877929688,-0.1,0.0,sl
JUBLFOOD,2026-07-24,2026-07-24 13:35:00+05:30,417.8999938964844,419.27144404820035,0.09690598302172122,1.37,tp
JUBLFOOD,2026-07-27,2026-07-27 11:55:00+05:30,426.7999877929688,427.999989100865,0.06869747078975083,1.2,tp
JUBLFOOD,2026-07-29,2026-07-29 12:45:00+05:30,440.1000061035156,441.0535801478795,0.030003276228933905,0.95,tp
JUBLFOOD,2026-08-03,2026-08-03 10:35:00+05:30,463.4500122070313,463.4500122070313,-0.1,0.0,sl
JUBLFOOD,2026-08-03,2026-08-03 13:55:00+05:30,465.7999877929688,467.45534624372215,0.11322780087608159,1.66,tp
JUBLFOOD,2026-08-05,2026-08-05 10:10:00+05:30,483.75,479.3999938964844,-0.639535640746124,-4.35,sl
JUBLFOOD,2026-08-05,2026-08-05 13:45:00+05:30,491.3500061035156,491.3500061035156,-0.1,0.0,sl
JUBLFOOD,2026-08-07,2026-08-07 13:40:00+05:30,484.2999877929688,485.6714150565012,0.06990633468097227,1.37,tp
JUBLFOOD,2026-08-10,2026-08-10 12:30:00+05:30,497.2000122070313,495.0,-0.36548819223864787,-2.2,time
JUBLFOOD,2026-08-20,2026-08-20 11:25:00+05:30,508.0,508.0,-0.1,0.0,sl
JUBLFOOD,2026-08-20,2026-08-20 14:05:00+05:30,509.0499877929688,509.0499877929688,-0.1,0.0,sl
KALYANKJIL,2026-06-02,2026-06-02 13:55:00+05:30,352.3500061035156,352.75,-0.031886949415826794,0.4,time
KALYANKJIL,2026-06-04,2026-06-04 13:20:00+05:30,365.9500122070313,365.9500122070313,-0.1,0.0,sl
KALYANKJIL,2026-06-05,2026-06-05 11:45:00+05:30,371.3999938964844,373.49464525495256,0.23839279368195132,2.09,tp
KALYANKJIL,2026-06-12,2026-06-12 13:50:00+05:30,341.04998779296875,342.3196345738002,0.12336551701075428,1.27,tp
KALYANKJIL,2026-06-15,2026-06-15 09:35:00+05:30,365.6499938964844,365.6499938964844,-0.1,0.0,sl
KALYANKJIL,2026-06-15,2026-06-15 11:00:00+05:30,373.9500122070313,376.9714453560966,0.3847866908038779,3.02,tp
KALYANKJIL,2026-06-30,2026-06-30 11:00:00+05:30,387.6000061035156,389.94644056047713,0.2632251424167696,2.35,tp
KALYANKJIL,2026-07-08,2026-07-08 09:50:00+05:30,376.5,369.0499877929688,-1.2872529413595526,-7.45,sl
KALYANKJIL,2026-07-08,2026-07-08 13:25:00+05:30,385.1000061035156,385.1000061035156,-0.1,0.0,sl
KALYANKJIL,2026-07-09,2026-07-09 11:00:00+05:30,430.25,436.9249921526228,0.8308530602146834,6.67,tp
KALYANKJIL,2026-07-10,2026-07-10 09:35:00+05:30,472.5499877929688,472.5499877929688,-0.1,0.0,sl
KALYANKJIL,2026-07-10,2026-07-10 11:55:00+05:30,482.3500061035156,476.1000061035156,-0.87744375506346,-6.25,sl
KALYANKJIL,2026-07-13,2026-07-13 09:40:00+05:30,496.5499877929688,502.76427023751404,0.6508950877835339,6.21,tp
KALYANKJIL,2026-07-21,2026-07-21 14:10:00+05:30,577.8499755859375,580.2124808175223,0.14530642880334824,2.36,tp
KALYANKJIL,2026-07-28,2026-07-28 12:00:00+05:30,584.7999877929688,584.7999877929688,-0.1,0.0,sl
KALYANKJIL,2026-07-28,2026-07-28 13:15:00+05:30,595.75,598.5571572440011,0.18271831244661008,2.81,tp
KALYANKJIL,2026-07-30,2026-07-30 13:15:00+05:30,647.4000244140625,645.7999877929688,-0.24828883788274952,-1.6,sl
KALYANKJIL,2026-08-06,2026-08-06 14:05:00+05:30,588.4500122070312,591.4446629115513,0.20534291536047572,2.99,tp
KALYANKJIL,2026-08-07,2026-08-07 09:25:00+05:30,623.9500122070312,621.6500244140625,-0.3211703900605676,-2.3,time
LICI,2026-06-03,2026-06-03 14:00:00+05:30,402.2999877929688,402.2999877929688,-0.1,0.0,sl
LICI,2026-06-15,2026-06-15 09:35:00+05:30,409.7000122070313,408.3999938964844,-0.2903858831065889,-1.3,time
LICI,2026-06-17,2026-06-17 11:30:00+05:30,417.0,414.0,-0.5316546762589928,-3.0,sl
LICI,2026-06-17,2026-06-17 13:00:00+05:30,417.3999938964844,416.6499938964844,-0.20781025552951984,-0.75,time
LICI,2026-06-18,2026-06-18 09:25:00+05:30,429.4500122070313,430.9982278006418,0.11630674811076305,1.55,tp
LICI,2026-06-19,2026-06-19 09:45:00+05:30,441.5,441.5,-0.1,0.0,sl
LICI,2026-06-19,2026-06-19 10:15:00+05:30,448.5,442.0499877929688,-0.9628778872282532,-6.45,sl
LICI,2026-07-01,2026-07-01 09:45:00+05:30,436.1000061035156,436.1000061035156,-0.1,0.0,sl
LICI,2026-07-01,2026-07-01 11:20:00+05:30,439.2000122070313,439.2000122070313,-0.1,0.0,sl
LICI,2026-07-07,2026-07-07 09:40:00+05:30,435.25,435.25,-0.1,0.0,sl
LICI,2026-07-07,2026-07-07 12:00:00+05:30,437.6499938964844,434.8500061035156,-0.4838667198013516,-2.8,sl
LICI,2026-07-09,2026-07-09 11:55:00+05:30,440.7000122070313,437.6000061035156,-0.5220566395708697,-3.1,sl
LICI,2026-07-10,2026-07-10 13:40:00+05:30,445.5,443.2999877929688,-0.3962979403409015,-2.2,time
LICI,2026-07-16,2026-07-16 12:35:00+05:30,440.25,439.0,-0.27035775127768313,-1.25,sl
LICI,2026-08-07,2026-08-07 12:45:00+05:30,394.7999877929688,394.1000061035156,-0.20638019925475512,-0.7,time
LICI,2026-08-11,2026-08-11 09:25:00+05:30,407.1499938964844,407.1499938964844,-0.1,0.0,sl
LICI,2026-08-12,2026-08-12 13:40:00+05:30,413.0499877929688,413.0499877929688,-0.1,0.0,sl
LICI,2026-08-17,2026-08-17 12:15:00+05:30,414.5499877929688,413.5,-0.2519702555378942,-1.05,sl
LICI,2026-08-20,2026-08-20 10:15:00+05:30,420.0,420.2000122070313,-0.07142682756695617,0.2,time
LT,2026-06-10,2026-06-10 10:45:00+05:30,3945.0,3949.300048828125,-0.034600017823193926,4.3,time
LT,2026-06-12,2026-06-12 13:55:00+05:30,3998.5,3998.5,-0.1,0.0,sl
LT,2026-06-23,2026-06-23 10:05:00+05:30,4230.0,4238.399989536831,0.01914878775646266,8.4,tp
LT,2026-06-25,2026-06-25 10:55:00+05:30,4234.2998046875,4243.51398577009,0.030564884504247346,9.21,tp
LT,2026-08-03,2026-08-03 12:10:00+05:30,4000.10009765625,4007.57870047433,0.012176235126646652,7.48,tp
LT,2026-08-04,2026-08-04 10:15:00+05:30,4026.10009765625,4017.300048828125,-0.23114500804261454,-8.8,sl
LT,2026-08-18,2026-08-18 11:45:00+05:30,4078.0,4084.1714390345983,-0.009199033331069948,6.17,tp
LTF,2026-06-05,2026-06-05 10:05:00+05:30,274.5,276.1017804827009,0.2501159525029327,1.6,tp
LTF,2026-06-12,2026-06-12 10:50:00+05:30,267.0,267.0,-0.1,0.0,sl
LTF,2026-06-12,2026-06-12 11:50:00+05:30,269.54998779296875,269.54998779296875,-0.1,0.0,sl
LTF,2026-06-15,2026-06-15 13:40:00+05:30,295.6499938964844,294.45001220703125,-0.3435274914715418,-1.2,sl
LTF,2026-06-24,2026-06-24 11:05:00+05:30,293.45001220703125,294.6339362008231,0.14206998354934175,1.18,tp
LTF,2026-06-25,2026-06-25 10:05:00+05:30,304.75,306.7857175554548,0.3007975498844607,2.04,tp
LTF,2026-07-01,2026-07-01 11:40:00+05:30,315.3999938964844,313.6499938964844,-0.43291059616970523,-1.75,sl
LTF,2026-07-03,2026-07-03 09:50:00+05:30,326.1000061035156,323.45001220703125,-0.5875793646522975,-2.65,time
LTF,2026-07-03,2026-07-03 11:55:00+05:30,326.79998779296875,326.79998779296875,-0.1,0.0,sl
LTF,2026-07-06,2026-07-06 11:50:00+05:30,332.0,333.62856946672713,0.19431978314345694,1.63,tp
LTF,2026-07-27,2026-07-27 09:50:00+05:30,311.79998779296875,310.8999938964844,-0.2731867732622157,-0.9,time
LTF,2026-07-31,2026-07-31 09:25:00+05:30,313.3999938964844,310.20001220703125,-0.7126321158468322,-3.2,sl
LTF,2026-07-31,2026-07-31 13:00:00+05:30,312.3999938964844,312.3999938964844,-0.1,0.0,sl
LTF,2026-08-03,2026-08-03 09:25:00+05:30,322.0,322.0,-0.1,0.0,sl
LTF,2026-08-10,2026-08-10 12:50:00+05:30,314.5,313.75,-0.24308426073131953,-0.75,sl
LTF,2026-08-18,2026-08-18 12:30:00+05:30,319.29998779296875,319.29998779296875,-0.1,0.0,sl
LTF,2026-08-18,2026-08-18 13:35:00+05:30,322.29998779296875,324.38391767229353,0.2879484874191325,2.08,tp
M&M,2026-06-04,2026-06-04 10:05:00+05:30,3051.300048828125,3051.300048828125,-0.1,0.0,sl
M&M,2026-06-24,2026-06-24 11:25:00+05:30,3061.800048828125,3061.800048828125,-0.1,0.0,sl
M&M,2026-07-02,2026-07-02 13:15:00+05:30,3151.89990234375,3151.89990234375,-0.1,0.0,sl
M&M,2026-07-06,2026-07-06 11:20:00+05:30,3202.0,3202.0,-0.1,0.0,sl
M&M,2026-07-23,2026-07-23 11:15:00+05:30,3243.60009765625,3230.39990234375,-0.3441767464868093,-13.2,sl
M&M,2026-07-27,2026-07-27 12:25:00+05:30,3222.0,3222.0,-0.1,0.0,sl
M&M,2026-07-28,2026-07-28 13:05:00+05:30,3283.10009765625,3277.199951171875,-0.20782759542275936,-5.9,sl
M&M,2026-07-30,2026-07-30 13:20:00+05:30,3267.0,3287.132158551897,0.2697366125233644,20.13,tp
M&M,2026-07-31,2026-07-31 10:15:00+05:30,3368.0,3403.314296177455,0.5291145399784173,35.31,tp
M&M,2026-08-07,2026-08-07 11:40:00+05:30,3470.800048828125,3482.4999651227677,0.10225739535631852,11.7,tp
M&M,2026-08-20,2026-08-20 12:05:00+05:30,3439.5,3444.7713710239955,-0.008044116458866636,5.27,tp
M&MFIN,2026-06-04,2026-06-04 12:25:00+05:30,294.0,292.6499938964844,-0.37551144969706635,-1.35,sl
M&MFIN,2026-06-18,2026-06-18 10:00:00+05:30,302.20001220703125,303.7428654261998,0.20632425351026587,1.54,tp
M&MFIN,2026-06-24,2026-06-24 11:05:00+05:30,296.1499938964844,297.264272417341,0.12575287060368812,1.11,tp
M&MFIN,2026-06-24,2026-06-24 12:05:00+05:30,299.1000061035156,300.7607203892299,0.23314227719664848,1.66,tp
M&MFIN,2026-06-24,2026-06-24 13:35:00+05:30,307.45001220703125,308.8268018450056,0.16868555862289242,1.38,tp
M&MFIN,2026-07-03,2026-07-03 10:20:00+05:30,331.95001220703125,331.95001220703125,-0.1,0.0,sl
M&MFIN,2026-07-09,2026-07-09 10:55:00+05:30,338.45001220703125,338.45001220703125,-0.1,0.0,sl
M&MFIN,2026-07-15,2026-07-15 09:20:00+05:30,329.1000061035156,330.0696574619838,0.07678237748130362,0.97,tp
M&MFIN,2026-07-28,2026-07-28 13:25:00+05:30,372.8500061035156,372.6499938964844,-0.1321864884683499,-0.2,time
M&MFIN,2026-07-29,2026-07-29 11:20:00+05:30,383.1499938964844,385.1428549630302,0.21207533837271217,1.99,tp
M&MFIN,2026-08-19,2026-08-19 09:25:00+05:30,392.2000122070313,393.80715833391474,0.14586630446636523,1.61,tp
MANAPPURAM,2026-06-12,2026-06-12 13:55:00+05:30,303.0,303.0,-0.1,0.0,sl
MANAPPURAM,2026-06-15,2026-06-15 13:05:00+05:30,319.0,318.0,-0.28808777429467086,-1.0,sl
MANAPPURAM,2026-06-30,2026-06-30 13:35:00+05:30,321.5,322.4214324951172,0.07196251852886856,0.92,tp
MANAPPURAM,2026-07-03,2026-07-03 09:45:00+05:30,334.54998779296875,331.0,-0.7366739660739021,-3.55,sl
MANAPPURAM,2026-07-06,2026-07-06 10:35:00+05:30,336.25,339.19642857142856,0.42575677110992804,2.95,tp
MANAPPURAM,2026-07-06,2026-07-06 11:10:00+05:30,342.70001220703125,339.6499938964844,-0.633997934386586,-3.05,sl
MANAPPURAM,2026-07-06,2026-07-06 13:05:00+05:30,346.0,346.0,-0.1,0.0,sl
MANAPPURAM,2026-07-08,2026-07-08 12:10:00+05:30,344.0,342.8999938964844,-0.29186152968295787,-1.1,sl
MANAPPURAM,2026-07-20,2026-07-20 12:35:00+05:30,333.0,334.3767830984933,0.14806902675555308,1.38,tp
MANAPPURAM,2026-07-21,2026-07-21 09:30:00+05:30,345.1000061035156,345.1000061035156,-0.1,0.0,sl
MANAPPURAM,2026-07-21,2026-07-21 12:40:00+05:30,352.70001220703125,352.70001220703125,-0.1,0.0,sl
MANAPPURAM,2026-07-27,2026-07-27 13:10:00+05:30,358.79998779296875,358.79998779296875,-0.1,0.0,sl
MANAPPURAM,2026-07-29,2026-07-29 09:55:00+05:30,367.1000061035156,367.1000061035156,-0.1,0.0,sl
MANAPPURAM,2026-07-30,2026-07-30 10:00:00+05:30,379.1499938964844,372.3500061035156,-1.1760893423343084,-6.8,sl
MARICO,2026-06-12,2026-06-12 11:45:00+05:30,816.3499755859375,816.3499755859375,-0.1,0.0,sl
MARICO,2026-06-18,2026-06-18 09:30:00+05:30,826.2999877929688,830.7410670689175,0.2224794390577746,4.44,tp
MARICO,2026-06-29,2026-06-29 10:00:00+05:30,840.5499877929688,842.0499877929688,0.007072751540111136,1.5,time
MARICO,2026-07-07,2026-07-07 12:25:00+05:30,843.5,845.4553636823382,0.03908929572055972,1.96,tp
MARICO,2026-07-09,2026-07-09 11:40:00+05:30,856.7999877929688,859.3339189801898,0.07744616409821634,2.53,tp
MARICO,2026-08-14,2026-08-14 13:00:00+05:30,865.3499755859375,865.1500244140625,-0.11386383619457165,-0.2,time
MAXHEALTH,2026-06-02,2026-06-02 13:45:00+05:30,953.0999755859376,946.0999755859376,-0.5406673074792563,-7.0,sl
MAXHEALTH,2026-06-03,2026-06-03 11:45:00+05:30,961.5999755859376,965.31247820173,0.13164534380505888,3.71,tp
MAXHEALTH,2026-06-05,2026-06-05 12:20:00+05:30,973.0499877929688,969.75,-0.3034831407040235,-3.3,sl
MAXHEALTH,2026-06-08,2026-06-08 10:05:00+05:30,995.2999877929688,1001.1285683768136,0.2513662607453349,5.83,tp
MAXHEALTH,2026-06-08,2026-06-08 14:30:00+05:30,1006.6500244140624,1006.6500244140624,-0.1,0.0,sl
MAXHEALTH,2026-06-10,2026-06-10 10:40:00+05:30,1024.75,1020.5,-0.34884118077579895,-4.25,sl
MAXHEALTH,2026-06-15,2026-06-15 11:35:00+05:30,1029.800048828125,1025.9000244140625,-0.32722999975581196,-3.9,sl
MAXHEALTH,2026-06-18,2026-06-18 09:35:00+05:30,1046.3499755859375,1051.8839002336774,0.21732736332168534,5.53,tp
MAXHEALTH,2026-06-18,2026-06-18 10:25:00+05:30,1078.0,1085.7946297781807,0.3338383921065329,7.79,tp
MAXHEALTH,2026-06-25,2026-06-25 09:50:00+05:30,1096.5,1101.0749816894531,0.15034099531891246,4.57,tp
MAXHEALTH,2026-06-25,2026-06-25 10:30:00+05:30,1119.800048828125,1126.4053824288505,0.25392034181306117,6.61,tp
MAXHEALTH,2026-06-29,2026-06-29 10:05:00+05:30,1151.949951171875,1151.449951171875,-0.126042798100283,-0.5,time
MAXHEALTH,2026-07-03,2026-07-03 12:00:00+05:30,1156.800048828125,1156.800048828125,-0.1,0.0,sl
MAXHEALTH,2026-07-09,2026-07-09 10:40:00+05:30,1122.4000244140625,1110.0999755859375,-0.757522196752238,-12.3,time
MAXHEALTH,2026-07-10,2026-07-10 14:20:00+05:30,1108.9000244140625,1112.8643232073102,0.11449898309863157,3.96,tp
MAXHEALTH,2026-07-16,2026-07-16 11:50:00+05:30,1111.199951171875,1101.199951171875,-0.6399568271823969,-10.0,sl
MAXHEALTH,2026-07-20,2026-07-20 12:25:00+05:30,1098.4000244140625,1100.90718296596,0.03695330459783193,2.51,tp
MAXHEALTH,2026-07-20,2026-07-20 13:50:00+05:30,1105.5999755859375,1105.5999755859375,-0.1,0.0,sl
MAXHEALTH,2026-07-27,2026-07-27 09:30:00+05:30,1105.5,1102.4000244140625,-0.26824833573609225,-3.1,time
MAXHEALTH,2026-07-30,2026-07-30 11:50:00+05:30,1125.4000244140625,1128.4857700892858,0.06451460502659223,3.09,tp
MAXHEALTH,2026-07-30,2026-07-30 12:30:00+05:30,1134.800048828125,1128.4000244140625,-0.43838689488980653,-6.4,sl
MAXHEALTH,2026-08-03,2026-08-03 12:05:00+05:30,1110.800048828125,1110.800048828125,-0.1,0.0,sl
MCX,2026-06-15,2026-06-15 12:35:00+05:30,2872.89990234375,2882.681971958705,0.10429677219818524,9.78,tp
MCX,2026-06-22,2026-06-22 11:30:00+05:30,2865.10009765625,2853.5,-0.3429254949746281,-11.6,sl
MCX,2026-06-25,2026-06-25 12:00:00+05:30,2882.0,2872.60009765625,-0.29569539924531574,-9.4,sl
MCX,2026-07-01,2026-07-01 13:10:00+05:30,2990.0,2973.5,-0.4311036789297659,-16.5,sl
MCX,2026-07-08,2026-07-08 09:45:00+05:30,2725.39990234375,2725.39990234375,-0.1,0.0,sl
MCX,2026-07-14,2026-07-14 10:00:00+05:30,2877.0,2877.0,-0.1,0.0,sl
MCX,2026-07-15,2026-07-14 15:00:00+05:30,2891.89990234375,2901.8749651227677,0.10695867317399207,9.98,tp
MCX,2026-07-20,2026-07-20 13:15:00+05:30,2830.0,2840.885750906808,0.13079330544469195,10.89,tp
MCX,2026-07-27,2026-07-27 13:30:00+05:30,2762.39990234375,2755.699951171875,-0.2455245744728802,-6.7,time
MCX,2026-08-10,2026-08-10 11:25:00+05:30,2713.10009765625,2727.9393310546875,0.22816850534758926,14.84,tp
MCX,2026-08-10,2026-08-10 12:55:00+05:30,2776.89990234375,2776.89990234375,-0.1,0.0,sl
MCX,2026-08-11,2026-08-11 10:45:00+05:30,2821.0,2799.699951171875,-0.5530318786556185,-21.3,sl
MCX,2026-08-11,2026-08-11 12:35:00+05:30,2859.60009765625,2859.60009765625,-0.1,0.0,sl
MCX,2026-08-17,2026-08-17 13:20:00+05:30,2976.89990234375,2965.0,-0.3398448601052604,-11.9,sl
MCX,2026-08-18,2026-08-18 11:50:00+05:30,3038.800048828125,3038.800048828125,-0.1,0.0,sl
MCX,2026-08-20,2026-08-20 11:15:00+05:30,3076.39990234375,3090.7463727678573,0.17980374878787705,14.35,tp
NATIONALUM,2026-06-19,2026-06-19 10:05:00+05:30,371.7999877929688,373.79284558977406,0.2216015915387732,1.99,tp
NATIONALUM,2026-06-29,2026-06-29 13:35:00+05:30,345.20001220703125,343.20001220703125,-0.44762455317652433,-2.0,sl
NATIONALUM,2026-07-08,2026-07-08 09:45:00+05:30,350.1499938964844,352.5499997820173,0.3112533361190006,2.4,tp
NATIONALUM,2026-07-10,2026-07-10 10:10:00+05:30,363.6000061035156,361.2999877929688,-0.47954096896665255,-2.3,sl
NATIONALUM,2026-07-14,2026-07-14 11:45:00+05:30,364.8999938964844,363.2999877929688,-0.363086784918302,-1.6,time
NATIONALUM,2026-07-23,2026-07-23 09:25:00+05:30,349.0,350.4357201712472,0.1468286827359128,1.44,tp
NATIONALUM,2026-07-31,2026-07-31 09:40:00+05:30,353.3500061035156,353.6000061035156,-0.05754917294212335,0.25,time
NATIONALUM,2026-08-03,2026-08-03 13:45:00+05:30,365.1000061035156,366.4714300973075,0.12537780950949493,1.37,tp
NATIONALUM,2026-08-04,2026-08-04 09:35:00+05:30,380.8999938964844,380.8999938964844,-0.1,0.0,sl
NATIONALUM,2026-08-12,2026-08-12 09:25:00+05:30,419.2999877929688,419.2999877929688,-0.1,0.0,sl
NATIONALUM,2026-08-17,2026-08-17 11:40:00+05:30,390.6499938964844,389.0,-0.3534228473974986,-1.65,time
NAUKRI,2026-06-12,2026-06-12 11:40:00+05:30,983.1500244140624,977.5499877929688,-0.4417608594027841,-5.6,sl
NAUKRI,2026-06-23,2026-06-23 12:15:00+05:30,1020.4500122070312,1020.4500122070312,-0.1,0.0,sl
NAUKRI,2026-06-29,2026-06-29 12:50:00+05:30,995.0,995.0,-0.1,0.0,sl
NAUKRI,2026-07-02,2026-07-02 09:35:00+05:30,1038.0,1038.0,-0.1,0.0,sl
NAUKRI,2026-07-07,2026-07-07 09:35:00+05:30,1048.0,1052.8053676060267,0.1751164659938962,4.81,tp
NAUKRI,2026-07-07,2026-07-07 10:15:00+05:30,1084.9000244140625,1096.7982439313616,0.5580266890707379,11.9,tp
NAUKRI,2026-07-15,2026-07-15 09:55:00+05:30,1194.9000244140625,1201.1785801478795,0.21526766786514115,6.28,tp
NAUKRI,2026-07-28,2026-07-28 09:40:00+05:30,1234.550048828125,1242.8857683454241,0.3051218267843418,8.34,tp
NAUKRI,2026-08-03,2026-08-03 12:35:00+05:30,1250.0,1253.000013078962,0.04400062779017389,3.0,tp
NAUKRI,2026-08-06,2026-08-06 11:50:00+05:30,1255.5,1251.5999755859375,-0.2863810950567503,-3.9,sl
NAUKRI,2026-08-13,2026-08-13 12:20:00+05:30,1356.9000244140625,1356.9000244140625,-0.1,0.0,sl
NAUKRI,2026-08-19,2026-08-19 13:35:00+05:30,1376.699951171875,1376.699951171875,-0.1,0.0,sl
NESTLEIND,2026-06-08,2026-06-08 11:35:00+05:30,1409.9000244140625,1409.9000244140625,-0.1,0.0,sl
NESTLEIND,2026-06-10,2026-06-10 09:55:00+05:30,1451.0999755859375,1451.0999755859375,-0.1,0.0,sl
NESTLEIND,2026-06-17,2026-06-17 12:05:00+05:30,1415.0,1411.5999755859375,-0.24417064653268553,-3.4,sl
NESTLEIND,2026-07-06,2026-07-06 11:45:00+05:30,1466.5,1462.199951171875,-0.2759310805915445,-4.3,sl
NESTLEIND,2026-07-20,2026-07-20 11:00:00+05:30,1447.5,1441.800048828125,-0.3362674060880829,-5.7,time
NESTLEIND,2026-07-22,2026-07-22 10:55:00+05:30,1480.0,1487.0714547293526,0.18668059713591542,7.07,tp
NESTLEIND,2026-07-22,2026-07-22 11:40:00+05:30,1500.0999755859375,1488.5,-0.5639680997824119,-11.6,sl
NESTLEIND,2026-07-28,2026-07-28 09:35:00+05:30,1473.0999755859375,1478.4571576799665,0.11820034686640148,5.36,tp
NMDC,2026-06-01,2026-06-01 12:50:00+05:30,90.8499984741211,90.8499984741211,-0.1,0.0,sl
NMDC,2026-06-02,2026-06-02 09:30:00+05:30,95.25,96.18428502764021,0.4885260016631273,0.93,tp
NMDC,2026-06-22,2026-06-22 11:40:00+05:30,89.05000305175781,88.75,-0.30213568207298824,-0.3,sl
NMDC,2026-06-24,2026-06-24 13:05:00+05:30,86.08999633789062,86.30642373221261,0.050838009196239264,0.22,tp
NMDC,2026-07-29,2026-07-29 09:25:00+05:30,84.9800033569336,85.32500185285296,0.14358565471241855,0.34,tp
NMDC,2026-07-29,2026-07-29 11:00:00+05:30,86.0999984741211,86.0999984741211,-0.1,0.0,sl
NMDC,2026-08-06,2026-08-06 09:35:00+05:30,86.63999938964844,87.06107085091728,0.19160073700495417,0.42,tp
NMDC,2026-08-10,2026-08-10 09:50:00+05:30,86.23999786376953,86.23999786376953,-0.1,0.0,sl
NMDC,2026-08-20,2026-08-20 11:20:00+05:30,85.01000213623047,84.51000213623047,-0.45289964999558896,-0.5,sl
NTPC,2026-06-18,2026-06-18 13:00:00+05:30,361.1000061035156,362.2571509225028,0.09226997498118567,1.16,tp
NTPC,2026-06-19,2026-06-19 09:40:00+05:30,365.8999938964844,367.4696360996791,0.15738872304635385,1.57,tp
NTPC,2026-07-01,2026-07-01 11:05:00+05:30,359.8999938964844,359.8999938964844,-0.1,0.0,sl
NTPC,2026-07-13,2026-07-13 12:35:00+05:30,349.79998779296875,350.04998779296875,-0.057118351848320134,0.25,time
NTPC,2026-07-20,2026-07-20 09:55:00+05:30,347.6499938964844,348.86071341378346,0.10895490382080969,1.21,tp
NTPC,2026-07-22,2026-07-22 11:35:00+05:30,350.25,348.29998779296875,-0.43404920034796574,-1.95,sl
NTPC,2026-07-22,2026-07-22 13:55:00+05:30,350.29998779296875,350.29998779296875,-0.1,0.0,sl
NTPC,2026-07-27,2026-07-27 12:05:00+05:30,351.1499938964844,350.20001220703125,-0.2623206674011511,-0.95,sl
NTPC,2026-08-12,2026-08-12 13:30:00+05:30,340.6499938964844,340.6499938964844,-0.1,0.0,sl
NTPC,2026-08-13,2026-08-13 09:35:00+05:30,341.3500061035156,339.3500061035156,-0.4515453284146407,-2.0,sl
NTPC,2026-08-13,2026-08-13 11:55:00+05:30,341.54998779296875,341.54998779296875,-0.1,0.0,sl
OIL,2026-06-03,2026-06-03 09:35:00+05:30,494.3999938964844,492.4500122070313,-0.33664826620463284,-1.95,time
OIL,2026-06-08,2026-06-08 12:00:00+05:30,492.2999877929688,492.2999877929688,-0.1,0.0,sl
OIL,2026-06-18,2026-06-18 12:15:00+05:30,421.6000061035156,420.25,-0.29212610303200387,-1.35,time
OIL,2026-06-30,2026-06-30 11:05:00+05:30,416.6499938964844,416.6499938964844,-0.1,0.0,sl
OIL,2026-07-03,2026-07-03 10:20:00+05:30,425.0,427.0624967302595,0.1911760089778133,2.06,tp
OIL,2026-07-06,2026-07-06 13:10:00+05:30,425.2000122070313,426.0035836356027,0.01339201394662138,0.8,tp
OIL,2026-07-08,2026-07-08 11:40:00+05:30,428.2000122070313,428.2000122070313,-0.1,0.0,sl
OIL,2026-07-13,2026-07-13 13:40:00+05:30,428.2000122070313,427.0499877929688,-0.26114307070684606,-1.15,sl
OIL,2026-07-14,2026-07-14 10:55:00+05:30,440.0499877929688,440.0499877929688,-0.1,0.0,sl
OIL,2026-07-20,2026-07-20 10:00:00+05:30,446.2000122070313,449.81608363560275,0.3862489461645688,3.62,tp
OIL,2026-07-20,2026-07-20 12:15:00+05:30,455.9500122070313,452.7000122070313,-0.5276784620667082,-3.25,time
OIL,2026-07-23,2026-07-23 09:20:00+05:30,454.6000061035156,456.34108080182756,0.12979428177774532,1.74,tp
OIL,2026-07-28,2026-07-28 13:50:00+05:30,446.6499938964844,445.7999877929688,-0.21418418651709178,-0.85,time
OIL,2026-07-30,2026-07-30 09:25:00+05:30,456.2999877929688,456.2999877929688,-0.1,0.0,sl
OIL,2026-07-31,2026-07-31 14:10:00+05:30,458.7999877929688,458.0,-0.20461915617963755,-0.8,sl
OIL,2026-08-07,2026-08-07 10:10:00+05:30,449.3999938964844,450.9000004359654,0.10026789851179424,1.5,tp
OIL,2026-08-11,2026-08-11 09:50:00+05:30,480.1000061035156,475.25,-0.7061244792989945,-4.85,sl
OIL,2026-08-13,2026-08-13 11:45:00+05:30,478.1000061035156,479.15536717006137,0.032444390680544125,1.06,tp
OIL,2026-08-18,2026-08-18 10:10:00+05:30,486.7000122070313,482.3999938964844,-0.6301029220502012,-4.3,sl
OIL,2026-08-20,2026-08-20 14:00:00+05:30,475.8999938964844,475.8999938964844,-0.1,0.0,sl
ONGC,2026-07-06,2026-07-06 12:10:00+05:30,242.6000061035156,242.6000061035156,-0.1,0.0,sl
ONGC,2026-07-13,2026-07-13 09:25:00+05:30,248.5,246.47000122070312,-0.5901405503332495,-2.03,sl
ONGC,2026-07-20,2026-07-20 12:15:00+05:30,251.77999877929688,250.30999755859372,-0.4503061151394431,-1.47,sl
ONGC,2026-07-29,2026-07-29 11:45:00+05:30,239.6499938964844,239.96392658778603,-0.02140220338902271,0.31,tp
ONGC,2026-08-07,2026-08-07 09:20:00+05:30,240.0,240.46071788242887,0.015179470607216668,0.46,tp
ONGC,2026-08-11,2026-08-11 09:25:00+05:30,243.1100006103516,242.1300048828125,-0.34186476699733825,-0.98,sl
ONGC,2026-08-17,2026-08-17 13:15:00+05:30,239.1999969482422,239.1000061035156,-0.1250813158868627,-0.1,time
ONGC,2026-08-18,2026-08-18 09:25:00+05:30,240.83999633789065,239.80999755859372,-0.3566015931635899,-1.03,sl
PETRONET,2026-06-12,2026-06-12 14:00:00+05:30,272.1499938964844,273.14107186453685,0.11849964878473196,0.99,tp
PETRONET,2026-06-15,2026-06-15 11:00:00+05:30,289.75,289.75,-0.1,0.0,sl
PETRONET,2026-06-24,2026-06-24 14:15:00+05:30,289.45001220703125,288.70001220703125,-0.2554672589469902,-0.75,sl
PETRONET,2026-07-09,2026-07-09 12:20:00+05:30,278.25,277.25,-0.31563342318059295,-1.0,time
PETRONET,2026-07-28,2026-07-28 14:20:00+05:30,277.45001220703125,277.45001220703125,-0.1,0.0,sl
PETRONET,2026-07-30,2026-07-30 10:50:00+05:30,279.3500061035156,279.3500061035156,-0.1,0.0,sl
PETRONET,2026-08-12,2026-08-12 09:30:00+05:30,281.25,279.3500061035156,-0.50533203125,-1.9,sl
PETRONET,2026-08-18,2026-08-18 11:40:00+05:30,286.29998779296875,286.29998779296875,-0.1,0.0,sl
PFC,2026-06-03,2026-06-03 13:20:00+05:30,416.6499938964844,416.6499938964844,-0.1,0.0,sl
PFC,2026-06-04,2026-06-04 11:45:00+05:30,426.8999938964844,428.7107173374721,0.15449381122644612,1.81,tp
PFC,2026-06-15,2026-06-15 10:00:00+05:30,432.1499938964844,432.1499938964844,-0.1,0.0,sl
PFC,2026-06-17,2026-06-17 13:15:00+05:30,429.3500061035156,429.3500061035156,-0.1,0.0,sl
PFC,2026-06-19,2026-06-19 13:30:00+05:30,431.5,430.0,-0.30857473928157586,-1.5,sl
PFC,2026-06-22,2026-06-22 10:20:00+05:30,441.1000061035156,441.1000061035156,-0.1,0.0,sl
PFC,2026-07-01,2026-07-01 11:40:00+05:30,431.8999938964844,433.5392848423549,0.12773201699976286,1.64,tp
PFC,2026-07-20,2026-07-20 10:05:00+05:30,410.75,409.6000061035156,-0.26798450100806454,-1.15,time
PFC,2026-07-20,2026-07-20 13:20:00+05:30,412.0,413.20535714285717,0.07553744798890784,1.21,tp
PFC,2026-07-27,2026-07-27 11:25:00+05:30,417.4500122070313,415.8999938964844,-0.3227837966541792,-1.55,sl
PFC,2026-07-29,2026-07-29 11:35:00+05:30,424.4500122070313,425.9500154767718,0.112039565546132,1.5,tp
PFC,2026-07-29,2026-07-29 12:25:00+05:30,430.1499938964844,428.3999938964844,-0.34410089850022935,-1.75,sl
PNB,2026-06-05,2026-06-05 09:50:00+05:30,108.30999755859376,108.30999755859376,-0.1,0.0,sl
PNB,2026-06-09,2026-06-09 10:55:00+05:30,108.0500030517578,108.53107506888252,0.16713854893327962,0.48,tp
PNB,2026-06-09,2026-06-09 12:30:00+05:30,109.06999969482422,109.52214350019182,0.14872676627818154,0.45,tp
PNB,2026-06-17,2026-06-17 11:05:00+05:30,108.4800033569336,108.4800033569336,-0.1,0.0,sl
PNB,2026-06-25,2026-06-25 09:45:00+05:30,108.87999725341795,108.38999938964844,-0.3700208722245178,-0.49,sl
PNB,2026-06-25,2026-06-25 12:10:00+05:30,108.73999786376952,108.33000183105467,-0.3262255144947624,-0.41,sl
PNB,2026-07-09,2026-07-09 12:25:00+05:30,103.5,103.41999816894533,-0.14637787307517294,-0.08,time
PNB,2026-07-10,2026-07-10 12:40:00+05:30,104.95999908447266,105.17428479875838,0.022495645667792087,0.21,tp
PNB,2026-07-10,2026-07-10 13:00:00+05:30,106.3499984741211,106.7721415928432,0.1381625527666523,0.42,tp
PNB,2026-07-20,2026-07-20 09:25:00+05:30,111.1500015258789,111.1500015258789,-0.1,0.0,sl
PNB,2026-07-31,2026-07-31 12:45:00+05:30,112.43000030517578,112.58964456830707,-0.014803381998780616,0.16,tp
PNB,2026-08-03,2026-08-03 09:55:00+05:30,113.9499969482422,114.37106840951103,0.12171380739575471,0.42,tp
PNB,2026-08-05,2026-08-05 09:30:00+05:30,115.12000274658205,114.4499969482422,-0.44920384764831134,-0.67,sl
PNB,2026-08-12,2026-08-12 09:25:00+05:30,116.77999877929688,117.17964117867606,0.10533091465490191,0.4,tp
PNB,2026-08-12,2026-08-12 10:00:00+05:30,118.80999755859376,118.80999755859376,-0.1,0.0,sl
PNB,2026-08-13,2026-08-13 13:35:00+05:30,118.66000366210938,118.3000030517578,-0.28203300147033405,-0.36,sl
PNB,2026-08-20,2026-08-20 12:25:00+05:30,118.41000366210938,118.61571775163922,0.004238197703397063,0.21,tp
RBLBANK,2026-06-04,2026-06-04 12:55:00+05:30,350.3999938964844,348.95001220703125,-0.3482845401900573,-1.45,sl
RBLBANK,2026-06-09,2026-06-09 11:55:00+05:30,355.20001220703125,356.71607971191406,0.15609247513186908,1.52,tp
RBLBANK,2026-06-17,2026-06-17 11:50:00+05:30,370.8500061035156,369.3999938964844,-0.3345981690440917,-1.45,sl
RBLBANK,2026-06-18,2026-06-18 10:10:00+05:30,374.5499877929688,371.7000122070313,-0.5565439613650951,-2.85,sl
RBLBANK,2026-06-19,2026-06-19 12:35:00+05:30,377.9500122070313,375.25,-0.5286300494498689,-2.7,sl
RBLBANK,2026-07-03,2026-07-03 10:10:00+05:30,361.3999938964844,359.75,-0.37393368970952146,-1.65,sl
RBLBANK,2026-07-06,2026-07-06 12:30:00+05:30,364.25,362.6499938964844,-0.3635562558982498,-1.6,sl
RBLBANK,2026-07-10,2026-07-10 09:55:00+05:30,371.0499877929688,373.01069750104637,0.21705319055364972,1.96,tp
RBLBANK,2026-07-20,2026-07-20 14:05:00+05:30,372.7999877929688,372.7999877929688,-0.1,0.0,sl
RBLBANK,2026-07-24,2026-07-24 14:00:00+05:30,354.45001220703125,352.3500061035156,-0.4554813425633112,-2.1,sl
RBLBANK,2026-07-27,2026-07-27 12:40:00+05:30,361.9500122070313,362.8982336861747,0.057185486475578876,0.95,tp
RBLBANK,2026-07-29,2026-07-29 13:05:00+05:30,368.6000061035156,368.3500061035156,-0.14069451913082032,-0.25,time
RBLBANK,2026-07-30,2026-07-30 11:10:00+05:30,374.6499938964844,376.36428615025113,0.17454300520934993,1.71,tp
RBLBANK,2026-07-30,2026-07-30 11:50:00+05:30,380.3999938964844,380.3999938964844,-0.1,0.0,sl
RBLBANK,2026-08-03,2026-08-03 11:55:00+05:30,379.3999938964844,378.3500061035156,-0.26604973271379057,-1.05,time
RBLBANK,2026-08-04,2026-08-04 11:10:00+05:30,383.25,383.25,-0.1,0.0,sl
RBLBANK,2026-08-20,2026-08-20 09:40:00+05:30,386.2999877929688,387.56427546909885,0.09636878841543421,1.26,tp
RBLBANK,2026-08-20,2026-08-20 11:45:00+05:30,391.0,391.9535805838449,0.04632950135727092,0.95,tp
RECLTD,2026-06-12,2026-06-12 13:45:00+05:30,345.1499938964844,345.89999716622486,0.03037866718875147,0.75,tp
RECLTD,2026-06-17,2026-06-17 13:20:00+05:30,358.8500061035156,358.8500061035156,-0.1,0.0,sl
RECLTD,2026-06-22,2026-06-22 10:25:00+05:30,366.4500122070313,366.4500122070313,-0.1,0.0,sl
RECLTD,2026-06-24,2026-06-24 13:10:00+05:30,364.0499877929688,362.7000122070313,-0.32249289348229004,-1.35,sl
RECLTD,2026-07-13,2026-07-13 13:40:00+05:30,352.1000061035156,352.1000061035156,-0.1,0.0,sl
RECLTD,2026-07-29,2026-07-29 11:35:00+05:30,373.4500122070313,374.56965637207037,0.07988659179665948,1.12,tp
RECLTD,2026-07-29,2026-07-29 11:55:00+05:30,377.1000061035156,377.1000061035156,-0.1,0.0,sl
RECLTD,2026-08-17,2026-08-17 12:50:00+05:30,338.1499938964844,338.7392828805106,0.004561110985548005,0.59,tp
RECLTD,2026-08-18,2026-08-17 14:05:00+05:30,339.3999938964844,340.0696269444057,0.018379444896315024,0.67,tp
RELIANCE,2026-06-16,2026-06-16 11:05:00+05:30,1330.199951171875,1330.199951171875,-0.1,0.0,sl
RELIANCE,2026-07-06,2026-07-06 10:55:00+05:30,1322.699951171875,1322.699951171875,-0.1,0.0,sl
RELIANCE,2026-07-10,2026-07-10 14:15:00+05:30,1303.800048828125,1305.867885044643,-0.004839570221991103,2.07,tp
RELIANCE,2026-07-29,2026-07-29 13:50:00+05:30,1280.5999755859375,1276.199951171875,-0.30615451341310257,-4.4,sl
RELIANCE,2026-07-30,2026-07-30 11:10:00+05:30,1285.9000244140625,1288.19287109375,0.006984056434664087,2.29,tp
RELIANCE,2026-07-31,2026-07-31 13:35:00+05:30,1302.4000244140625,1303.7500217982702,-0.03780724697936003,1.35,tp
RELIANCE,2026-08-06,2026-08-06 11:20:00+05:30,1312.699951171875,1312.699951171875,-0.1,0.0,sl
RELIANCE,2026-08-06,2026-08-06 11:45:00+05:30,1316.5,1316.5,-0.1,0.0,sl
RELIANCE,2026-08-07,2026-08-07 11:25:00+05:30,1331.800048828125,1335.0143345424108,0.04480938262980635,3.21,tp
RELIANCE,2026-08-20,2026-08-20 12:45:00+05:30,1314.0,1315.4464416503906,-0.0339524360552226,1.45,tp
SBICARD,2026-06-15,2026-06-15 12:25:00+05:30,607.5499877929688,607.5499877929688,-0.1,0.0,sl
SBICARD,2026-06-16,2026-06-16 13:10:00+05:30,616.0,618.6946454729352,0.16246546814304239,2.69,tp
SBICARD,2026-06-16,2026-06-16 13:35:00+05:30,623.7000122070312,625.6982291085379,0.0922286543913093,2.0,tp
SBICARD,2026-06-22,2026-06-22 10:55:00+05:30,629.9500122070312,626.75,-0.4047872508950353,-3.2,sl
SBICARD,2026-06-25,2026-06-25 09:30:00+05:30,621.25,621.25,-0.1,0.0,sl
SBICARD,2026-06-25,2026-06-25 12:45:00+05:30,633.5999755859375,629.2000122070312,-0.5166632148150517,-4.4,sl
SBICARD,2026-07-02,2026-07-02 10:35:00+05:30,607.9500122070312,607.9500122070312,-0.1,0.0,sl
SBICARD,2026-07-07,2026-07-07 11:05:00+05:30,604.8499755859375,602.5499877929688,-0.3281545393871277,-2.3,time
SBICARD,2026-07-10,2026-07-10 10:00:00+05:30,597.4500122070312,600.1232278006418,0.16846251960749864,2.67,tp
SBICARD,2026-07-10,2026-07-10 10:40:00+05:30,604.9500122070312,608.630353655134,0.2650227001079728,3.68,tp
SBICARD,2026-07-14,2026-07-14 09:25:00+05:30,631.9000244140625,622.0,-1.040024437243131,-9.9,time
SBICARD,2026-07-15,2026-07-15 09:25:00+05:30,648.3499755859375,648.3499755859375,-0.1,0.0,sl
SBICARD,2026-07-27,2026-07-27 11:45:00+05:30,645.0,640.6500244140625,-0.5046488917151163,-4.35,sl
SBICARD,2026-07-28,2026-07-28 09:25:00+05:30,661.0,664.3589259556362,0.20489494302295394,3.36,tp
SBICARD,2026-07-31,2026-07-31 09:55:00+05:30,663.7000122070312,663.7000122070312,-0.1,0.0,sl
SBIN,2026-06-09,2026-06-09 11:50:00+05:30,997.7000122070312,1000.5446668352399,0.07107274291292978,2.84,tp
SBIN,2026-06-18,2026-06-18 11:35:00+05:30,1036.75,1039.5303519112724,0.06090775469143488,2.78,tp
SBIN,2026-06-24,2026-06-24 11:45:00+05:30,1038.8499755859375,1038.8499755859375,-0.1,0.0,sl
SBIN,2026-06-25,2026-06-25 11:55:00+05:30,1053.550048828125,1055.2750462123327,-0.0017608673004350936,1.72,tp
SBIN,2026-07-02,2026-07-02 10:35:00+05:30,1055.9000244140625,1052.5,-0.29320149647401894,-3.4,sl
SBIN,2026-07-30,2026-07-30 12:45:00+05:30,1026.300048828125,1026.300048828125,-0.1,0.0,sl
SBIN,2026-08-03,2026-08-03 09:40:00+05:30,1044.4000244140625,1044.4000244140625,-0.1,0.0,sl
SBIN,2026-08-05,2026-08-05 09:45:00+05:30,1048.4000244140625,1052.1286010742188,0.11338667912985435,3.73,tp
SBIN,2026-08-06,2026-08-06 09:35:00+05:30,1063.5,1058.199951171875,-0.3990154486953456,-5.3,sl
SBIN,2026-08-06,2026-08-06 13:25:00+05:30,1078.199951171875,1078.199951171875,-0.1,0.0,sl
SBIN,2026-08-12,2026-08-12 09:25:00+05:30,1080.5,1080.5,-0.1,0.0,sl
SHRIRAMFIN,2026-06-05,2026-06-05 10:05:00+05:30,939.5,944.6482064383371,0.22878380659949354,5.15,tp
SHRIRAMFIN,2026-06-12,2026-06-12 13:35:00+05:30,923.75,926.4928676060268,0.07815648861879301,2.74,tp
SHRIRAMFIN,2026-06-12,2026-06-12 13:55:00+05:30,936.6500244140624,936.6500244140624,-0.1,0.0,sl
SHRIRAMFIN,2026-06-24,2026-06-24 12:40:00+05:30,1023.75,1027.5749947684153,0.12417551756280197,3.82,tp
SHRIRAMFIN,2026-06-30,2026-06-30 12:20:00+05:30,1044.300048828125,1047.7071969168526,0.09575684742431775,3.41,tp
SHRIRAMFIN,2026-07-02,2026-07-02 10:55:00+05:30,1063.5999755859375,1063.5999755859375,-0.1,0.0,sl
SHRIRAMFIN,2026-07-21,2026-07-21 10:40:00+05:30,1063.5,1063.5,-0.1,0.0,sl
SHRIRAMFIN,2026-07-23,2026-07-23 09:55:00+05:30,1075.699951171875,1064.800048828125,-0.7079707821056739,-10.9,sl
SHRIRAMFIN,2026-08-06,2026-08-06 09:40:00+05:30,1143.9000244140625,1150.2642996651787,0.23381983295486652,6.36,tp
SHRIRAMFIN,2026-08-10,2026-08-10 13:50:00+05:30,1135.800048828125,1138.425088065011,0.038670846488931425,2.63,tp
SHRIRAMFIN,2026-08-13,2026-08-13 09:50:00+05:30,1140.5,1145.7178649902344,0.17450407664538575,5.22,tp
SHRIRAMFIN,2026-08-20,2026-08-20 09:25:00+05:30,1133.0,1132.0999755859375,-0.14766236967674318,-0.9,time
SUNPHARMA,2026-06-11,2026-06-11 12:20:00+05:30,1799.0,1801.6035635811943,-0.013166306352608334,2.6,tp
SUNPHARMA,2026-06-12,2026-06-12 11:35:00+05:30,1811.5999755859373,1811.5999755859373,-0.1,0.0,sl
SUNPHARMA,2026-06-19,2026-06-19 12:30:00+05:30,1834.4000244140625,1834.4000244140625,-0.1,0.0,sl
SUNPHARMA,2026-06-22,2026-06-22 12:40:00+05:30,1856.4000244140625,1856.4000244140625,-0.1,0.0,sl
SUNPHARMA,2026-06-22,2026-06-22 13:10:00+05:30,1861.5,1856.5,-0.26116035455278,-5.0,sl
SUNPHARMA,2026-06-23,2026-06-23 09:30:00+05:30,1893.4000244140625,1899.1750401088168,0.08300461456500054,5.78,tp
SUNPHARMA,2026-07-03,2026-07-03 09:45:00+05:30,1907.4000244140625,1907.4000244140625,-0.1,0.0,sl
SUNPHARMA,2026-07-14,2026-07-14 12:00:00+05:30,1943.5,1947.7750026157923,0.031978470258575115,4.28,tp
SUNPHARMA,2026-07-15,2026-07-15 12:20:00+05:30,1959.199951171875,1954.0,-0.2592471815476936,-5.2,sl
SUNPHARMA,2026-07-21,2026-07-21 12:50:00+05:30,1964.800048828125,1960.0999755859373,-0.2435282916953615,-4.7,sl
SUNPHARMA,2026-07-31,2026-07-31 11:50:00+05:30,2022.800048828125,2027.0643266950335,0.026486388094926684,4.26,tp
TATAPOWER,2026-06-10,2026-06-10 12:15:00+05:30,402.4500122070313,399.2000122070313,-0.5845322253330848,-3.25,sl
TATAPOWER,2026-07-15,2026-07-15 10:45:00+05:30,383.8999938964844,383.8999938964844,-0.1,0.0,sl
TATAPOWER,2026-07-20,2026-07-20 13:00:00+05:30,383.3999938964844,384.1499906267439,0.01737038219077364,0.75,tp
TATAPOWER,2026-07-20,2026-07-20 14:00:00+05:30,385.1000061035156,384.1000061035156,-0.25580368488457483,-1.0,sl
TATAPOWER,2026-07-29,2026-07-29 13:10:00+05:30,376.2999877929688,377.17855725969594,0.040085489539345355,0.88,tp
TATAPOWER,2026-07-31,2026-07-31 09:40:00+05:30,379.3500061035156,378.3999938964844,-0.2502589468953926,-0.95,time
TATAPOWER,2026-07-31,2026-07-31 13:00:00+05:30,380.1499938964844,379.4500122070313,-0.21047981597132545,-0.7,sl
TATAPOWER,2026-08-04,2026-08-04 09:50:00+05:30,383.5499877929688,383.5499877929688,-0.1,0.0,sl
TATAPOWER,2026-08-13,2026-08-13 11:55:00+05:30,380.5,381.10536302839006,-0.004541966613919772,0.61,tp
TATAPOWER,2026-08-14,2026-08-14 11:40:00+05:30,390.0,387.75,-0.4461538461538461,-2.25,sl
TATASTEEL,2026-06-02,2026-06-02 09:35:00+05:30,212.8500061035156,212.8500061035156,-0.1,0.0,sl
TATASTEEL,2026-07-31,2026-07-31 13:05:00+05:30,189.17999267578125,189.7553492954799,0.08247911258291622,0.58,tp
TATASTEEL,2026-07-31,2026-07-31 13:40:00+05:30,191.1999969482422,190.0,-0.4765680860027502,-1.2,sl
TATASTEEL,2026-08-17,2026-08-17 13:20:00+05:30,185.47000122070312,185.47000122070312,-0.1,0.0,sl
TATATECH,2026-06-02,2026-06-02 10:40:00+05:30,733.8499755859375,733.8499755859375,-0.1,0.0,sl
TATATECH,2026-06-04,2026-06-04 10:45:00+05:30,745.9000244140625,750.4696895054409,0.26758264714910585,4.57,tp
TATATECH,2026-06-05,2026-06-05 09:35:00+05:30,767.2000122070312,767.2000122070312,-0.1,0.0,sl
TATATECH,2026-06-10,2026-06-10 13:20:00+05:30,756.0,758.817868913923,0.12364038999388947,2.82,tp
TATATECH,2026-06-12,2026-06-12 14:00:00+05:30,759.6500244140625,761.9160853794643,0.07898197005783329,2.27,tp
TATATECH,2026-06-15,2026-06-15 09:50:00+05:30,768.0,771.1928558349609,0.14944186210632324,3.19,tp
TATATECH,2026-06-23,2026-06-23 10:40:00+05:30,758.0499877929688,763.1446555001395,0.30324525737441066,5.09,tp
TATATECH,2026-07-02,2026-07-02 10:30:00+05:30,704.0,713.6214468819754,0.7200096774410878,9.62,tp
TATATECH,2026-07-02,2026-07-02 11:45:00+05:30,717.2999877929688,717.2999877929688,-0.1,0.0,sl
TATATECH,2026-07-13,2026-07-13 11:05:00+05:30,750.0499877929688,750.0499877929688,-0.1,0.0,sl
TATATECH,2026-07-13,2026-07-13 13:20:00+05:30,760.75,760.4500122070312,-0.12365989822954322,-0.3,time
TATATECH,2026-07-16,2026-07-16 11:55:00+05:30,764.0999755859375,767.1588897705078,0.1401974308839338,3.06,tp
TATATECH,2026-07-28,2026-07-28 09:50:00+05:30,745.5499877929688,751.0464215959821,0.342339257702972,5.5,tp
TATATECH,2026-08-03,2026-08-03 12:40:00+05:30,765.8499755859375,765.8499755859375,-0.1,0.0,sl
TATATECH,2026-08-06,2026-08-06 09:45:00+05:30,787.4500122070312,794.4142979213169,0.4306459284773999,6.96,tp
TATATECH,2026-08-07,2026-08-07 10:15:00+05:30,825.2000122070312,832.8821563720703,0.458565975622772,7.68,tp
TATATECH,2026-08-07,2026-08-07 12:55:00+05:30,867.0,872.8607352120536,0.3055872119068204,5.86,tp
TATATECH,2026-08-10,2026-08-10 13:10:00+05:30,885.2999877929688,878.5,-0.5608599042176169,-6.8,sl
TATATECH,2026-08-13,2026-08-13 12:20:00+05:30,864.4500122070312,866.6839577811105,0.05505434964659858,2.23,tp
TATATECH,2026-08-20,2026-08-20 11:55:00+05:30,828.1500244140625,831.3321816580636,0.13054933165661067,3.18,tp
TCS,2026-06-12,2026-06-12 11:45:00+05:30,2162.60009765625,2155.60009765625,-0.2942106635689054,-7.0,sl
TCS,2026-06-22,2026-06-22 11:25:00+05:30,2156.0,2145.10009765625,-0.40333679991883115,-10.9,sl
TCS,2026-06-24,2026-06-24 13:25:00+05:30,2107.0,2107.0,-0.1,0.0,sl
TCS,2026-07-02,2026-07-02 12:25:00+05:30,2059.10009765625,2059.10009765625,-0.1,0.0,sl
TCS,2026-07-02,2026-07-02 13:50:00+05:30,2069.699951171875,2062.300048828125,-0.314521018070087,-7.4,sl
TCS,2026-07-13,2026-07-13 09:40:00+05:30,2114.10009765625,2127.5250505719864,0.28101184321271316,13.42,tp
TCS,2026-07-13,2026-07-13 11:00:00+05:30,2138.800048828125,2148.8286568777903,0.18133367740925868,10.03,tp
TCS,2026-07-13,2026-07-13 11:55:00+05:30,2187.800048828125,2187.800048828125,-0.1,0.0,sl
TCS,2026-07-16,2026-07-16 11:55:00+05:30,2228.60009765625,2217.0,-0.4123063039021527,-11.6,sl
TCS,2026-07-17,2026-07-17 11:50:00+05:30,2253.199951171875,2260.4749668666295,0.09372490286902871,7.28,tp
TCS,2026-07-23,2026-07-23 12:00:00+05:30,2230.0,2236.5678100585938,0.0767123782581278,6.57,tp
TCS,2026-07-27,2026-07-27 09:30:00+05:30,2300.800048828125,2310.0036097935267,0.14000940812104218,9.2,tp
TCS,2026-07-28,2026-07-28 10:10:00+05:30,2398.5,2408.60009765625,0.15266035412757972,10.1,time
TCS,2026-08-07,2026-08-07 13:30:00+05:30,2447.0,2447.0,-0.1,0.0,sl
TCS,2026-08-13,2026-08-13 11:50:00+05:30,2360.0,2364.8749476841517,0.023939347902162386,4.87,tp
TECHM,2026-06-01,2026-06-01 14:00:00+05:30,1560.800048828125,1557.0,-0.24608080635228607,-3.8,sl
TECHM,2026-06-04,2026-06-04 11:30:00+05:30,1494.9000244140625,1494.9000244140625,-0.1,0.0,sl
TECHM,2026-06-17,2026-06-17 12:55:00+05:30,1476.4000244140625,1472.199951171875,-0.2706884247927744,-4.2,sl
TECHM,2026-07-02,2026-07-02 13:05:00+05:30,1412.300048828125,1416.242924281529,0.06750868726552715,3.94,tp
TECHM,2026-07-03,2026-07-03 11:35:00+05:30,1444.800048828125,1432.5999755859375,-0.6066475427689648,-12.2,sl
TECHM,2026-07-07,2026-07-07 11:05:00+05:30,1455.9000244140625,1455.9000244140625,-0.1,0.0,sl
TECHM,2026-07-13,2026-07-13 10:50:00+05:30,1480.300048828125,1480.300048828125,-0.1,0.0,sl
TECHM,2026-07-13,2026-07-13 11:30:00+05:30,1495.9000244140625,1504.0535801478795,0.22703612276538632,8.15,tp
TECHM,2026-07-16,2026-07-16 09:40:00+05:30,1520.4000244140625,1527.5678972516741,0.18286790538722944,7.17,tp
TECHM,2026-08-13,2026-08-13 11:55:00+05:30,1646.199951171875,1648.2892368861608,-0.023850597390730602,2.09,tp
UNIONBANK,2026-06-05,2026-06-05 09:25:00+05:30,168.5399932861328,169.1378457205636,0.11283462379726404,0.6,tp
UNIONBANK,2026-06-17,2026-06-17 12:40:00+05:30,172.02999877929688,172.7971420288086,0.1675614444998908,0.77,tp
UNIONBANK,2026-06-18,2026-06-18 09:30:00+05:30,176.05999755859375,176.05999755859375,-0.1,0.0,sl
UNIONBANK,2026-06-18,2026-06-18 11:40:00+05:30,177.17999267578125,176.14999389648438,-0.4487974337537035,-1.03,sl
UNIONBANK,2026-07-10,2026-07-10 13:00:00+05:30,162.41000366210938,163.26714651925224,0.21665888965539176,0.86,tp
UNIONBANK,2026-07-13,2026-07-13 09:40:00+05:30,167.55999755859375,168.6517835344587,0.2909474785531075,1.09,tp
UNIONBANK,2026-07-20,2026-07-20 14:10:00+05:30,177.13999938964844,175.8000030517578,-0.5538770495114715,-1.34,sl
UNIONBANK,2026-07-31,2026-07-31 13:05:00+05:30,171.9499969482422,172.3324977329799,0.03346930788938009,0.38,tp
UNIONBANK,2026-08-03,2026-08-03 09:40:00+05:30,174.99000549316406,174.99000549316406,-0.1,0.0,sl
UNIONBANK,2026-08-05,2026-08-05 09:30:00+05:30,177.60000610351562,177.60000610351562,-0.1,0.0,sl
UNIONBANK,2026-08-06,2026-08-06 12:15:00+05:30,178.1199951171875,178.3953481401716,-0.007246901909153925,0.28,tp
UNIONBANK,2026-08-06,2026-08-06 13:10:00+05:30,179.07000732421875,179.58857345581055,0.07375309444855162,0.52,tp
UNIONBANK,2026-08-07,2026-08-07 14:15:00+05:30,184.55999755859372,184.55999755859372,-0.1,0.0,sl
UNIONBANK,2026-08-11,2026-08-11 13:15:00+05:30,184.22000122070312,184.67321831839425,0.047611690811406676,0.45,tp
UNIONBANK,2026-08-12,2026-08-12 09:25:00+05:30,186.2100067138672,186.2100067138672,-0.1,0.0,sl
UPL,2026-06-15,2026-06-15 11:20:00+05:30,627.5,624.3499755859375,-0.40119755353585657,-3.15,sl
UPL,2026-07-02,2026-07-02 10:00:00+05:30,581.6500244140625,584.4892970493862,0.19288464019413507,2.84,tp
UPL,2026-07-03,2026-07-03 09:45:00+05:30,604.4500122070312,607.5678798130581,0.20949136005234403,3.12,tp
UPL,2026-07-14,2026-07-14 09:25:00+05:30,594.0,589.3499755859375,-0.5696994357638888,-4.65,time
UPL,2026-07-15,2026-07-15 09:45:00+05:30,601.75,601.75,-0.1,0.0,sl
UPL,2026-07-16,2026-07-16 12:20:00+05:30,615.0999755859375,616.6267678397043,0.04893113129900727,1.53,tp
UPL,2026-07-16,2026-07-16 12:35:00+05:30,622.0,622.0,-0.1,0.0,sl
UPL,2026-07-16,2026-07-16 14:15:00+05:30,626.5,626.5,-0.1,0.0,sl
UPL,2026-07-29,2026-07-29 13:05:00+05:30,609.0499877929688,610.9249877929688,0.08471390239686132,1.88,tp
UPL,2026-08-03,2026-08-03 09:25:00+05:30,612.3499755859375,615.0928431919643,0.16875489984977377,2.74,tp
UPL,2026-08-12,2026-08-12 10:15:00+05:30,573.7999877929688,571.7000122070312,-0.319586158655882,-2.1,sl
UPL,2026-08-17,2026-08-17 14:00:00+05:30,567.4500122070312,567.4500122070312,-0.1,0.0,sl
VEDL,2026-07-21,2026-07-21 13:10:00+05:30,265.45001220703125,265.45001220703125,-0.1,0.0,sl
VEDL,2026-07-23,2026-07-23 09:25:00+05:30,266.29998779296875,267.076783316476,0.07501965282352666,0.78,tp
WIPRO,2026-06-29,2026-06-29 11:35:00+05:30,176.36000061035156,175.64999389648438,-0.3415536555035076,-0.71,sl
WIPRO,2026-07-13,2026-07-13 12:00:00+05:30,178.72999572753906,178.72999572753906,-0.1,0.0,sl
WIPRO,2026-07-24,2026-07-24 12:20:00+05:30,176.27999877929688,176.27999877929688,-0.1,0.0,sl
WIPRO,2026-07-24,2026-07-24 12:55:00+05:30,177.0,177.62142889840263,0.11065386386529723,0.62,tp
WIPRO,2026-07-27,2026-07-27 13:40:00+05:30,178.1999969482422,178.1999969482422,-0.1,0.0,sl
WIPRO,2026-07-30,2026-07-30 10:35:00+05:30,191.0,188.8500061035156,-0.7753907528223257,-2.15,sl
YESBANK,2026-06-05,2026-06-05 11:05:00+05:30,23.36000061035156,23.200000762939453,-0.5109585014510782,-0.16,time
YESBANK,2026-06-12,2026-06-12 12:25:00+05:30,22.75,22.75,-0.1,0.0,sl
YESBANK,2026-06-16,2026-06-16 09:50:00+05:30,24.209999084472656,24.42214230128697,0.42575768237110456,0.21,tp
YESBANK,2026-06-17,2026-06-17 10:05:00+05:30,24.600000381469727,24.788572243281774,0.3599313631411762,0.19,tp
YESBANK,2026-06-17,2026-06-17 10:20:00+05:30,25.31999969482422,25.01000022888184,-0.8345958997126236,-0.31,time
YESBANK,2026-07-21,2026-07-21 12:30:00+05:30,23.290000915527344,23.209999084472656,-0.3061017464400801,-0.08,sl
YESBANK,2026-07-31,2026-07-31 11:35:00+05:30,22.729999542236328,22.729999542236328,-0.1,0.0,sl
YESBANK,2026-08-17,2026-08-17 13:00:00+05:30,22.989999771118164,22.93000030517578,-0.25658842942075755,-0.06,time
ZEEL,2026-06-01,2026-06-01 10:10:00+05:30,97.45999908447266,98.66428538731166,0.6414034357594464,1.2,tp
ZEEL,2026-06-04,2026-06-04 10:20:00+05:30,97.12999725341795,97.12999725341795,-0.1,0.0,sl
ZEEL,2026-06-05,2026-06-05 10:15:00+05:30,111.04000091552734,113.42071287972587,1.1864077510281883,2.38,tp
ZEEL,2026-06-18,2026-06-18 10:40:00+05:30,113.91000366210938,111.55999755859376,-1.3378225061706193,-2.35,sl
ZEEL,2026-06-19,2026-06-19 10:15:00+05:30,116.4000015258789,117.68250329153878,0.5610833756946667,1.28,tp
ZEEL,2026-07-01,2026-07-01 09:45:00+05:30,110.05999755859376,110.05999755859376,-0.1,0.0,sl
ZEEL,2026-07-13,2026-07-13 14:05:00+05:30,100.54000091552734,100.54000091552734,-0.1,0.0,sl
ZEEL,2026-07-14,2026-07-14 09:30:00+05:30,103.16999816894533,103.16999816894533,-0.1,0.0,sl
ZEEL,2026-07-14,2026-07-14 10:20:00+05:30,105.08999633789062,104.3499984741211,-0.5224937993471346,-0.74,time
ZEEL,2026-07-21,2026-07-21 09:30:00+05:30,108.51000213623048,109.02964891706195,0.1873357868958846,0.52,tp
ZEEL,2026-07-27,2026-07-27 13:05:00+05:30,108.66000366210938,109.06821768624442,0.1254080675743965,0.41,tp
ZEEL,2026-07-28,2026-07-28 11:25:00+05:30,110.0,109.3000030517578,-0.4818165172230191,-0.7,time
ZEEL,2026-07-29,2026-07-29 14:20:00+05:30,107.8000030517578,107.61000061035156,-0.20575274732506843,-0.19,sl
ZEEL,2026-07-30,2026-07-30 12:35:00+05:30,110.1999969482422,110.1999969482422,-0.1,0.0,sl
ZEEL,2026-07-31,2026-07-31 09:30:00+05:30,115.37999725341795,115.37999725341795,-0.1,0.0,sl
ZEEL,2026-07-31,2026-07-31 12:10:00+05:30,116.4000015258789,116.4000015258789,-0.1,0.0,sl
ZEEL,2026-08-07,2026-08-07 10:00:00+05:30,94.3000030517578,94.96750177655899,0.3247075524068601,0.67,tp
ZEEL,2026-08-14,2026-08-14 11:35:00+05:30,104.16999816894533,102.06999969482422,-1.309560436421597,-2.1,time
ZEEL,2026-08-17,2026-08-17 13:55:00+05:30,105.77999877929688,106.62214251926966,0.3776765454856142,0.84,tp
ZEEL,2026-08-20,2026-08-20 10:35:00+05:30,106.08000183105467,106.08000183105467,-0.1,0.0,sl
ZEEL,2026-08-20,2026-08-20 12:15:00+05:30,108.37999725341795,108.96607044764927,0.22445462765289104,0.59,tp
