sym,day,entry_time,entry_px,exit_px,ret_opt_pct,points,reason
AARTIIND,2026-06-12,2026-06-12 09:20:00+05:30,437.7999877929688,435.7571345738003,-0.37997075506560946,-2.04,sl
AARTIIND,2026-06-15,2026-06-15 10:15:00+05:30,463.1499938964844,467.0,0.39875929883433586,3.85,time
AARTIIND,2026-06-18,2026-06-18 09:40:00+05:30,492.8500061035156,490.2000056675502,-0.4226134202878128,-2.65,sl
AARTIIND,2026-06-22,2026-06-22 09:25:00+05:30,490.2999877929688,490.2999877929688,-0.1,0.0,sl
AARTIIND,2026-07-01,2026-07-01 12:20:00+05:30,468.3500061035156,471.19287109375,0.26419749587098834,2.84,tp
AARTIIND,2026-07-02,2026-07-02 09:25:00+05:30,476.6499938964844,480.0785609654018,0.3315829786409684,3.43,tp
AARTIIND,2026-07-06,2026-07-06 09:20:00+05:30,490.0,494.1857212611607,0.41253729728498634,4.19,tp
AARTIIND,2026-07-10,2026-07-10 09:45:00+05:30,480.5499877929688,484.88571166992193,0.44134520700323654,4.34,tp
AARTIIND,2026-07-14,2026-07-14 09:30:00+05:30,489.0,487.23213849748885,-0.3169155217805095,-1.77,sl
AARTIIND,2026-07-15,2026-07-15 09:20:00+05:30,499.0,496.64999607631137,-0.38256560204672935,-2.35,sl
AARTIIND,2026-07-20,2026-07-20 11:15:00+05:30,496.8999938964844,499.09285627092635,0.16478515613330388,2.19,tp
AARTIIND,2026-07-27,2026-07-27 09:20:00+05:30,485.75,485.75,-0.1,0.0,sl
AARTIIND,2026-08-06,2026-08-06 11:05:00+05:30,494.3500061035156,497.00000435965404,0.22163425387924618,2.65,tp
AARTIIND,2026-08-07,2026-08-07 11:50:00+05:30,507.0,509.2428501674108,0.16542605531488513,2.24,tp
AARTIIND,2026-08-12,2026-08-12 09:25:00+05:30,512.5,511.096426827567,-0.2643207616506959,-1.4,sl
ABB,2026-06-04,2026-06-04 09:30:00+05:30,7288.0,7263.785714285715,-0.2993492237729308,-24.21,sl
ABB,2026-06-16,2026-06-16 09:20:00+05:30,7007.0,7007.0,-0.1,0.0,sl
ABB,2026-06-19,2026-06-19 09:20:00+05:30,7285.0,7261.75,-0.29148936170212764,-23.25,sl
ABB,2026-07-09,2026-07-09 11:45:00+05:30,6858.5,6846.107142857143,-0.20841604265822164,-12.39,sl
ABB,2026-07-15,2026-07-15 10:55:00+05:30,7112.5,7167.642857142857,0.36517700225960104,55.14,tp
ABB,2026-07-16,2026-07-16 10:40:00+05:30,7731.0,7853.785714285715,0.8529353068351935,122.79,tp
ABB,2026-07-21,2026-07-21 09:40:00+05:30,7609.0,7578.5,-0.3405046655276646,-30.5,sl
ABB,2026-07-22,2026-07-22 11:40:00+05:30,7634.0,7613.178571428572,-0.26364759160148105,-20.82,sl
ABB,2026-07-23,2026-07-23 10:40:00+05:30,7677.5,7656.285714285715,-0.2657905754291266,-21.21,sl
ABB,2026-08-03,2026-08-03 11:55:00+05:30,7569.0,7538.321428571428,-0.3431912122756366,-30.68,sl
ABB,2026-08-04,2026-08-04 09:35:00+05:30,7809.0,7765.928571428572,-0.43093683112891623,-43.07,sl
ABB,2026-08-10,2026-08-10 12:35:00+05:30,7635.0,7624.428571428572,-0.18307605950041997,-10.57,sl
ABBOTINDIA,2026-06-09,2026-06-09 12:25:00+05:30,25970.0,25924.285714285714,-0.2056163705374345,-45.71,sl
ABBOTINDIA,2026-06-30,2026-06-30 12:35:00+05:30,25445.0,25408.571428571428,-0.18589955927350552,-36.43,sl
ABBOTINDIA,2026-07-03,2026-07-03 11:55:00+05:30,25970.0,26058.571428571428,0.10463171791627464,88.57,tp
ABBOTINDIA,2026-07-06,2026-07-06 09:40:00+05:30,26450.0,26450.0,-0.1,0.0,sl
ABBOTINDIA,2026-07-10,2026-07-10 10:20:00+05:30,27195.0,27119.64285714286,-0.26625955401465257,-75.36,sl
ABBOTINDIA,2026-07-16,2026-07-16 10:35:00+05:30,27805.0,27744.285714285714,-0.2310144629691485,-60.71,sl
ABBOTINDIA,2026-07-20,2026-07-20 11:30:00+05:30,28250.0,28250.0,-0.1,0.0,sl
ABBOTINDIA,2026-07-21,2026-07-21 12:20:00+05:30,28600.0,28600.0,-0.1,0.0,sl
ABBOTINDIA,2026-08-03,2026-08-03 12:00:00+05:30,27955.0,27918.571428571428,-0.17818688197869248,-36.43,sl
ABBOTINDIA,2026-08-11,2026-08-11 11:30:00+05:30,27705.0,27663.928571428572,-0.18894732771289122,-41.07,sl
ADANIENT,2026-06-04,2026-06-04 09:20:00+05:30,2965.10009765625,2965.10009765625,-0.1,0.0,sl
ADANIENT,2026-06-05,2026-06-05 09:35:00+05:30,3046.0,3026.4071742466517,-0.4859387869996378,-19.59,sl
ADANIENT,2026-06-19,2026-06-19 09:20:00+05:30,3049.300048828125,3036.300066266741,-0.3557960650618178,-13.0,sl
ADANIENT,2026-06-25,2026-06-25 09:35:00+05:30,3098.39990234375,3087.392752511161,-0.3131516301223025,-11.01,sl
ADANIENT,2026-06-30,2026-06-30 11:20:00+05:30,3007.5,3001.6785714285716,-0.21613822586390904,-5.82,sl
ADANIENT,2026-07-01,2026-07-01 10:30:00+05:30,3091.39990234375,3091.39990234375,-0.1,0.0,sl
ADANIENT,2026-07-03,2026-07-03 12:45:00+05:30,3215.0,3203.471435546875,-0.3151520582231726,-11.53,sl
ADANIENT,2026-07-09,2026-07-09 12:25:00+05:30,3095.89990234375,3085.12850516183,-0.3087547567109393,-10.77,sl
ADANIENT,2026-07-10,2026-07-10 12:50:00+05:30,3182.199951171875,3176.099940708705,-0.2150149687028331,-6.1,sl
ADANIENT,2026-08-14,2026-08-14 10:10:00+05:30,3006.300048828125,2996.0072021484375,-0.30542553662332644,-10.29,sl
ADANIENT,2026-08-18,2026-08-18 12:25:00+05:30,3034.5,3030.5071323939733,-0.17894943363374632,-3.99,sl
ADANIPORTS,2026-06-02,2026-06-02 12:45:00+05:30,1795.199951171875,1802.8427734375,0.1554419275903801,7.64,tp
ADANIPORTS,2026-06-04,2026-06-04 09:20:00+05:30,1824.0,1817.9785766601562,-0.2980731361790707,-6.02,sl
ADANIPORTS,2026-06-19,2026-06-19 11:10:00+05:30,1842.5999755859373,1839.3285435267853,-0.20652660704974715,-3.27,sl
ADANIPORTS,2026-07-01,2026-07-01 10:05:00+05:30,1857.699951171875,1850.8571166992188,-0.32100989349780573,-6.84,sl
ADANIPORTS,2026-07-14,2026-07-14 11:10:00+05:30,1834.0,1834.0,-0.1,0.0,sl
ADANIPORTS,2026-07-16,2026-07-16 10:40:00+05:30,1838.300048828125,1847.071515764509,0.18629059577001061,8.77,tp
ADANIPORTS,2026-07-31,2026-07-31 12:10:00+05:30,1680.5999755859375,1686.7428676060267,0.11931067866215511,6.14,tp
ADANIPORTS,2026-08-20,2026-08-20 10:10:00+05:30,1695.4000244140625,1692.5643136160713,-0.2003554591420229,-2.84,sl
ALKEM,2026-06-08,2026-06-08 11:15:00+05:30,5374.0,5374.0,-0.1,0.0,sl
ALKEM,2026-06-10,2026-06-10 10:45:00+05:30,5456.0,5437.857142857143,-0.2995182237117693,-18.14,sl
ALKEM,2026-06-19,2026-06-19 11:20:00+05:30,5383.5,5397.642857142857,0.057624487521391834,14.14,tp
ALKEM,2026-06-23,2026-06-23 09:25:00+05:30,5477.5,5477.5,-0.1,0.0,sl
ALKEM,2026-07-24,2026-07-24 12:40:00+05:30,5621.0,5634.5,0.044102472869596156,13.5,tp
ALKEM,2026-07-30,2026-07-30 09:35:00+05:30,5799.0,5839.642857142857,0.3205158524868793,40.64,tp
AMBER,2026-06-01,2026-06-01 12:45:00+05:30,7756.5,7756.5,-0.1,0.0,sl
AMBER,2026-06-04,2026-06-04 09:20:00+05:30,7614.5,7614.5,-0.1,0.0,sl
AMBER,2026-06-05,2026-06-05 10:05:00+05:30,7707.0,7769.5,0.38657065005838853,62.5,tp
AMBER,2026-06-10,2026-06-10 09:25:00+05:30,7803.5,7779.392857142857,-0.28535638770149124,-24.11,sl
AMBER,2026-06-16,2026-06-16 09:25:00+05:30,7738.5,7706.285714285715,-0.3497715504112062,-32.21,sl
AMBER,2026-06-17,2026-06-17 11:30:00+05:30,7920.0,7899.25,-0.25719696969696965,-20.75,sl
AMBER,2026-06-18,2026-06-18 09:25:00+05:30,7998.5,7998.5,-0.1,0.0,sl
AMBER,2026-06-30,2026-06-30 11:55:00+05:30,7513.5,7494.178571428572,-0.2542936999115867,-19.32,sl
AMBER,2026-07-03,2026-07-03 12:00:00+05:30,7513.0,7493.607142857143,-0.25487440816869594,-19.39,sl
AMBER,2026-07-06,2026-07-06 09:45:00+05:30,7560.0,7560.0,-0.1,0.0,sl
AMBER,2026-07-09,2026-07-09 10:05:00+05:30,7669.0,7627.821428571428,-0.42216902930164213,-41.18,sl
AMBER,2026-07-10,2026-07-10 11:55:00+05:30,7825.0,7808.964285714285,-0.22295755362848313,-16.04,sl
AMBER,2026-07-13,2026-07-13 10:00:00+05:30,7932.5,7900.785714285715,-0.33988113997568475,-31.71,sl
AMBER,2026-07-16,2026-07-16 11:45:00+05:30,8010.0,7973.25,-0.3752808988764045,-36.75,sl
AMBER,2026-07-29,2026-07-29 09:30:00+05:30,7343.0,7314.107142857143,-0.33608490107196143,-28.89,sl
AMBER,2026-07-30,2026-07-30 09:30:00+05:30,7478.5,7452.464285714285,-0.3088845165665415,-26.04,sl
AMBER,2026-08-05,2026-08-05 09:35:00+05:30,7469.0,7469.0,-0.1,0.0,sl
AMBER,2026-08-13,2026-08-13 12:35:00+05:30,7115.0,7162.571428571428,0.3011645417126783,47.57,tp
AMBER,2026-08-14,2026-08-14 10:15:00+05:30,7332.5,7268.392857142857,-0.6245725975354364,-64.11,sl
AMBER,2026-08-17,2026-08-17 12:25:00+05:30,7332.5,7317.392857142857,-0.22361794359748885,-15.11,sl
AMBER,2026-08-20,2026-08-20 12:20:00+05:30,7333.0,7324.107142857143,-0.17276304767099593,-8.89,sl
AMBUJACEM,2026-06-12,2026-06-12 11:40:00+05:30,411.1499938964844,410.39998735700334,-0.20945006211088962,-0.75,sl
AMBUJACEM,2026-07-02,2026-07-02 10:40:00+05:30,429.4500122070313,429.4500122070313,-0.1,0.0,sl
AMBUJACEM,2026-07-03,2026-07-03 09:30:00+05:30,437.2000122070313,435.77858407156816,-0.2950724742601394,-1.42,sl
AMBUJACEM,2026-07-09,2026-07-09 12:25:00+05:30,426.5499877929688,428.07856096540183,0.11501440152542294,1.53,tp
AMBUJACEM,2026-07-10,2026-07-10 09:20:00+05:30,434.8999938964844,437.4285670689174,0.24884891348628752,2.53,tp
AMBUJACEM,2026-07-15,2026-07-15 10:30:00+05:30,437.75,436.6607142857143,-0.249302439422372,-1.09,sl
AMBUJACEM,2026-07-20,2026-07-20 12:55:00+05:30,438.6499938964844,437.8035670689174,-0.21577706682016523,-0.85,sl
AMBUJACEM,2026-07-21,2026-07-21 10:30:00+05:30,443.7999877929688,442.63212803431924,-0.2578900122720651,-1.17,sl
AMBUJACEM,2026-07-27,2026-07-27 09:25:00+05:30,430.3500061035156,430.3500061035156,-0.1,0.0,sl
AMBUJACEM,2026-07-29,2026-07-29 12:00:00+05:30,439.75,442.50714111328125,0.276187531090108,2.76,tp
AMBUJACEM,2026-08-03,2026-08-03 11:00:00+05:30,443.0499877929688,441.4249877929688,-0.3200654614295135,-1.62,sl
AMBUJACEM,2026-08-05,2026-08-05 10:00:00+05:30,448.25,447.5,-0.20039040713887338,-0.75,time
AMBUJACEM,2026-08-20,2026-08-20 11:35:00+05:30,413.0,414.25,0.08159806295399516,1.25,time
APLAPOLLO,2026-06-17,2026-06-17 11:10:00+05:30,1862.0,1870.3285609654017,0.1683746820215377,8.33,tp
APLAPOLLO,2026-06-18,2026-06-18 12:35:00+05:30,1861.0,1858.114292689732,-0.19303731252878742,-2.89,sl
APLAPOLLO,2026-07-10,2026-07-10 09:30:00+05:30,1823.800048828125,1818.4714878627233,-0.2753008275932079,-5.33,sl
APLAPOLLO,2026-07-15,2026-07-15 11:55:00+05:30,1821.9000244140625,1821.9000244140625,-0.1,0.0,sl
APLAPOLLO,2026-07-23,2026-07-23 09:25:00+05:30,1839.0,1839.0,-0.1,0.0,sl
APLAPOLLO,2026-07-24,2026-07-24 12:50:00+05:30,1832.4000244140625,1829.2357439313616,-0.20361101638969975,-3.16,sl
APLAPOLLO,2026-07-27,2026-07-27 09:55:00+05:30,1850.5999755859373,1861.0571114676338,0.23904039834602128,10.46,tp
APLAPOLLO,2026-07-30,2026-07-30 11:15:00+05:30,1881.9000244140625,1881.9000244140625,-0.1,0.0,sl
APLAPOLLO,2026-08-06,2026-08-06 10:00:00+05:30,1974.0999755859373,1987.2428501674106,0.2994592394715666,13.14,tp
APLAPOLLO,2026-08-10,2026-08-10 11:50:00+05:30,1980.0,1987.0857456752233,0.1147195659158569,7.09,tp
APLAPOLLO,2026-08-13,2026-08-13 11:50:00+05:30,2053.89990234375,2046.928466796875,-0.3036545852771036,-6.97,sl
APLAPOLLO,2026-08-14,2026-08-14 12:35:00+05:30,2084.0,2078.94287109375,-0.24559872090930904,-5.06,sl
APLAPOLLO,2026-08-17,2026-08-17 09:20:00+05:30,2109.199951171875,2101.2285505022323,-0.3267608814957654,-7.97,sl
APOLLOHOSP,2026-06-08,2026-06-08 09:20:00+05:30,8340.5,8340.5,-0.1,0.0,sl
APOLLOHOSP,2026-06-09,2026-06-09 11:00:00+05:30,8469.5,8455.714285714286,-0.19766135629527434,-13.79,sl
APOLLOHOSP,2026-06-25,2026-06-25 11:10:00+05:30,8665.5,8665.5,-0.1,0.0,sl
APOLLOHOSP,2026-06-30,2026-06-30 12:50:00+05:30,8717.0,8711.107142857143,-0.14056113669512596,-5.89,sl
APOLLOHOSP,2026-07-02,2026-07-02 12:10:00+05:30,8686.5,8677.285714285714,-0.16364555837876868,-9.21,sl
APOLLOHOSP,2026-07-03,2026-07-03 09:30:00+05:30,8831.0,8803.464285714286,-0.2870844589675943,-27.54,sl
APOLLOHOSP,2026-07-09,2026-07-09 09:40:00+05:30,8896.0,8864.57142857143,-0.3119732785200358,-31.43,sl
APOLLOHOSP,2026-07-15,2026-07-15 09:20:00+05:30,8986.0,8970.92857142857,-0.20063273027885165,-15.07,sl
APOLLOHOSP,2026-07-20,2026-07-20 12:30:00+05:30,8904.5,8922.142857142857,0.018880501832939857,17.64,tp
APOLLOHOSP,2026-07-28,2026-07-28 10:45:00+05:30,8882.5,8869.82142857143,-0.18564191226729398,-12.68,sl
APOLLOHOSP,2026-08-05,2026-08-05 11:00:00+05:30,8958.0,8938.892857142857,-0.22797818390584806,-19.11,sl
APOLLOHOSP,2026-08-06,2026-08-06 10:25:00+05:30,9011.5,8997.357142857143,-0.1941653918405829,-14.14,sl
APOLLOHOSP,2026-08-13,2026-08-13 09:20:00+05:30,8779.0,8740.67857142857,-0.3619074740045291,-38.32,sl
APOLLOHOSP,2026-08-14,2026-08-14 09:35:00+05:30,8762.0,8829.642857142857,0.36320148694035753,67.64,tp
APOLLOTYRE,2026-06-02,2026-06-02 12:45:00+05:30,388.75,387.6642848423549,-0.2675701851027803,-1.09,sl
APOLLOTYRE,2026-06-04,2026-06-04 11:20:00+05:30,397.3500061035156,396.11785888671875,-0.2860546920151624,-1.23,sl
APOLLOTYRE,2026-06-09,2026-06-09 12:30:00+05:30,388.5,388.5,-0.1,0.0,sl
APOLLOTYRE,2026-06-12,2026-06-12 09:20:00+05:30,392.5499877929688,390.7321297781808,-0.3778537365406915,-1.82,sl
APOLLOTYRE,2026-06-15,2026-06-15 09:50:00+05:30,414.3500061035156,411.75000653948103,-0.4764932340874697,-2.6,sl
APOLLOTYRE,2026-06-16,2026-06-16 09:25:00+05:30,418.7999877929688,417.06784711565297,-0.34815769739307345,-1.73,sl
APOLLOTYRE,2026-06-17,2026-06-17 09:20:00+05:30,428.7000122070313,433.60001918247775,0.585795218463408,4.9,tp
APOLLOTYRE,2026-06-22,2026-06-22 11:40:00+05:30,432.0,432.0,-0.1,0.0,sl
APOLLOTYRE,2026-06-24,2026-06-24 11:50:00+05:30,427.2000122070313,427.2000122070313,-0.1,0.0,sl
APOLLOTYRE,2026-06-25,2026-06-25 09:30:00+05:30,434.2000122070313,437.72143990652916,0.38660906501570447,3.52,tp
APOLLOTYRE,2026-06-30,2026-06-30 12:00:00+05:30,430.0,428.9000004359654,-0.2534883112606405,-1.1,sl
APOLLOTYRE,2026-07-02,2026-07-02 09:20:00+05:30,437.9500122070313,437.9500122070313,-0.1,0.0,sl
APOLLOTYRE,2026-07-15,2026-07-15 11:00:00+05:30,433.0,432.0500030517578,-0.23163929998737007,-0.95,sl
APOLLOTYRE,2026-07-23,2026-07-23 10:00:00+05:30,430.0,430.0,-0.1,0.0,time
APOLLOTYRE,2026-07-28,2026-07-28 12:25:00+05:30,424.8500061035156,424.16429138183594,-0.19684096200944082,-0.69,sl
APOLLOTYRE,2026-07-31,2026-07-31 12:15:00+05:30,432.3999938964844,430.97142246791293,-0.298229155698847,-1.43,sl
APOLLOTYRE,2026-08-05,2026-08-05 09:35:00+05:30,447.0,450.90714372907365,0.42444882269445,3.91,tp
APOLLOTYRE,2026-08-14,2026-08-14 11:35:00+05:30,445.8500061035156,445.02857099260603,-0.21054414260371765,-0.82,sl
APOLLOTYRE,2026-08-20,2026-08-20 12:05:00+05:30,432.0499877929688,432.0499877929688,-0.1,0.0,sl
ASHOKLEY,2026-06-17,2026-06-17 09:25:00+05:30,159.86000061035156,159.3835721697126,-0.2788171295458275,-0.48,sl
ASHOKLEY,2026-06-24,2026-06-24 10:50:00+05:30,155.0,154.4171415056501,-0.3256226429741519,-0.58,sl
ASHOKLEY,2026-06-25,2026-06-25 09:20:00+05:30,158.75999450683594,159.87713841029577,0.3222010363240714,1.12,tp
ASHOKLEY,2026-07-01,2026-07-01 09:20:00+05:30,161.16000366210938,160.49286215645927,-0.3483773233396719,-0.67,sl
ASHOKLEY,2026-07-02,2026-07-02 11:55:00+05:30,165.0,165.0,-0.1,0.0,sl
ASHOKLEY,2026-07-03,2026-07-03 10:10:00+05:30,166.22999572753906,167.25428336007255,0.2697122031618247,1.02,tp
ASHOKLEY,2026-07-08,2026-07-08 12:55:00+05:30,163.44000244140625,163.44000244140625,-0.1,0.0,sl
ASHOKLEY,2026-07-28,2026-07-28 11:00:00+05:30,156.3300018310547,157.11285836356026,0.20046306787034007,0.78,tp
ASHOKLEY,2026-07-31,2026-07-31 09:35:00+05:30,162.47999572753906,164.20428248814173,0.5367381115004843,1.72,tp
ASHOKLEY,2026-08-03,2026-08-03 11:25:00+05:30,173.9499969482422,173.9499969482422,-0.1,0.0,sl
ASHOKLEY,2026-08-05,2026-08-05 09:25:00+05:30,176.8800048828125,176.168573651995,-0.3413267337782531,-0.71,sl
ASHOKLEY,2026-08-13,2026-08-13 09:25:00+05:30,180.72000122070312,182.22857012067522,0.4008528850538552,1.51,tp
ASIANPAINT,2026-06-04,2026-06-04 09:30:00+05:30,2691.39990234375,2682.671369280134,-0.2945872047334522,-8.73,sl
ASIANPAINT,2026-06-09,2026-06-09 11:40:00+05:30,2689.199951171875,2685.049961635045,-0.19259236082512313,-4.15,sl
ASIANPAINT,2026-06-12,2026-06-12 10:35:00+05:30,2736.60009765625,2730.971522739955,-0.2234065931909176,-5.63,sl
ASIANPAINT,2026-07-01,2026-07-01 12:00:00+05:30,2712.60009765625,2706.9286760602677,-0.22544617101981035,-5.67,sl
ASIANPAINT,2026-08-10,2026-08-10 11:30:00+05:30,2743.39990234375,2743.39990234375,-0.1,0.0,sl
ASTRAL,2026-06-15,2026-06-15 11:30:00+05:30,1535.0,1542.2713971819196,0.1842239940815483,7.27,tp
ASTRAL,2026-06-23,2026-06-23 09:20:00+05:30,1571.0999755859375,1567.3999633789062,-0.24130274067319007,-3.7,sl
ASTRAL,2026-07-02,2026-07-02 12:25:00+05:30,1367.0,1370.657191685268,0.06052048362551088,3.66,tp
ASTRAL,2026-07-14,2026-07-14 09:35:00+05:30,1370.9000244140625,1370.9000244140625,-0.1,0.0,sl
ASTRAL,2026-07-16,2026-07-16 11:00:00+05:30,1378.300048828125,1388.000034877232,0.32225868267309504,9.7,tp
ASTRAL,2026-07-21,2026-07-21 11:25:00+05:30,1411.300048828125,1408.2571759905134,-0.2293646736626259,-3.04,sl
ASTRAL,2026-07-22,2026-07-22 12:05:00+05:30,1438.5,1438.5,-0.1,0.0,sl
ASTRAL,2026-07-24,2026-07-24 11:05:00+05:30,1431.199951171875,1441.7856619698662,0.3437833073983908,10.59,tp
ASTRAL,2026-08-06,2026-08-06 12:30:00+05:30,1449.0,1453.4000069754463,0.08219490581558306,4.4,tp
ASTRAL,2026-08-12,2026-08-12 11:40:00+05:30,1445.699951171875,1448.0,-0.004542481601638225,2.3,time
ASTRAL,2026-08-13,2026-08-13 09:15:00+05:30,1548.0,1568.3142787388392,0.6873751449162488,20.31,tp
ASTRAL,2026-08-19,2026-08-19 09:50:00+05:30,1529.5,1524.5642961774554,-0.2936202872524855,-4.94,sl
AUROPHARMA,2026-06-04,2026-06-04 11:40:00+05:30,1462.5999755859375,1467.9856828962054,0.12093699166555645,5.39,tp
AUROPHARMA,2026-06-05,2026-06-05 09:20:00+05:30,1494.0999755859375,1488.449942452567,-0.326893777887442,-5.65,sl
AUROPHARMA,2026-06-19,2026-06-19 10:40:00+05:30,1473.5999755859375,1468.4571271623884,-0.30939936924893974,-5.14,sl
AUROPHARMA,2026-06-23,2026-06-23 09:20:00+05:30,1524.699951171875,1519.2356567382812,-0.3150309415066457,-5.46,sl
AUROPHARMA,2026-06-25,2026-06-25 09:50:00+05:30,1556.0,1551.1642804827009,-0.28646733357194626,-4.84,sl
AUROPHARMA,2026-06-30,2026-06-30 12:45:00+05:30,1586.0,1582.2285679408483,-0.24267712708014078,-3.77,sl
AUROPHARMA,2026-07-03,2026-07-03 09:20:00+05:30,1577.800048828125,1586.4286411830358,0.22812493679358684,8.63,tp
AUROPHARMA,2026-07-09,2026-07-09 10:20:00+05:30,1597.0,1590.5428641183037,-0.34259746581200995,-6.46,sl
AUROPHARMA,2026-07-20,2026-07-20 12:30:00+05:30,1567.9000244140625,1568.800048828125,-0.06555809426437709,0.9,time
AUROPHARMA,2026-07-24,2026-07-24 09:30:00+05:30,1535.199951171875,1535.199951171875,-0.1,0.0,sl
AUROPHARMA,2026-07-29,2026-07-29 09:25:00+05:30,1571.9000244140625,1566.914306640625,-0.29030667457223164,-4.99,sl
AUROPHARMA,2026-08-05,2026-08-05 10:10:00+05:30,1615.0999755859375,1606.228524344308,-0.4295691180384452,-8.87,sl
AUROPHARMA,2026-08-07,2026-08-07 10:35:00+05:30,1626.5999755859375,1620.4285452706474,-0.32764405783543654,-6.17,sl
AXISBANK,2026-06-03,2026-06-03 12:30:00+05:30,1252.800048828125,1252.800048828125,-0.1,0.0,sl
AXISBANK,2026-06-10,2026-06-10 10:05:00+05:30,1305.0,1300.778555733817,-0.29408939154864233,-4.22,sl
AXISBANK,2026-06-12,2026-06-12 11:25:00+05:30,1332.5,1330.171421595982,-0.20485156040605879,-2.33,sl
AXISBANK,2026-06-24,2026-06-24 11:00:00+05:30,1379.300048828125,1379.300048828125,-0.1,0.0,sl
AXISBANK,2026-06-29,2026-06-29 10:20:00+05:30,1390.300048828125,1386.0071847098213,-0.2852634956859318,-4.29,sl
AXISBANK,2026-07-15,2026-07-15 09:15:00+05:30,1336.5,1345.5143171037946,0.30468314719616657,9.01,tp
AXISBANK,2026-07-31,2026-07-31 09:15:00+05:30,1238.5,1235.97855922154,-0.2221529646407712,-2.52,sl
AXISBANK,2026-08-03,2026-08-03 09:25:00+05:30,1242.4000244140625,1240.0357230050224,-0.21418068396232334,-2.36,sl
AXISBANK,2026-08-18,2026-08-18 11:35:00+05:30,1239.5999755859375,1237.557120186942,-0.19887974052418878,-2.04,sl
BAJAJ-AUTO,2026-06-04,2026-06-04 10:00:00+05:30,10354.0,10414.57142857143,0.2510030629984316,60.57,tp
BAJAJ-AUTO,2026-06-09,2026-06-09 11:15:00+05:30,10335.0,10313.785714285714,-0.22315985900891863,-21.21,sl
BAJAJ-AUTO,2026-06-11,2026-06-11 12:30:00+05:30,10249.0,10233.642857142857,-0.1899042415287918,-15.36,sl
BAJAJ-AUTO,2026-07-07,2026-07-07 09:20:00+05:30,10129.0,10111.0,-0.20662454339026556,-18.0,sl
BAJAJ-AUTO,2026-07-08,2026-07-08 11:20:00+05:30,10200.5,10178.42857142857,-0.22982556877464447,-22.07,sl
BAJAJ-AUTO,2026-07-09,2026-07-09 12:20:00+05:30,10246.5,10220.25,-0.2537110232762407,-26.25,sl
BAJAJ-AUTO,2026-07-22,2026-07-22 12:50:00+05:30,10964.0,10964.0,-0.1,0.0,sl
BAJAJ-AUTO,2026-07-23,2026-07-23 09:15:00+05:30,11106.0,11080.892857142857,-0.23564096627305842,-25.11,sl
BAJAJ-AUTO,2026-07-28,2026-07-28 12:40:00+05:30,11306.0,11334.57142857143,0.05162619089737848,28.57,tp
BAJAJ-AUTO,2026-07-31,2026-07-31 11:30:00+05:30,11557.5,11557.5,-0.1,0.0,sl
BAJAJ-AUTO,2026-08-05,2026-08-05 10:30:00+05:30,11705.0,11705.0,-0.1,0.0,sl
BAJAJ-AUTO,2026-08-10,2026-08-10 10:50:00+05:30,11760.0,11760.0,-0.1,0.0,sl
BAJAJ-AUTO,2026-08-14,2026-08-14 10:45:00+05:30,11755.0,11733.357142857143,-0.21046970893844436,-21.64,sl
BAJAJ-AUTO,2026-08-19,2026-08-19 12:00:00+05:30,11707.0,11688.785714285714,-0.19335074253499393,-18.21,sl
BAJAJFINSV,2026-06-05,2026-06-05 10:05:00+05:30,1735.699951171875,1728.7713971819196,-0.33950754801637834,-6.93,sl
BAJAJFINSV,2026-07-02,2026-07-02 09:35:00+05:30,1819.0,1819.0,-0.1,0.0,sl
BAJAJFINSV,2026-07-07,2026-07-07 12:45:00+05:30,1891.5999755859373,1891.5999755859373,-0.1,0.0,sl
BAJAJFINSV,2026-07-09,2026-07-09 11:10:00+05:30,1879.5999755859373,1890.2713797433032,0.24064921140593085,10.67,tp
BAJAJFINSV,2026-07-21,2026-07-21 10:25:00+05:30,1893.0,1887.7214181082588,-0.267308459326186,-5.28,sl
BAJAJFINSV,2026-07-23,2026-07-23 11:55:00+05:30,1899.5999755859373,1896.2142595563614,-0.20693986333195838,-3.39,sl
BAJAJFINSV,2026-07-31,2026-07-31 09:40:00+05:30,1992.0,1980.5928519112722,-0.44358879785324723,-11.41,sl
BAJAJFINSV,2026-08-10,2026-08-10 11:50:00+05:30,2034.0,2029.7999877929688,-0.22389416539915194,-4.2,sl
BAJAJFINSV,2026-08-13,2026-08-13 12:00:00+05:30,2027.4000244140625,2031.7428501674108,0.02852399233654137,4.34,tp
BAJFINANCE,2026-06-05,2026-06-05 10:05:00+05:30,912.2999877929688,907.5214146205357,-0.4142764377752574,-4.78,sl
BAJFINANCE,2026-06-09,2026-06-09 12:35:00+05:30,883.25,881.4785679408482,-0.22033503939893584,-1.77,sl
BAJFINANCE,2026-06-12,2026-06-12 11:45:00+05:30,892.3499755859375,890.5963963099888,-0.217907502028939,-1.75,sl
BAJFINANCE,2026-06-24,2026-06-24 11:00:00+05:30,979.4000244140624,984.7429112025668,0.22731590700342447,5.34,tp
BAJFINANCE,2026-07-10,2026-07-10 12:35:00+05:30,1017.9000244140624,1021.442879813058,0.10883320448105724,3.54,tp
BAJFINANCE,2026-07-15,2026-07-15 09:15:00+05:30,1032.300048828125,1032.300048828125,-0.1,0.0,sl
BAJFINANCE,2026-07-16,2026-07-16 09:40:00+05:30,1033.699951171875,1031.0499485560827,-0.25381654682994514,-2.65,sl
BAJFINANCE,2026-07-21,2026-07-21 09:35:00+05:30,1070.4000244140625,1070.4000244140625,-0.1,0.0,sl
BAJFINANCE,2026-07-27,2026-07-27 11:35:00+05:30,1045.4000244140625,1042.721444266183,-0.2537352258651907,-2.68,sl
BAJFINANCE,2026-07-31,2026-07-31 09:15:00+05:30,1095.9000244140625,1109.9285714285713,0.6680562114418811,14.03,tp
BAJFINANCE,2026-08-03,2026-08-03 11:45:00+05:30,1162.0,1159.1142839704241,-0.24900427002973463,-2.89,sl
BAJFINANCE,2026-08-10,2026-08-10 12:15:00+05:30,1088.4000244140625,1086.8214547293526,-0.1870214801158097,-1.58,sl
BAJFINANCE,2026-08-17,2026-08-17 12:25:00+05:30,1095.800048828125,1098.8143484933037,0.06504651565231631,3.01,tp
BALRAMCHIN,2026-06-01,2026-06-01 12:05:00+05:30,523.2000122070312,523.2000122070312,-0.1,0.0,sl
BALRAMCHIN,2026-06-02,2026-06-02 11:50:00+05:30,533.9500122070312,535.8785836356027,0.11671370553208299,1.93,tp
BALRAMCHIN,2026-06-04,2026-06-04 09:20:00+05:30,537.2000122070312,535.6321541922433,-0.2751144429442448,-1.57,sl
BALRAMCHIN,2026-06-08,2026-06-08 10:05:00+05:30,543.0,548.4000244140625,0.4966877805593923,5.4,time
BALRAMCHIN,2026-06-24,2026-06-24 10:55:00+05:30,537.5,536.0214189801898,-0.26505090453695657,-1.48,sl
BALRAMCHIN,2026-06-30,2026-06-30 09:40:00+05:30,535.2000122070312,540.19287109375,0.459737530587428,4.99,tp
BALRAMCHIN,2026-07-02,2026-07-02 12:10:00+05:30,564.8499755859375,563.3321315220425,-0.26122979157294257,-1.52,sl
BALRAMCHIN,2026-07-13,2026-07-13 09:20:00+05:30,580.7000122070312,586.0929042271206,0.45721287136808186,5.39,tp
BALRAMCHIN,2026-07-14,2026-07-14 09:55:00+05:30,598.0499877929688,595.2606942313058,-0.3798388380833998,-2.79,sl
BALRAMCHIN,2026-07-16,2026-07-16 11:25:00+05:30,595.9000244140625,594.817866734096,-0.20896032578926818,-1.08,sl
BALRAMCHIN,2026-07-17,2026-07-17 09:35:00+05:30,607.4000244140625,611.8214634486607,0.33675721338964776,4.42,tp
BALRAMCHIN,2026-07-21,2026-07-21 09:20:00+05:30,606.6500244140625,610.5643136160714,0.28713812357854174,3.91,tp
BALRAMCHIN,2026-07-31,2026-07-31 12:00:00+05:30,604.9500122070312,603.6928580147879,-0.22468675099189045,-1.26,sl
BALRAMCHIN,2026-08-10,2026-08-10 09:25:00+05:30,643.2000122070312,643.2000122070312,-0.1,0.0,sl
BALRAMCHIN,2026-08-14,2026-08-14 09:20:00+05:30,626.5499877929688,624.2571280343192,-0.31957000750023484,-2.29,sl
BALRAMCHIN,2026-08-17,2026-08-17 11:20:00+05:30,646.6500244140625,646.6500244140625,-0.1,0.0,sl
BALRAMCHIN,2026-08-18,2026-08-18 11:35:00+05:30,664.6500244140625,668.357177734375,0.23465612133970437,3.71,tp
BALRAMCHIN,2026-08-20,2026-08-20 09:30:00+05:30,667.8499755859375,667.8499755859375,-0.1,0.0,sl
BANDHANBNK,2026-06-05,2026-06-05 11:05:00+05:30,207.1300048828125,207.1300048828125,-0.1,0.0,sl
BANDHANBNK,2026-06-15,2026-06-15 11:50:00+05:30,212.8699951171875,212.8699951171875,-0.1,0.0,sl
BANDHANBNK,2026-06-30,2026-06-30 11:35:00+05:30,204.1499938964844,203.6257073538644,-0.2540886284481104,-0.52,sl
BANDHANBNK,2026-07-06,2026-07-06 09:40:00+05:30,206.3000030517578,205.0828595842634,-0.45399227808709025,-1.22,sl
BANDHANBNK,2026-07-10,2026-07-10 09:20:00+05:30,205.13999938964844,206.5428597586495,0.3103130661523825,1.4,tp
BANDHANBNK,2026-07-15,2026-07-15 09:30:00+05:30,214.91000366210935,216.8285784040178,0.4356404194915717,1.92,tp
BANDHANBNK,2026-07-21,2026-07-21 09:30:00+05:30,215.3699951171875,214.55285317557198,-0.3276478507150152,-0.82,sl
BANDHANBNK,2026-07-27,2026-07-27 09:20:00+05:30,169.8800048828125,169.19857788085938,-0.3406735280316917,-0.68,sl
BANDHANBNK,2026-07-29,2026-07-29 10:15:00+05:30,170.3000030517578,169.69571794782365,-0.3129013833606936,-0.6,sl
BANDHANBNK,2026-08-11,2026-08-11 12:30:00+05:30,174.02000427246094,173.6885746547154,-0.2142729374583668,-0.33,sl
BANDHANBNK,2026-08-20,2026-08-20 09:20:00+05:30,173.8000030517578,175.0685795375279,0.33794354320890807,1.27,tp
BANKBARODA,2026-06-09,2026-06-09 10:10:00+05:30,265.0,267.10714285714283,0.37708894878705645,2.11,tp
BANKBARODA,2026-06-12,2026-06-12 09:25:00+05:30,271.6499938964844,270.46070643833707,-0.362680835973182,-1.19,sl
BANKBARODA,2026-06-17,2026-06-17 11:05:00+05:30,277.5,278.9928676060268,0.22278218508687084,1.49,tp
BANKBARODA,2026-06-22,2026-06-22 10:40:00+05:30,283.70001220703125,284.3999938964844,0.04803982925647048,0.7,time
BANKBARODA,2026-07-20,2026-07-20 11:00:00+05:30,252.6999969482422,252.6999969482422,-0.1,0.0,sl
BANKBARODA,2026-07-24,2026-07-24 12:25:00+05:30,246.0,245.38214220319475,-0.25069702361103746,-0.62,sl
BANKBARODA,2026-08-05,2026-08-05 12:20:00+05:30,248.88999938964844,248.4692851475307,-0.20142173084079884,-0.42,sl
BANKBARODA,2026-08-06,2026-08-06 12:35:00+05:30,248.5,248.0699964250837,-0.20382380078461937,-0.43,sl
BANKBARODA,2026-08-14,2026-08-14 09:25:00+05:30,249.3300018310547,249.3300018310547,-0.1,0.0,sl
BANKBARODA,2026-08-20,2026-08-20 09:55:00+05:30,246.9900054931641,246.52786363874165,-0.2122657218861186,-0.46,sl
BANKINDIA,2026-06-05,2026-06-05 09:20:00+05:30,141.6699981689453,141.2471422467913,-0.2790877084574025,-0.42,sl
BANKINDIA,2026-06-09,2026-06-09 10:50:00+05:30,143.2899932861328,144.15141950334822,0.26070608873373835,0.86,tp
BANKINDIA,2026-06-17,2026-06-17 12:45:00+05:30,147.58999633789062,147.2421395438058,-0.24141478530365487,-0.35,sl
BANKINDIA,2026-07-03,2026-07-03 11:30:00+05:30,146.83999633789062,146.41285269601005,-0.27453431729772776,-0.43,sl
BANKINDIA,2026-07-10,2026-07-10 12:15:00+05:30,141.14999389648438,140.97142355782645,-0.1759066297043748,-0.18,sl
BANKINDIA,2026-07-15,2026-07-15 12:10:00+05:30,145.64999389648438,145.64999389648438,-0.1,0.0,sl
BANKINDIA,2026-08-03,2026-08-03 09:35:00+05:30,140.10000610351562,140.80286298479353,0.20100935788336383,0.7,tp
BANKINDIA,2026-08-05,2026-08-05 09:20:00+05:30,142.0500030517578,142.75714765276228,0.1986883150210767,0.71,tp
BANKINDIA,2026-08-12,2026-08-12 09:20:00+05:30,143.92999267578125,144.64999171665735,0.20014551970331187,0.72,tp
BANKINDIA,2026-08-20,2026-08-20 12:45:00+05:30,143.39999389648438,143.39999389648438,-0.1,0.0,sl
BATAINDIA,2026-06-12,2026-06-12 09:30:00+05:30,669.0999755859375,667.0964006696429,-0.2796659682619232,-2.0,sl
BATAINDIA,2026-06-15,2026-06-15 09:30:00+05:30,690.3499755859375,686.35353742327,-0.4473401872094338,-4.0,sl
BATAINDIA,2026-06-23,2026-06-23 10:05:00+05:30,747.4500122070312,742.8571646554129,-0.4686813145984278,-4.59,sl
BATAINDIA,2026-07-02,2026-07-02 10:40:00+05:30,699.0,697.0000087193081,-0.27167307130402707,-2.0,sl
BATAINDIA,2026-07-10,2026-07-10 10:10:00+05:30,696.25,697.0,-0.035368043087971285,0.75,time
BATAINDIA,2026-07-17,2026-07-17 10:05:00+05:30,687.4500122070312,693.7642909458706,0.45110439683324094,6.31,tp
BATAINDIA,2026-07-20,2026-07-20 11:20:00+05:30,710.75,708.9607195172991,-0.25104724440668535,-1.79,sl
BATAINDIA,2026-08-03,2026-08-03 11:00:00+05:30,705.8499755859375,708.278547014509,0.10643804031207466,2.43,tp
BATAINDIA,2026-08-04,2026-08-04 09:25:00+05:30,719.3499755859375,716.7178301130023,-0.3195436626622184,-2.63,sl
BATAINDIA,2026-08-05,2026-08-05 10:35:00+05:30,738.25,746.3000052315848,0.554250340528396,8.05,tp
BATAINDIA,2026-08-06,2026-08-06 12:10:00+05:30,739.5,737.9178553989956,-0.22836873030461788,-1.58,sl
BATAINDIA,2026-08-13,2026-08-13 11:10:00+05:30,737.0,734.5714242117746,-0.2977130899505099,-2.43,sl
BATAINDIA,2026-08-14,2026-08-14 09:25:00+05:30,760.0,755.7642778669085,-0.43439911577038043,-4.24,sl
BEL,2026-06-08,2026-06-08 12:45:00+05:30,415.2000122070313,414.3357238769532,-0.22489715385371878,-0.86,sl
BEL,2026-06-17,2026-06-17 12:00:00+05:30,413.25,414.7285679408482,0.1146741111939343,1.48,tp
BEL,2026-06-18,2026-06-18 11:55:00+05:30,428.8999938964844,428.8999938964844,-0.1,0.0,sl
BEL,2026-06-22,2026-06-22 12:40:00+05:30,429.8500061035156,429.2535705566406,-0.18325260510495853,-0.6,sl
BEL,2026-07-01,2026-07-01 10:45:00+05:30,415.7000122070313,415.010724748884,-0.1994882036910818,-0.69,sl
BEL,2026-07-15,2026-07-15 11:10:00+05:30,414.1499938964844,413.4785614013672,-0.19727381456173732,-0.67,sl
BEL,2026-08-06,2026-08-06 09:50:00+05:30,396.2000122070313,395.0785849434989,-0.2698274450753508,-1.12,sl
BEL,2026-08-10,2026-08-10 11:20:00+05:30,402.4500122070313,403.54287283761164,0.06293113640430979,1.09,tp
BEL,2026-08-13,2026-08-13 10:10:00+05:30,407.2999877929688,406.10712541852683,-0.2757224272319359,-1.19,sl
BEL,2026-08-17,2026-08-17 09:20:00+05:30,412.7000122070313,412.01072256905695,-0.2002117205116881,-0.69,sl
BEL,2026-08-18,2026-08-18 09:25:00+05:30,414.3500061035156,413.5999995640346,-0.20860478268611343,-0.75,sl
BHARATFORG,2026-06-04,2026-06-04 10:10:00+05:30,1984.300048828125,1976.4000418526784,-0.33887537512621924,-7.9,sl
BHARATFORG,2026-06-09,2026-06-09 10:50:00+05:30,1941.5999755859373,1936.5999755859373,-0.2545117448353211,-5.0,sl
BHARATFORG,2026-06-15,2026-06-15 09:45:00+05:30,1979.0,1971.9285714285716,-0.31439399408070057,-7.07,sl
BHARATFORG,2026-06-19,2026-06-19 09:35:00+05:30,2055.0,2048.2999877929688,-0.29562079436587596,-6.7,sl
BHARATFORG,2026-06-22,2026-06-22 12:20:00+05:30,2059.800048828125,2066.1571742466517,0.08517696672966267,6.36,tp
BHARATFORG,2026-06-25,2026-06-25 11:20:00+05:30,2161.300048828125,2161.300048828125,-0.1,0.0,sl
BHARATFORG,2026-07-06,2026-07-06 09:55:00+05:30,2172.39990234375,2162.6927664620534,-0.3681035624580105,-9.71,sl
BHARATFORG,2026-07-08,2026-07-08 12:55:00+05:30,2147.0,2143.0285993303573,-0.21098464842969708,-3.97,sl
BHARATFORG,2026-07-13,2026-07-13 11:20:00+05:30,2142.699951171875,2138.478533063616,-0.21820837833921547,-4.22,sl
BHARATFORG,2026-07-17,2026-07-17 10:30:00+05:30,2152.0,2145.54288155692,-0.2800311833572536,-6.46,sl
BHARATFORG,2026-07-31,2026-07-31 09:15:00+05:30,2191.0,2206.0428292410716,0.3119442055975781,15.04,tp
BHARATFORG,2026-08-07,2026-08-07 10:40:00+05:30,2242.300048828125,2254.442940848214,0.22492240348749118,12.14,tp
BHARATFORG,2026-08-10,2026-08-10 10:45:00+05:30,2290.0,2281.764229910714,-0.31578436915159247,-8.24,sl
BHARATFORG,2026-08-13,2026-08-13 12:15:00+05:30,2097.300048828125,2097.300048828125,-0.1,0.0,sl
BHARTIARTL,2026-06-11,2026-06-11 11:20:00+05:30,1792.300048828125,1789.65718296596,-0.18847399844327703,-2.64,sl
BHARTIARTL,2026-07-01,2026-07-01 11:20:00+05:30,1872.0,1876.94287109375,0.058425355568910264,4.94,tp
BHARTIARTL,2026-07-03,2026-07-03 12:05:00+05:30,1907.5,1904.7000034877233,-0.18807328478983132,-2.8,sl
BHARTIARTL,2026-07-06,2026-07-06 12:40:00+05:30,1929.4000244140625,1927.5643136160716,-0.15708647584002472,-1.84,sl
BHARTIARTL,2026-07-07,2026-07-07 11:50:00+05:30,1952.4000244140625,1952.4000244140625,-0.1,0.0,sl
BHARTIARTL,2026-07-09,2026-07-09 10:05:00+05:30,1954.199951171875,1954.199951171875,-0.1,0.0,sl
BHARTIARTL,2026-07-14,2026-07-14 09:25:00+05:30,1932.5,1927.2928466796875,-0.2616709957147478,-5.21,sl
BHARTIARTL,2026-07-31,2026-07-31 12:35:00+05:30,1967.0999755859373,1969.6142926897319,-0.0233089176452557,2.51,tp
BHARTIARTL,2026-08-14,2026-08-14 10:55:00+05:30,1983.0,1993.2999616350446,0.2116478558258581,10.3,tp
BHEL,2026-06-09,2026-06-09 11:00:00+05:30,390.6000061035156,390.6000061035156,-0.1,0.0,sl
BHEL,2026-06-18,2026-06-18 12:15:00+05:30,401.3999938964844,403.6714215959821,0.23952581973633597,2.27,tp
BHEL,2026-06-19,2026-06-19 09:20:00+05:30,409.7999877929688,409.7999877929688,-0.1,0.0,sl
BHEL,2026-06-30,2026-06-30 12:05:00+05:30,419.3999938964844,418.36427307128906,-0.24817179402977493,-1.04,sl
BHEL,2026-07-08,2026-07-08 12:10:00+05:30,380.3500061035156,382.26429966517856,0.2019787349984064,1.91,tp
BHEL,2026-07-13,2026-07-13 09:25:00+05:30,400.4500122070313,403.22858537946433,0.316317605853364,2.78,tp
BHEL,2026-08-05,2026-08-05 09:30:00+05:30,413.25,411.7928488595145,-0.31156459389989216,-1.46,sl
BHEL,2026-08-07,2026-08-07 09:40:00+05:30,416.0499877929688,414.63927350725453,-0.3034439601641712,-1.41,sl
BHEL,2026-08-12,2026-08-12 09:20:00+05:30,408.0,409.971426827567,0.18991570993631943,1.97,tp
BHEL,2026-08-14,2026-08-14 12:15:00+05:30,425.5499877929688,424.61069597516746,-0.23243452164190617,-0.94,sl
BOSCHLTD,2026-06-02,2026-06-02 12:50:00+05:30,37270.0,37188.57142857143,-0.2310897313043828,-81.43,sl
BOSCHLTD,2026-06-12,2026-06-12 11:15:00+05:30,39240.0,39137.5,-0.2567278287461774,-102.5,sl
BOSCHLTD,2026-06-17,2026-06-17 11:10:00+05:30,39360.0,39360.0,-0.1,0.0,sl
BOSCHLTD,2026-06-18,2026-06-18 09:30:00+05:30,39735.0,39959.28571428572,0.23867227525212137,224.29,tp
BOSCHLTD,2026-07-01,2026-07-01 12:20:00+05:30,40330.0,40250.357142857145,-0.21848676986291354,-79.64,sl
BOSCHLTD,2026-07-02,2026-07-02 09:20:00+05:30,41165.0,41165.0,-0.1,0.0,sl
BOSCHLTD,2026-07-03,2026-07-03 10:00:00+05:30,42485.0,42320.357142857145,-0.33251904033356017,-164.64,sl
BOSCHLTD,2026-07-22,2026-07-22 12:55:00+05:30,41370.0,41530.71428571428,0.13308815912151212,160.71,tp
BOSCHLTD,2026-07-23,2026-07-23 10:00:00+05:30,41790.0,41992.857142857145,0.19125217926366822,202.86,tp
BOSCHLTD,2026-08-03,2026-08-03 11:35:00+05:30,41585.0,41520.71428571428,-0.1927532248922218,-64.29,sl
BOSCHLTD,2026-08-05,2026-08-05 09:25:00+05:30,42275.0,42275.0,-0.1,0.0,sl
BOSCHLTD,2026-08-11,2026-08-11 12:10:00+05:30,45300.0,45467.142857142855,0.1213812677388809,167.14,tp
BOSCHLTD,2026-08-12,2026-08-12 09:25:00+05:30,46405.0,46217.5,-0.34243077254606186,-187.5,sl
BOSCHLTD,2026-08-14,2026-08-14 12:30:00+05:30,47010.0,47010.0,-0.1,0.0,sl
BOSCHLTD,2026-08-18,2026-08-18 10:25:00+05:30,47730.0,47730.0,-0.1,0.0,sl
BPCL,2026-06-17,2026-06-17 09:30:00+05:30,318.29998779296875,317.221426827567,-0.3033102746023296,-1.08,sl
BPCL,2026-06-30,2026-06-30 11:35:00+05:30,302.6000061035156,303.3785705566406,0.05437497106830782,0.78,tp
BPCL,2026-07-02,2026-07-02 09:20:00+05:30,308.3500061035156,309.7785862513951,0.17797894333101838,1.43,tp
BPCL,2026-07-09,2026-07-09 11:25:00+05:30,307.29998779296875,307.29998779296875,-0.1,0.0,sl
BPCL,2026-07-10,2026-07-10 11:50:00+05:30,311.8500061035156,311.4000004359654,-0.18658117532327514,-0.45,sl
BPCL,2026-07-16,2026-07-16 09:35:00+05:30,316.8500061035156,316.8500061035156,-0.1,0.0,sl
BPCL,2026-07-20,2026-07-20 12:55:00+05:30,313.5,314.70714896065846,0.1310332939059249,1.21,tp
BPCL,2026-07-27,2026-07-27 11:25:00+05:30,317.0,316.2714276994978,-0.23790011996887211,-0.73,sl
BPCL,2026-07-28,2026-07-28 12:20:00+05:30,320.75,320.1428527832031,-0.21357391428780204,-0.61,sl
BPCL,2026-08-14,2026-08-14 09:20:00+05:30,316.29998779296875,317.39998953683033,0.10866300088160208,1.1,tp
BPCL,2026-08-20,2026-08-20 11:10:00+05:30,309.0,308.44285365513394,-0.2081837562846709,-0.56,sl
BRITANNIA,2026-06-10,2026-06-10 09:35:00+05:30,5217.5,5198.75,-0.3156205079060853,-18.75,sl
BRITANNIA,2026-06-30,2026-06-30 11:20:00+05:30,5152.5,5143.392857142857,-0.2060511540860916,-9.11,sl
BRITANNIA,2026-07-01,2026-07-01 12:25:00+05:30,5217.0,5237.428571428572,0.13494619239300237,20.43,tp
BRITANNIA,2026-07-02,2026-07-02 12:10:00+05:30,5343.5,5357.642857142857,0.058804421927839974,14.14,tp
BRITANNIA,2026-07-16,2026-07-16 11:05:00+05:30,5364.0,5354.285714285715,-0.20866091403003717,-9.71,sl
BRITANNIA,2026-07-20,2026-07-20 09:25:00+05:30,5423.5,5442.857142857143,0.1141474272017308,19.36,tp
BRITANNIA,2026-07-24,2026-07-24 12:00:00+05:30,5426.5,5426.5,-0.1,0.0,sl
BRITANNIA,2026-07-29,2026-07-29 09:25:00+05:30,5569.0,5553.714285714285,-0.2646871713310972,-15.29,sl
BRITANNIA,2026-08-07,2026-08-07 09:15:00+05:30,5646.0,5616.75,-0.41083953241232735,-29.25,sl
BRITANNIA,2026-08-10,2026-08-10 11:55:00+05:30,5603.0,5592.357142857143,-0.21396955712500676,-10.64,sl
BRITANNIA,2026-08-11,2026-08-11 12:10:00+05:30,5645.0,5634.892857142857,-0.20742755915475414,-10.11,sl
BSOFT,2026-06-02,2026-06-02 10:25:00+05:30,351.45001220703125,351.45001220703125,-0.1,0.0,sl
BSOFT,2026-06-17,2026-06-17 09:35:00+05:30,331.3500061035156,329.8607155936105,-0.36967686418690243,-1.49,sl
BSOFT,2026-07-03,2026-07-03 09:20:00+05:30,290.6499938964844,288.25356837681363,-0.5947033689993955,-2.4,sl
BSOFT,2026-07-10,2026-07-10 10:05:00+05:30,289.29998779296875,286.55713544573103,-0.6688598264028779,-2.74,sl
BSOFT,2026-07-13,2026-07-13 11:10:00+05:30,302.0,300.46785845075334,-0.4043989832940384,-1.53,sl
BSOFT,2026-07-20,2026-07-20 09:40:00+05:30,293.6000061035156,292.4178553989955,-0.34158392641925944,-1.18,sl
BSOFT,2026-07-27,2026-07-27 09:30:00+05:30,292.79998779296875,291.06070382254467,-0.4564106645360692,-1.74,sl
BSOFT,2026-07-28,2026-07-28 09:25:00+05:30,303.8999938964844,303.8999938964844,-0.1,0.0,sl
BSOFT,2026-07-29,2026-07-29 10:50:00+05:30,315.45001220703125,320.0143040248326,0.7681486716454679,4.56,tp
BSOFT,2026-08-03,2026-08-03 10:10:00+05:30,314.1499938964844,317.8285609654018,0.6025752934051357,3.68,tp
BSOFT,2026-08-19,2026-08-19 09:20:00+05:30,311.25,310.23928615025113,-0.29483640477086603,-1.01,sl
CAMS,2026-06-05,2026-06-05 11:05:00+05:30,776.4000244140625,773.2535836356027,-0.343156157613548,-3.15,sl
CAMS,2026-06-17,2026-06-17 10:50:00+05:30,799.9500122070312,797.5821489606585,-0.27760084082053266,-2.37,sl
CAMS,2026-06-18,2026-06-18 10:10:00+05:30,821.5999755859375,829.2356654575893,0.4576209906437485,7.64,tp
CAMS,2026-07-09,2026-07-09 11:55:00+05:30,772.1500244140625,772.1500244140625,-0.1,0.0,sl
CAMS,2026-07-21,2026-07-21 10:05:00+05:30,784.4000244140625,781.9750191824777,-0.28549249026831086,-2.43,sl
CAMS,2026-07-27,2026-07-27 09:55:00+05:30,784.3499755859375,784.3499755859375,-0.1,0.0,sl
CAMS,2026-07-30,2026-07-30 12:30:00+05:30,798.7000122070312,796.7642953055246,-0.24541506487456435,-1.94,sl
CAMS,2026-08-04,2026-08-04 10:20:00+05:30,827.75,822.2857099260602,-0.4960826390049965,-5.46,sl
CAMS,2026-08-10,2026-08-10 10:15:00+05:30,792.5999755859375,789.4035382952009,-0.3419710362751632,-3.2,sl
CAMS,2026-08-20,2026-08-20 11:05:00+05:30,759.7999877929688,758.403560093471,-0.21027331312973666,-1.4,sl
CANBK,2026-06-05,2026-06-05 09:50:00+05:30,135.4499969482422,134.95857129778182,-0.3176857858393989,-0.49,sl
CANBK,2026-06-09,2026-06-09 11:40:00+05:30,135.52000427246094,136.35428946358817,0.26937064558377005,0.83,tp
CANBK,2026-06-17,2026-06-17 12:00:00+05:30,134.85000610351562,134.85000610351562,-0.1,0.0,sl
CANBK,2026-07-06,2026-07-06 12:05:00+05:30,127.36000061035156,127.36000061035156,-0.1,0.0,sl
CANBK,2026-07-10,2026-07-10 12:40:00+05:30,127.63999938964844,127.32428686959403,-0.24840764097340254,-0.32,sl
CANBK,2026-07-15,2026-07-15 12:10:00+05:30,127.5999984741211,127.5999984741211,-0.1,0.0,sl
CANBK,2026-08-03,2026-08-03 09:40:00+05:30,126.55999755859376,126.55999755859376,-0.1,0.0,sl
CANBK,2026-08-04,2026-08-04 09:20:00+05:30,128.1199951171875,127.87499455043248,-0.2147364546170626,-0.25,sl
CANBK,2026-08-05,2026-08-05 09:20:00+05:30,129.39999389648438,129.14142118181502,-0.2198946183302938,-0.26,sl
CANBK,2026-08-12,2026-08-12 09:25:00+05:30,132.02999877929688,132.76999991280692,0.23628772567681888,0.74,tp
CANFINHOME,2026-06-12,2026-06-12 09:45:00+05:30,860.4500122070312,856.1464407784598,-0.40009214021855133,-4.3,sl
CANFINHOME,2026-06-17,2026-06-17 12:00:00+05:30,877.0,874.8428562709263,-0.24758109891040203,-2.16,sl
CANFINHOME,2026-06-19,2026-06-19 10:15:00+05:30,890.0,886.9499991280692,-0.3056180363099429,-3.05,sl
CANFINHOME,2026-07-01,2026-07-01 11:15:00+05:30,881.5,878.6892918178013,-0.29131309237881176,-2.81,sl
CANFINHOME,2026-07-10,2026-07-10 09:25:00+05:30,925.9000244140624,922.0643136160713,-0.3485610128643258,-3.84,sl
CANFINHOME,2026-07-13,2026-07-13 09:35:00+05:30,931.9500122070312,939.1000017438616,0.36032444507819994,7.15,tp
CANFINHOME,2026-07-28,2026-07-28 12:30:00+05:30,817.5499877929688,819.4142717633929,0.036819815174132624,1.86,tp
CANFINHOME,2026-08-07,2026-08-07 11:05:00+05:30,812.0,810.8535723005023,-0.18471140636682773,-1.15,sl
CANFINHOME,2026-08-10,2026-08-10 11:00:00+05:30,817.5499877929688,820.4571184430804,0.11335434115481804,2.91,tp
CHOLAFIN,2026-06-04,2026-06-04 12:55:00+05:30,1487.199951171875,1484.4356689453125,-0.21152295524422188,-2.76,sl
CHOLAFIN,2026-06-16,2026-06-16 12:20:00+05:30,1684.4000244140625,1681.1785801478795,-0.21475104082726146,-3.22,sl
CHOLAFIN,2026-06-19,2026-06-19 10:15:00+05:30,1702.4000244140625,1697.7428937639509,-0.26413759104759926,-4.66,sl
CHOLAFIN,2026-06-24,2026-06-24 11:00:00+05:30,1753.5999755859375,1761.6142578125,0.17421130262794357,8.01,tp
CHOLAFIN,2026-06-25,2026-06-25 11:50:00+05:30,1814.699951171875,1811.1213902064733,-0.2183190961048123,-3.58,sl
CHOLAFIN,2026-07-06,2026-07-06 09:45:00+05:30,1827.300048828125,1840.1857212611606,0.3231053058188006,12.89,tp
CHOLAFIN,2026-07-09,2026-07-09 12:10:00+05:30,1805.5,1798.4357038225446,-0.33475921941142256,-7.06,sl
CHOLAFIN,2026-07-13,2026-07-13 11:15:00+05:30,1815.9000244140625,1812.914297921317,-0.19865278217755,-2.99,sl
CHOLAFIN,2026-07-15,2026-07-15 09:20:00+05:30,1811.5,1823.1143275669642,0.2846865327175563,11.61,tp
CHOLAFIN,2026-07-27,2026-07-27 09:40:00+05:30,1778.5999755859375,1769.6571219308037,-0.40168178717716624,-8.94,sl
CHOLAFIN,2026-07-31,2026-07-31 09:15:00+05:30,1807.0,1807.0,-0.1,0.0,sl
CHOLAFIN,2026-08-06,2026-08-06 11:15:00+05:30,1923.0,1934.2714669363838,0.25168383576860626,11.27,tp
CIPLA,2026-06-11,2026-06-11 12:20:00+05:30,1388.199951171875,1388.199951171875,-0.1,0.0,sl
CIPLA,2026-06-12,2026-06-12 11:10:00+05:30,1393.4000244140625,1393.4000244140625,-0.1,0.0,sl
CIPLA,2026-06-22,2026-06-22 09:20:00+05:30,1387.5999755859375,1382.5357055664062,-0.31897968183774766,-5.06,sl
CIPLA,2026-06-23,2026-06-23 09:45:00+05:30,1440.5,1448.0142647879463,0.21298569057742436,7.51,tp
CIPLA,2026-06-24,2026-06-24 12:40:00+05:30,1446.300048828125,1443.4000767299108,-0.22030582867907433,-2.9,sl
CIPLA,2026-06-25,2026-06-25 12:20:00+05:30,1447.5,1446.1142752511162,-0.1574393678293816,-1.39,sl
CIPLA,2026-06-29,2026-06-29 09:45:00+05:30,1468.699951171875,1478.7713971819196,0.3114433040734539,10.07,tp
CIPLA,2026-07-20,2026-07-20 12:25:00+05:30,1461.0999755859375,1461.0999755859375,-0.1,0.0,sl
CIPLA,2026-07-23,2026-07-23 11:55:00+05:30,1422.9000244140625,1417.4786028180804,-0.32860727400217465,-5.42,sl
CIPLA,2026-07-29,2026-07-29 10:30:00+05:30,1466.4000244140625,1466.4000244140625,-0.1,0.0,sl
CIPLA,2026-07-31,2026-07-31 12:00:00+05:30,1476.4000244140625,1473.8643188476562,-0.20304953364163997,-2.54,sl
CIPLA,2026-08-06,2026-08-06 10:10:00+05:30,1483.9000244140625,1483.9000244140625,-0.1,0.0,sl
COALINDIA,2026-06-01,2026-06-01 11:30:00+05:30,476.3500061035156,474.6857147216797,-0.309630485211868,-1.66,sl
COALINDIA,2026-06-04,2026-06-04 10:50:00+05:30,477.5,476.52142769949774,-0.22296196446101754,-0.98,sl
COALINDIA,2026-06-16,2026-06-16 10:45:00+05:30,451.0,449.6035701206752,-0.28577781099664545,-1.4,sl
COALINDIA,2026-06-29,2026-06-29 11:45:00+05:30,441.5,443.92857142857144,0.23004368225206495,2.43,tp
COALINDIA,2026-07-14,2026-07-14 11:25:00+05:30,436.2999877929688,435.54284449986056,-0.20412239023039153,-0.76,sl
COALINDIA,2026-08-18,2026-08-18 09:25:00+05:30,410.8500061035156,410.32500130789623,-0.17667101684118527,-0.53,sl
COFORGE,2026-06-04,2026-06-04 12:50:00+05:30,1442.0,1439.1071515764509,-0.22036817296320968,-2.89,sl
COFORGE,2026-06-15,2026-06-15 10:55:00+05:30,1408.800048828125,1408.800048828125,-0.1,0.0,sl
COFORGE,2026-06-16,2026-06-16 12:30:00+05:30,1444.0,1452.3428780691963,0.24665698348461212,8.34,tp
COFORGE,2026-06-17,2026-06-17 09:35:00+05:30,1495.800048828125,1489.242885044643,-0.36302300719749053,-6.56,sl
COFORGE,2026-07-03,2026-07-03 11:15:00+05:30,1486.800048828125,1481.5143432617188,-0.31330530237360577,-5.29,sl
COFORGE,2026-07-13,2026-07-13 11:55:00+05:30,1528.5,1522.7499825613838,-0.32571216638336287,-5.75,sl
COFORGE,2026-07-14,2026-07-14 09:25:00+05:30,1567.5,1561.69287109375,-0.32228244617224877,-5.81,sl
COFORGE,2026-07-28,2026-07-28 09:20:00+05:30,1630.0999755859375,1652.271449497768,0.7160778201543453,22.17,tp
COFORGE,2026-07-29,2026-07-29 09:30:00+05:30,1750.5,1750.5,-0.1,0.0,sl
COFORGE,2026-08-07,2026-08-07 09:15:00+05:30,1791.0,1791.0,-0.1,0.0,sl
COFORGE,2026-08-10,2026-08-10 10:20:00+05:30,1816.9000244140625,1807.2000209263392,-0.4203259405817267,-9.7,sl
COFORGE,2026-08-20,2026-08-20 09:30:00+05:30,1852.5999755859373,1865.171404157366,0.30714980256175156,12.57,tp
COLPAL,2026-06-08,2026-06-08 11:05:00+05:30,2015.0,2015.800048828125,-0.07617720611042185,0.8,time
COLPAL,2026-06-10,2026-06-10 09:20:00+05:30,2080.0,2080.0,-0.1,0.0,sl
COLPAL,2026-07-01,2026-07-01 12:15:00+05:30,2043.0,2049.9000244140625,0.10264388881240823,6.9,tp
COLPAL,2026-07-09,2026-07-09 11:50:00+05:30,2052.0,2059.000017438616,0.10467887247415032,7.0,tp
COLPAL,2026-07-20,2026-07-20 10:35:00+05:30,2071.800048828125,2083.0713936941966,0.2264217955525288,11.27,tp
COLPAL,2026-07-27,2026-07-27 11:05:00+05:30,2132.699951171875,2132.699951171875,-0.1,0.0,sl
COLPAL,2026-08-03,2026-08-03 09:30:00+05:30,2101.800048828125,2114.0,0.24827150694978367,12.2,tp
COLPAL,2026-08-20,2026-08-20 12:25:00+05:30,1903.4000244140625,1912.185738699777,0.17694801428046694,8.79,tp
CONCOR,2026-06-09,2026-06-09 11:05:00+05:30,448.1499938964844,446.99642290387834,-0.25444440588868894,-1.15,sl
CONCOR,2026-06-22,2026-06-22 09:20:00+05:30,476.5,475.3428519112723,-0.24570595031198675,-1.16,sl
CONCOR,2026-06-23,2026-06-23 09:20:00+05:30,479.2000122070313,479.2000122070313,-0.1,0.0,sl
CONCOR,2026-06-25,2026-06-25 09:20:00+05:30,480.3999938964844,479.1178501674107,-0.26013452273481,-1.28,sl
CONCOR,2026-06-30,2026-06-30 11:30:00+05:30,474.2999877929688,474.5499877929688,-0.06837444573886965,0.25,time
CONCOR,2026-07-01,2026-07-01 10:45:00+05:30,479.8999938964844,481.3999938964844,0.08753907302489614,1.5,time
CONCOR,2026-07-03,2026-07-03 10:00:00+05:30,483.6499938964844,483.6499938964844,-0.1,0.0,sl
CONCOR,2026-07-09,2026-07-09 11:45:00+05:30,458.5499877929688,457.61070687430254,-0.2229023151679176,-0.94,sl
CONCOR,2026-07-10,2026-07-10 10:00:00+05:30,467.4500122070313,465.7535814557757,-0.3177470155466716,-1.7,sl
CONCOR,2026-07-24,2026-07-24 12:25:00+05:30,483.8999938964844,482.77142333984375,-0.23993435472727637,-1.13,sl
CONCOR,2026-07-27,2026-07-27 12:55:00+05:30,513.9000244140625,512.0464499337332,-0.31641265525635986,-1.85,sl
CONCOR,2026-07-28,2026-07-28 11:20:00+05:30,523.5999755859375,521.8856855119977,-0.29644272198691896,-1.71,sl
CONCOR,2026-08-11,2026-08-11 12:25:00+05:30,509.3500061035156,508.33214678083147,-0.21990096913562804,-1.02,sl
CONCOR,2026-08-12,2026-08-12 09:50:00+05:30,521.2000122070312,521.2000122070312,-0.1,0.0,sl
CONCOR,2026-08-20,2026-08-20 11:40:00+05:30,520.5,519.5892944335938,-0.20498046875000003,-0.91,sl
COROMANDEL,2026-06-04,2026-06-04 11:20:00+05:30,1757.0999755859375,1757.0999755859375,-0.1,0.0,sl
COROMANDEL,2026-06-09,2026-06-09 11:50:00+05:30,1802.0999755859373,1808.8857073102677,0.12592747848378613,6.79,tp
COROMANDEL,2026-06-10,2026-06-10 10:15:00+05:30,1859.9000244140625,1868.800048828125,0.187112994157834,8.9,time
COROMANDEL,2026-06-18,2026-06-18 09:20:00+05:30,2055.199951171875,2048.285670689174,-0.30185716174502336,-6.91,sl
COROMANDEL,2026-07-06,2026-07-06 11:00:00+05:30,2054.5,2046.4642857142858,-0.3346764941070106,-8.04,sl
COROMANDEL,2026-07-07,2026-07-07 12:05:00+05:30,2072.10009765625,2069.514386858259,-0.17487217825767112,-2.59,sl
COROMANDEL,2026-07-21,2026-07-21 11:15:00+05:30,2045.5999755859373,2056.2000034877233,0.21091204619563286,10.6,tp
COROMANDEL,2026-07-30,2026-07-30 11:20:00+05:30,2058.60009765625,2053.6143711635045,-0.24531408499655089,-4.99,sl
COROMANDEL,2026-08-03,2026-08-03 11:45:00+05:30,2099.5,2108.7286202566966,0.1637376591577964,9.23,tp
COROMANDEL,2026-08-13,2026-08-13 12:25:00+05:30,2090.39990234375,2088.014229910714,-0.16847510173611194,-2.39,sl
COROMANDEL,2026-08-14,2026-08-14 10:55:00+05:30,2103.10009765625,2098.707292829241,-0.2253237018600641,-4.39,sl
CUMMINSIND,2026-06-04,2026-06-04 09:20:00+05:30,5786.0,5786.0,-0.1,0.0,sl
CUMMINSIND,2026-06-18,2026-06-18 11:35:00+05:30,5880.0,5867.321428571428,-0.22937317784256692,-12.68,sl
CUMMINSIND,2026-07-08,2026-07-08 12:35:00+05:30,5549.5,5539.5,-0.20811784845481576,-10.0,sl
CUMMINSIND,2026-07-21,2026-07-21 11:50:00+05:30,5548.0,5564.285714285715,0.07612524461839952,16.29,tp
CUMMINSIND,2026-07-23,2026-07-23 10:45:00+05:30,5643.0,5643.0,-0.1,0.0,sl
CUMMINSIND,2026-08-04,2026-08-04 09:40:00+05:30,5584.5,5564.107142857143,-0.3191013391658005,-20.39,sl
DABUR,2026-06-04,2026-06-04 11:45:00+05:30,428.7000122070313,427.40358843122215,-0.28144488997818085,-1.3,sl
DABUR,2026-06-10,2026-06-10 09:20:00+05:30,434.1000061035156,436.50714111328125,0.23270697663039683,2.41,tp
DABUR,2026-06-25,2026-06-25 09:50:00+05:30,428.5,430.93571690150674,0.241057209079123,2.44,tp
DABUR,2026-07-01,2026-07-01 09:25:00+05:30,434.5,437.58570643833707,0.3261044563871673,3.09,tp
DABUR,2026-07-02,2026-07-02 12:15:00+05:30,448.1499938964844,447.2535618373326,-0.22001768220827056,-0.9,sl
DABUR,2026-07-06,2026-07-06 12:40:00+05:30,448.2999877929688,448.2999877929688,-0.1,0.0,sl
DABUR,2026-07-20,2026-07-20 10:55:00+05:30,430.3999938964844,429.7142748151507,-0.19559281009171142,-0.69,sl
DABUR,2026-07-24,2026-07-24 12:25:00+05:30,424.75,424.13928876604353,-0.18626880291321463,-0.61,sl
DABUR,2026-07-28,2026-07-28 09:25:00+05:30,430.5,430.5,-0.1,0.0,sl
DABUR,2026-07-29,2026-07-29 11:45:00+05:30,432.7999877929688,432.0107029506139,-0.20942026773796393,-0.79,sl
DABUR,2026-08-10,2026-08-10 12:25:00+05:30,413.0,412.5892813546317,-0.15966856833438062,-0.41,sl
DABUR,2026-08-13,2026-08-13 11:30:00+05:30,409.3500061035156,410.38572910853793,0.051809892206581803,1.04,tp
DALBHARAT,2026-06-10,2026-06-10 11:55:00+05:30,1668.5,1665.4714529854912,-0.20890789383909494,-3.03,sl
DALBHARAT,2026-06-17,2026-06-17 09:40:00+05:30,1733.0,1726.7999965122767,-0.3146567854953241,-6.2,sl
DALBHARAT,2026-07-03,2026-07-03 09:20:00+05:30,1772.0999755859375,1772.0999755859375,-0.1,0.0,sl
DALBHARAT,2026-07-06,2026-07-06 12:25:00+05:30,1781.199951171875,1777.6856776646205,-0.2183788548256733,-3.51,sl
DALBHARAT,2026-07-07,2026-07-07 11:25:00+05:30,1786.9000244140625,1786.9000244140625,-0.1,0.0,sl
DALBHARAT,2026-07-09,2026-07-09 11:35:00+05:30,1744.199951171875,1752.699951171875,0.19239766900425978,8.5,time
DALBHARAT,2026-07-14,2026-07-14 11:10:00+05:30,1770.800048828125,1766.8572038922991,-0.23359537476075218,-3.94,sl
DALBHARAT,2026-07-15,2026-07-15 10:20:00+05:30,1805.9000244140625,1820.528599330357,0.38602607182668236,14.63,tp
DALBHARAT,2026-07-22,2026-07-22 11:40:00+05:30,1869.199951171875,1866.1071254185267,-0.19927752517035746,-3.09,sl
DALBHARAT,2026-07-23,2026-07-23 09:15:00+05:30,1877.0,1885.4285365513394,0.16942578214191092,8.43,tp
DALBHARAT,2026-08-03,2026-08-03 10:05:00+05:30,1832.5999755859373,1846.014264787946,0.33918878251823226,13.41,tp
DALBHARAT,2026-08-14,2026-08-14 12:20:00+05:30,1839.699951171875,1837.778529575893,-0.16266527086957347,-1.92,sl
DEEPAKNTR,2026-06-03,2026-06-03 09:35:00+05:30,1702.0,1716.3714076450892,0.4066301167481511,14.37,tp
DEEPAKNTR,2026-07-06,2026-07-06 09:20:00+05:30,1590.800048828125,1602.571498325893,0.3439822404999076,11.77,tp
DEEPAKNTR,2026-07-09,2026-07-09 10:10:00+05:30,1632.0,1622.27144077846,-0.45766761843897363,-9.73,sl
DEEPAKNTR,2026-07-10,2026-07-10 09:30:00+05:30,1660.0,1652.9285627092634,-0.3555941189422882,-7.07,sl
DEEPAKNTR,2026-07-13,2026-07-13 12:20:00+05:30,1657.4000244140625,1654.5643048967634,-0.2026566722165331,-2.84,sl
DEEPAKNTR,2026-07-14,2026-07-14 10:00:00+05:30,1679.5,1672.2642822265625,-0.3584954250707056,-7.24,sl
DEEPAKNTR,2026-07-15,2026-07-15 10:10:00+05:30,1735.300048828125,1725.8714773995537,-0.4260037283444529,-9.43,sl
DEEPAKNTR,2026-07-16,2026-07-16 09:25:00+05:30,1730.199951171875,1730.199951171875,-0.1,0.0,sl
DEEPAKNTR,2026-07-27,2026-07-27 09:40:00+05:30,1686.300048828125,1686.300048828125,-0.1,0.0,sl
DEEPAKNTR,2026-08-03,2026-08-03 09:25:00+05:30,1690.0,1706.5714285714287,0.48833474218089956,16.57,tp
DEEPAKNTR,2026-08-04,2026-08-04 10:40:00+05:30,1750.0,1743.4499773297991,-0.32457220583545804,-6.55,sl
DEEPAKNTR,2026-08-07,2026-08-07 09:15:00+05:30,1807.0,1820.7714320591517,0.3572694651627577,13.77,tp
DEEPAKNTR,2026-08-17,2026-08-17 11:40:00+05:30,1755.800048828125,1755.800048828125,-0.1,0.0,sl
DEEPAKNTR,2026-08-19,2026-08-19 09:25:00+05:30,1800.0,1800.0,-0.1,0.0,sl
DEVYANI,2026-06-04,2026-06-04 10:00:00+05:30,117.0500030517578,116.4042887006487,-0.4309941055654137,-0.65,sl
DEVYANI,2026-06-15,2026-06-15 09:20:00+05:30,113.48999786376952,112.79999869210378,-0.46478941826784936,-0.69,sl
DEVYANI,2026-06-22,2026-06-22 09:55:00+05:30,118.6500015258789,118.6500015258789,-0.1,0.0,sl
DEVYANI,2026-06-30,2026-06-30 10:50:00+05:30,112.8000030517578,112.45357404436383,-0.28427074362844174,-0.35,sl
DEVYANI,2026-07-13,2026-07-13 09:50:00+05:30,113.18000030517578,114.0971461704799,0.3862056173340616,0.92,tp
DEVYANI,2026-07-23,2026-07-23 12:50:00+05:30,110.5999984741211,110.36428397042411,-0.22787405440270592,-0.24,sl
DEVYANI,2026-07-27,2026-07-27 11:30:00+05:30,115.97000122070312,116.6500015258789,0.2518152787883493,0.68,time
DEVYANI,2026-07-29,2026-07-29 10:45:00+05:30,116.7699966430664,117.69714028494698,0.3763947941428471,0.93,tp
DEVYANI,2026-08-03,2026-08-03 12:30:00+05:30,115.5,115.86856951032365,0.09146468068761172,0.37,tp
DEVYANI,2026-08-04,2026-08-04 09:45:00+05:30,118.45999908447266,119.50142669677734,0.4274831776228813,1.04,tp
DEVYANI,2026-08-05,2026-08-05 09:50:00+05:30,122.79000091552734,122.18571526663644,-0.3952776175838403,-0.6,sl
DEVYANI,2026-08-07,2026-08-07 11:20:00+05:30,128.0,128.87857164655412,0.3118304593222444,0.88,tp
DEVYANI,2026-08-11,2026-08-11 11:20:00+05:30,142.58999633789062,141.86428288051061,-0.4053707031425873,-0.73,sl
DEVYANI,2026-08-13,2026-08-13 09:25:00+05:30,141.27999877929688,142.48999895368303,0.4138732381827281,1.21,tp
DEVYANI,2026-08-20,2026-08-20 11:20:00+05:30,145.86000061035156,146.55142865862166,0.18442124449889546,0.69,tp
DIVISLAB,2026-06-04,2026-06-04 11:15:00+05:30,6697.5,6684.5,-0.21646136618141099,-13.0,sl
DIVISLAB,2026-06-08,2026-06-08 09:20:00+05:30,6649.0,6631.071428571428,-0.26178587542702564,-17.93,sl
DIVISLAB,2026-06-23,2026-06-23 09:25:00+05:30,6865.0,6865.0,-0.1,0.0,sl
DIVISLAB,2026-07-02,2026-07-02 12:15:00+05:30,6649.5,6672.142857142857,0.10431181721504068,22.64,tp
DIVISLAB,2026-07-07,2026-07-07 09:35:00+05:30,6933.5,6933.5,-0.1,0.0,sl
DIVISLAB,2026-07-14,2026-07-14 09:55:00+05:30,7008.0,6985.392857142857,-0.29355430528375953,-22.61,sl
DIVISLAB,2026-07-20,2026-07-20 11:05:00+05:30,7350.0,7373.214285714285,0.08950437317783938,23.21,tp
DIVISLAB,2026-07-22,2026-07-22 11:15:00+05:30,7394.0,7376.571428571428,-0.24142741218748898,-17.43,sl
DIVISLAB,2026-07-27,2026-07-27 09:20:00+05:30,7311.0,7346.857142857143,0.19427281786740347,35.86,tp
DIVISLAB,2026-07-29,2026-07-29 10:35:00+05:30,7621.5,7600.035714285715,-0.268976860573,-21.46,sl
DIVISLAB,2026-08-11,2026-08-11 10:45:00+05:30,8442.0,8422.82142857143,-0.2363082546451361,-19.18,sl
DIVISLAB,2026-08-14,2026-08-14 09:30:00+05:30,8558.5,8536.32142857143,-0.25548452248808073,-22.18,sl
DIVISLAB,2026-08-18,2026-08-18 09:25:00+05:30,8591.0,8591.0,-0.1,0.0,sl
DIXON,2026-06-04,2026-06-04 09:20:00+05:30,11390.0,11346.07142857143,-0.33140599523391034,-43.93,sl
DIXON,2026-06-10,2026-06-10 11:15:00+05:30,11786.0,11752.214285714286,-0.27199583040410874,-33.79,sl
DIXON,2026-06-15,2026-06-15 09:20:00+05:30,11795.0,11757.07142857143,-0.29293889662689604,-37.93,sl
DIXON,2026-06-16,2026-06-16 09:30:00+05:30,12205.0,12150.357142857143,-0.36862527067361023,-54.64,sl
DIXON,2026-06-17,2026-06-17 09:25:00+05:30,12700.0,12874.0,0.7220472440944881,174.0,time
DIXON,2026-07-02,2026-07-02 09:35:00+05:30,12114.0,12078.214285714286,-0.27724474633835444,-35.79,sl
DIXON,2026-07-06,2026-07-06 10:35:00+05:30,12828.0,12941.714285714286,0.4318722437525081,113.71,tp
DIXON,2026-07-08,2026-07-08 09:40:00+05:30,13293.0,13293.0,-0.1,0.0,sl
DIXON,2026-07-15,2026-07-15 11:50:00+05:30,13635.0,13613.357142857143,-0.1952380952380941,-21.64,sl
DIXON,2026-07-16,2026-07-16 09:15:00+05:30,14634.0,14529.214285714286,-0.5296257248286746,-104.79,sl
DIXON,2026-07-24,2026-07-24 12:40:00+05:30,13799.0,13770.42857142857,-0.22423260484714552,-28.57,sl
DIXON,2026-07-31,2026-07-31 11:25:00+05:30,14505.0,14471.642857142857,-0.2379819766582962,-33.36,sl
DIXON,2026-08-05,2026-08-05 09:35:00+05:30,14223.0,14223.0,-0.1,0.0,sl
DIXON,2026-08-13,2026-08-13 11:40:00+05:30,13848.0,13809.5,-0.2668110918544194,-38.5,sl
DIXON,2026-08-14,2026-08-14 12:45:00+05:30,14111.0,14148.42857142857,0.05914635998258372,37.43,tp
DIXON,2026-08-19,2026-08-19 12:05:00+05:30,14247.0,14283.714285714286,0.054619017537528895,36.71,tp
DIXON,2026-08-20,2026-08-20 09:35:00+05:30,14687.0,14687.0,-0.1,0.0,sl
DLF,2026-06-15,2026-06-15 09:30:00+05:30,604.6500244140625,601.2535967145648,-0.43703076778561795,-3.4,sl
DLF,2026-06-18,2026-06-18 09:25:00+05:30,631.1500244140625,629.4607282366071,-0.26059219951931456,-1.69,sl
DLF,2026-06-23,2026-06-23 10:30:00+05:30,635.2999877929688,633.7571236746652,-0.24571359810631788,-1.54,sl
DLF,2026-06-25,2026-06-25 12:00:00+05:30,630.9500122070312,629.2464468819754,-0.26200002777686,-1.7,sl
DLF,2026-07-01,2026-07-01 11:55:00+05:30,634.0,637.4356951032366,0.22514464699400372,3.44,tp
DLF,2026-07-03,2026-07-03 11:45:00+05:30,670.9500122070312,670.9500122070312,-0.1,0.0,sl
DLF,2026-07-08,2026-07-08 10:50:00+05:30,664.5,662.3428475516183,-0.29477674477486954,-2.16,sl
DLF,2026-07-09,2026-07-09 11:30:00+05:30,649.0499877929688,653.3785661969866,0.30014591961430875,4.33,tp
DLF,2026-07-15,2026-07-15 09:15:00+05:30,676.5499877929688,679.392839704241,0.15211901227398264,2.84,tp
DLF,2026-07-17,2026-07-17 10:10:00+05:30,656.7999877929688,661.528581891741,0.3319665822158463,4.73,tp
DLF,2026-07-28,2026-07-28 09:40:00+05:30,662.2000122070312,660.1607230050223,-0.284774010668974,-2.04,sl
DLF,2026-07-29,2026-07-29 11:15:00+05:30,670.7999877929688,669.3285609654018,-0.23161241988761458,-1.47,sl
DLF,2026-08-07,2026-08-07 12:30:00+05:30,648.5,647.3857160295759,-0.2030948931772527,-1.11,sl
DLF,2026-08-10,2026-08-10 11:00:00+05:30,658.25,659.3499755859375,0.00026363107671855106,1.1,time
DLF,2026-08-13,2026-08-13 10:45:00+05:30,663.7999877929688,663.7999877929688,-0.1,0.0,sl
DLF,2026-08-20,2026-08-20 12:45:00+05:30,680.5499877929688,680.5499877929688,-0.1,0.0,sl
DMART,2026-06-09,2026-06-09 12:05:00+05:30,4147.39990234375,4136.764229910715,-0.2538651591377764,-10.64,sl
DMART,2026-06-15,2026-06-15 12:45:00+05:30,4054.300048828125,4071.2857840401784,0.15137362811067345,16.99,tp
DMART,2026-06-22,2026-06-22 11:10:00+05:30,4339.5,4339.5,-0.1,0.0,sl
DMART,2026-06-23,2026-06-23 12:35:00+05:30,4385.0,4377.750034877232,-0.1992013471758465,-7.25,sl
DMART,2026-07-06,2026-07-06 11:15:00+05:30,4050.0,4062.757080078125,0.08899377893518519,12.76,tp
DMART,2026-07-07,2026-07-07 09:40:00+05:30,4087.699951171875,4075.9285191127233,-0.2727832110932269,-11.77,sl
DMART,2026-07-16,2026-07-16 09:45:00+05:30,3981.199951171875,3971.7427978515625,-0.24252717928717088,-9.46,sl
DMART,2026-07-20,2026-07-20 11:15:00+05:30,3993.699951171875,3986.892822265625,-0.2022680069530899,-6.81,sl
DMART,2026-07-23,2026-07-23 09:15:00+05:30,4045.60009765625,4036.4072614397323,-0.23633828348743677,-9.19,sl
DMART,2026-07-27,2026-07-27 11:50:00+05:30,4058.0,4058.0,-0.1,0.0,sl
DMART,2026-07-30,2026-07-30 09:45:00+05:30,3872.89990234375,3891.014229910714,0.1806320022265801,18.11,tp
DMART,2026-08-03,2026-08-03 10:35:00+05:30,3989.0,3978.692853655134,-0.25503353740084145,-10.31,sl
DMART,2026-08-11,2026-08-11 12:05:00+05:30,4054.0,4068.5714285714284,0.1156600183240519,14.57,tp
DMART,2026-08-13,2026-08-13 12:15:00+05:30,4062.10009765625,4062.10009765625,-0.1,0.0,sl
DMART,2026-08-14,2026-08-14 09:35:00+05:30,4079.0,4079.0,-0.1,0.0,sl
DMART,2026-08-19,2026-08-19 12:10:00+05:30,4007.0,4001.528564453125,-0.18192815892500624,-5.47,sl
DRREDDY,2026-06-05,2026-06-05 12:10:00+05:30,1282.9000244140625,1282.9000244140625,-0.1,0.0,sl
DRREDDY,2026-06-08,2026-06-08 09:25:00+05:30,1292.800048828125,1288.2357526506696,-0.31183304478953666,-4.56,sl
DRREDDY,2026-06-10,2026-06-10 12:40:00+05:30,1280.0,1282.7714146205358,0.02991006033761464,2.77,tp
DRREDDY,2026-06-11,2026-06-11 12:25:00+05:30,1283.5999755859375,1283.5999755859375,-0.1,0.0,sl
DRREDDY,2026-06-15,2026-06-15 11:55:00+05:30,1288.199951171875,1288.199951171875,-0.1,0.0,sl
DRREDDY,2026-06-18,2026-06-18 09:20:00+05:30,1278.800048828125,1276.2285940987724,-0.22065004525339332,-2.57,sl
DRREDDY,2026-06-22,2026-06-22 12:50:00+05:30,1297.0,1295.4214390345983,-0.17302517958681823,-1.58,sl
DRREDDY,2026-06-23,2026-06-23 09:30:00+05:30,1322.0,1322.0,-0.1,0.0,sl
DRREDDY,2026-06-24,2026-06-24 09:20:00+05:30,1332.300048828125,1341.5571812220983,0.3168940353390698,9.26,tp
DRREDDY,2026-06-29,2026-06-29 09:40:00+05:30,1412.0,1402.82856968471,-0.48972083492734053,-9.17,sl
DRREDDY,2026-07-03,2026-07-03 12:25:00+05:30,1381.0,1377.9857090541295,-0.23096122864028112,-3.01,sl
DRREDDY,2026-07-20,2026-07-20 12:15:00+05:30,1222.800048828125,1220.9714617047991,-0.18972458539292472,-1.83,sl
DRREDDY,2026-08-11,2026-08-11 11:50:00+05:30,1183.300048828125,1191.1143275669642,0.29622809514347864,7.81,tp
DRREDDY,2026-08-20,2026-08-20 12:15:00+05:30,1180.4000244140625,1178.55717250279,-0.19367257911675442,-1.84,sl
EICHERMOT,2026-06-09,2026-06-09 11:15:00+05:30,7152.0,7140.285714285715,-0.1982742090124608,-11.71,sl
EICHERMOT,2026-06-15,2026-06-15 09:20:00+05:30,7423.5,7463.785714285715,0.22560690471379813,40.29,tp
EICHERMOT,2026-06-18,2026-06-18 10:40:00+05:30,7654.5,7632.392857142857,-0.27328742196467265,-22.11,sl
EICHERMOT,2026-06-25,2026-06-25 09:20:00+05:30,7676.5,7720.928571428572,0.24725646918703748,44.43,tp
EICHERMOT,2026-07-06,2026-07-06 10:25:00+05:30,7413.5,7453.0,0.21968705739529235,39.5,tp
EICHERMOT,2026-07-07,2026-07-07 09:35:00+05:30,7588.0,7563.857142857143,-0.29090292943745555,-24.14,sl
EICHERMOT,2026-07-08,2026-07-08 12:05:00+05:30,7550.5,7575.0,0.09468909343752069,24.5,time
EICHERMOT,2026-07-15,2026-07-15 09:15:00+05:30,7350.0,7334.0,-0.2306122448979592,-16.0,sl
EICHERMOT,2026-07-27,2026-07-27 11:25:00+05:30,7751.0,7786.857142857143,0.17756787142673033,35.86,tp
EICHERMOT,2026-07-28,2026-07-28 12:25:00+05:30,7831.5,7853.428571428572,0.06800284565080679,21.93,tp
EICHERMOT,2026-08-03,2026-08-03 09:30:00+05:30,7955.0,7955.0,-0.1,0.0,sl
EICHERMOT,2026-08-07,2026-08-07 09:35:00+05:30,8024.5,8066.785714285715,0.2161745725145343,42.29,tp
EICHERMOT,2026-08-11,2026-08-11 09:25:00+05:30,8060.0,8089.642857142857,0.12066643034384776,29.64,tp
EICHERMOT,2026-08-20,2026-08-20 11:10:00+05:30,8042.0,8062.714285714285,0.054545777525132975,20.71,tp
ESCORTS,2026-06-15,2026-06-15 11:35:00+05:30,2828.10009765625,2821.428693498884,-0.24153821845757395,-6.67,sl
ESCORTS,2026-06-22,2026-06-22 10:50:00+05:30,2896.699951171875,2896.699951171875,-0.1,0.0,sl
ESCORTS,2026-06-25,2026-06-25 09:30:00+05:30,3013.39990234375,3002.3856375558034,-0.31930573727131123,-11.01,sl
ESCORTS,2026-07-10,2026-07-10 11:15:00+05:30,2942.699951171875,2935.699951171875,-0.24272607026507845,-7.0,sl
ESCORTS,2026-07-13,2026-07-13 09:50:00+05:30,2989.800048828125,2979.4858049665177,-0.3069886352229491,-10.31,sl
ESCORTS,2026-07-16,2026-07-16 11:05:00+05:30,2958.699951171875,2952.8284912109375,-0.21906837579684846,-5.87,sl
ESCORTS,2026-07-20,2026-07-20 09:20:00+05:30,3010.0,3000.721418108259,-0.28495512076560015,-9.28,sl
ESCORTS,2026-07-28,2026-07-28 09:25:00+05:30,2969.89990234375,2981.2284807477677,0.1288678832928513,11.33,tp
ESCORTS,2026-07-31,2026-07-31 10:15:00+05:30,3044.0,3044.0,-0.1,0.0,sl
ESCORTS,2026-08-03,2026-08-03 10:45:00+05:30,3143.39990234375,3135.407069614955,-0.25256409576462674,-7.99,sl
ESCORTS,2026-08-10,2026-08-10 11:20:00+05:30,3120.0,3121.300048828125,-0.07499906099759615,1.3,time
ESCORTS,2026-08-20,2026-08-20 11:05:00+05:30,3082.10009765625,3082.10009765625,-0.1,0.0,sl
EXIDEIND,2026-06-02,2026-06-02 12:45:00+05:30,397.6499938964844,400.17856706891735,0.2815274554875821,2.53,tp
EXIDEIND,2026-06-09,2026-06-09 11:00:00+05:30,392.9500122070313,392.9500122070313,-0.1,0.0,sl
EXIDEIND,2026-06-18,2026-06-18 10:10:00+05:30,392.1000061035156,391.2000056675502,-0.23772003396416277,-0.9,sl
EXIDEIND,2026-06-23,2026-06-23 10:15:00+05:30,387.7000122070313,387.7000122070313,-0.1,0.0,sl
EXIDEIND,2026-06-24,2026-06-24 10:50:00+05:30,389.2000122070313,387.4607260567802,-0.3681324916288957,-1.74,sl
EXIDEIND,2026-06-30,2026-06-30 09:25:00+05:30,392.25,394.7714276994978,0.28568683739927986,2.52,tp
EXIDEIND,2026-07-02,2026-07-02 09:20:00+05:30,407.1499938964844,411.1357160295759,0.4873592817645808,3.99,tp
EXIDEIND,2026-07-06,2026-07-06 09:40:00+05:30,422.8999938964844,420.7571367536272,-0.4040232452755749,-2.14,sl
EXIDEIND,2026-07-08,2026-07-08 10:25:00+05:30,418.2999877929688,416.5785566057478,-0.3469181789323423,-1.72,sl
EXIDEIND,2026-07-09,2026-07-09 11:55:00+05:30,422.2999877929688,424.192844935826,0.16893542944431258,1.89,tp
EXIDEIND,2026-07-17,2026-07-17 09:25:00+05:30,429.5499877929688,432.5499877929688,0.3190431966366508,3.0,tp
EXIDEIND,2026-07-21,2026-07-21 09:45:00+05:30,449.3999938964844,447.55713544573103,-0.34604252013111875,-1.84,sl
EXIDEIND,2026-07-30,2026-07-30 09:45:00+05:30,443.4500122070313,443.4500122070313,-0.1,0.0,sl
EXIDEIND,2026-08-03,2026-08-03 11:40:00+05:30,455.5,457.5499965122768,0.1700324714305305,2.05,tp
EXIDEIND,2026-08-05,2026-08-05 09:25:00+05:30,469.8999938964844,474.8214198521205,0.5284008537425486,4.92,tp
EXIDEIND,2026-08-06,2026-08-06 10:05:00+05:30,479.1000061035156,476.6821485246931,-0.40279994339638286,-2.42,sl
EXIDEIND,2026-08-07,2026-08-07 09:45:00+05:30,483.75,481.23571123395647,-0.4118497694317562,-2.51,sl
FEDERALBNK,2026-06-08,2026-06-08 12:10:00+05:30,307.6499938964844,308.9928501674107,0.16189298831155138,1.34,tp
FEDERALBNK,2026-06-12,2026-06-12 09:30:00+05:30,315.1000061035156,314.1785779680525,-0.27545441782576935,-0.92,sl
FEDERALBNK,2026-06-16,2026-06-16 11:30:00+05:30,318.3500061035156,317.82857840401783,-0.1982744192556874,-0.52,sl
FEDERALBNK,2026-06-17,2026-06-17 11:00:00+05:30,321.70001220703125,321.70001220703125,-0.1,0.0,sl
FEDERALBNK,2026-06-24,2026-06-24 11:20:00+05:30,323.95001220703125,323.50715201241627,-0.1820238020547358,-0.44,sl
FEDERALBNK,2026-07-09,2026-07-09 12:55:00+05:30,331.8500061035156,331.8500061035156,-0.1,0.0,sl
FEDERALBNK,2026-07-13,2026-07-13 10:40:00+05:30,335.45001220703125,335.45001220703125,-0.1,0.0,sl
FEDERALBNK,2026-07-27,2026-07-27 09:20:00+05:30,357.20001220703125,356.4607260567801,-0.22418020016572326,-0.74,sl
FEDERALBNK,2026-07-31,2026-07-31 12:15:00+05:30,357.95001220703125,358.6285923549107,0.01374439861513315,0.68,tp
FEDERALBNK,2026-08-07,2026-08-07 12:25:00+05:30,356.04998779296875,357.30712454659596,0.1118472343874688,1.26,tp
GAIL,2026-06-05,2026-06-05 11:35:00+05:30,169.5500030517578,169.11214665004186,-0.25494770645882625,-0.44,sl
GAIL,2026-06-15,2026-06-15 10:00:00+05:30,175.89999389648438,176.55999755859375,0.12512917055509895,0.66,time
GAIL,2026-06-22,2026-06-22 10:55:00+05:30,176.94000244140625,177.51285661969865,0.09425370308179014,0.57,tp
GAIL,2026-07-06,2026-07-06 11:30:00+05:30,175.3699951171875,175.1171384538923,-0.18651080698026085,-0.25,sl
GAIL,2026-07-10,2026-07-10 12:45:00+05:30,173.97000122070312,173.70357404436385,-0.19188728210719988,-0.27,sl
GAIL,2026-07-15,2026-07-15 10:50:00+05:30,174.47000122070312,174.105712890625,-0.225278269340058,-0.36,sl
GAIL,2026-07-21,2026-07-21 09:45:00+05:30,175.6300048828125,175.0850056239537,-0.286186611754337,-0.54,sl
GAIL,2026-07-28,2026-07-28 10:50:00+05:30,175.11000061035156,175.9728524344308,0.19564907352123723,0.86,tp
GAIL,2026-07-31,2026-07-31 10:45:00+05:30,176.25,177.02142551967077,0.1626129428666455,0.77,tp
GLENMARK,2026-06-08,2026-06-08 12:40:00+05:30,2194.0,2194.0,-0.1,0.0,sl
GLENMARK,2026-06-11,2026-06-11 12:15:00+05:30,2163.89990234375,2163.89990234375,-0.1,0.0,sl
GLENMARK,2026-06-19,2026-06-19 10:10:00+05:30,2176.800048828125,2189.414306640625,0.24769177314078583,12.61,tp
GLENMARK,2026-06-23,2026-06-23 09:25:00+05:30,2211.89990234375,2221.5141950334823,0.16079731762395602,9.61,tp
GLENMARK,2026-06-29,2026-06-29 09:50:00+05:30,2208.800048828125,2200.17862374442,-0.33419299782103623,-8.62,sl
GLENMARK,2026-07-03,2026-07-03 11:10:00+05:30,2228.5,2242.057059151786,0.26500944541491883,13.56,tp
GLENMARK,2026-07-06,2026-07-06 11:10:00+05:30,2250.0,2262.1285226004466,0.22342726934524154,12.13,tp
GLENMARK,2026-07-07,2026-07-07 09:35:00+05:30,2283.0,2276.600027901786,-0.26819900389524887,-6.4,sl
GLENMARK,2026-07-10,2026-07-10 11:10:00+05:30,2298.60009765625,2298.60009765625,-0.1,0.0,sl
GLENMARK,2026-07-13,2026-07-13 12:45:00+05:30,2303.39990234375,2313.357003348214,0.15936705982316038,9.96,tp
GLENMARK,2026-08-06,2026-08-06 09:30:00+05:30,2269.89990234375,2281.5855538504466,0.20888546656962415,11.69,tp
GLENMARK,2026-08-12,2026-08-12 09:25:00+05:30,2302.10009765625,2302.10009765625,-0.1,0.0,sl
GLENMARK,2026-08-13,2026-08-13 09:20:00+05:30,2309.0,2303.385759626116,-0.2458875800922666,-5.61,sl
GMRAIRPORT,2026-06-04,2026-06-04 09:20:00+05:30,99.93000030517578,99.47428621564592,-0.37361998687370745,-0.46,sl
GMRAIRPORT,2026-06-09,2026-06-09 12:05:00+05:30,102.4800033569336,102.4800033569336,-0.1,0.0,sl
GMRAIRPORT,2026-06-16,2026-06-16 09:20:00+05:30,108.83999633789062,109.72714124407088,0.3890545402589713,0.89,tp
GMRAIRPORT,2026-06-17,2026-06-17 11:25:00+05:30,108.4499969482422,108.76999882289343,0.07704115278340486,0.32,tp
GMRAIRPORT,2026-06-23,2026-06-23 09:20:00+05:30,108.9000015258789,108.6764313834054,-0.22317914013272616,-0.22,sl
GMRAIRPORT,2026-07-06,2026-07-06 12:25:00+05:30,113.81999969482422,113.66500091552734,-0.1817073166644491,-0.15,sl
GMRAIRPORT,2026-07-31,2026-07-31 12:30:00+05:30,105.9000015258789,105.68642970493862,-0.2210038628118985,-0.21,sl
GODREJCP,2026-06-04,2026-06-04 11:25:00+05:30,995.5999755859376,995.5999755859376,-0.1,0.0,sl
GODREJCP,2026-06-09,2026-06-09 11:05:00+05:30,1005.7000122070312,1004.442879813058,-0.17500044021364625,-1.26,sl
GODREJCP,2026-06-10,2026-06-10 12:35:00+05:30,1032.0999755859375,1036.6999686104912,0.16741554888278273,4.6,tp
GODREJCP,2026-07-02,2026-07-02 11:25:00+05:30,1060.5,1057.8285871233259,-0.25114075681324693,-2.67,sl
GODREJCP,2026-07-06,2026-07-06 12:45:00+05:30,1110.5999755859375,1108.1428745814733,-0.23274451963685056,-2.46,sl
GODREJCP,2026-07-28,2026-07-28 09:40:00+05:30,1089.5,1085.7928641183037,-0.3041561752196235,-3.71,sl
GODREJCP,2026-08-13,2026-08-13 12:45:00+05:30,930.0,935.2571411132812,0.2391703944052419,5.26,tp
GODREJCP,2026-08-20,2026-08-20 10:10:00+05:30,942.0,942.0999755859376,-0.09363212828422843,0.1,time
GODREJPROP,2026-06-05,2026-06-05 10:50:00+05:30,1727.5999755859375,1727.5999755859375,-0.1,0.0,sl
GODREJPROP,2026-06-15,2026-06-15 09:20:00+05:30,1760.5,1750.5071498325892,-0.44056859417474964,-9.99,sl
GODREJPROP,2026-06-18,2026-06-18 12:20:00+05:30,1811.0,1820.699951171875,0.22136779144809496,9.7,tp
GODREJPROP,2026-06-24,2026-06-24 11:45:00+05:30,1811.199951171875,1806.6356549944196,-0.2512023951138763,-4.56,sl
GODREJPROP,2026-06-25,2026-06-25 09:20:00+05:30,1852.0,1845.3785749162946,-0.3145170113511465,-6.62,sl
GODREJPROP,2026-06-30,2026-06-30 10:40:00+05:30,1875.199951171875,1875.199951171875,-0.1,0.0,sl
GODREJPROP,2026-07-01,2026-07-01 12:45:00+05:30,1920.699951171875,1929.9571184430804,0.18918105398682356,9.26,tp
GODREJPROP,2026-07-03,2026-07-03 09:45:00+05:30,1998.0,1991.57856968471,-0.2928357452039063,-6.42,sl
GODREJPROP,2026-07-10,2026-07-10 12:20:00+05:30,2104.60009765625,2115.0143694196427,0.19690025506480768,10.41,tp
GODREJPROP,2026-07-28,2026-07-28 09:20:00+05:30,2103.10009765625,2103.10009765625,-0.1,0.0,sl
GODREJPROP,2026-08-05,2026-08-05 09:25:00+05:30,2124.800048828125,2112.2286289760045,-0.4549911397748854,-12.57,sl
GODREJPROP,2026-08-20,2026-08-20 11:45:00+05:30,2021.800048828125,2028.8428780691966,0.10900669910915432,7.04,tp
GRASIM,2026-06-10,2026-06-10 12:10:00+05:30,3131.0,3125.0071323939733,-0.21484256031989885,-5.99,sl
GRASIM,2026-06-15,2026-06-15 09:25:00+05:30,3163.0,3152.9571533203125,-0.29050610204908317,-10.04,sl
GRASIM,2026-06-19,2026-06-19 09:40:00+05:30,3161.0,3151.1642717633927,-0.2866952528302563,-9.84,sl
GRASIM,2026-06-30,2026-06-30 11:20:00+05:30,3115.0,3127.8999372209823,0.1484739111585683,12.9,tp
GRASIM,2026-07-01,2026-07-01 11:40:00+05:30,3136.699951171875,3136.699951171875,-0.1,0.0,sl
GRASIM,2026-07-09,2026-07-09 12:20:00+05:30,3214.0,3214.0,-0.1,0.0,sl
GRASIM,2026-07-15,2026-07-15 09:15:00+05:30,3133.300048828125,3146.8714425223216,0.1598805122274648,13.57,tp
GRASIM,2026-07-21,2026-07-21 11:55:00+05:30,3156.10009765625,3156.10009765625,-0.1,0.0,sl
GRASIM,2026-08-03,2026-08-03 12:10:00+05:30,3156.89990234375,3149.792742047991,-0.2350785995555174,-7.11,sl
GRASIM,2026-08-05,2026-08-05 11:00:00+05:30,3211.5,3211.5,-0.1,0.0,sl
GRASIM,2026-08-07,2026-08-07 12:45:00+05:30,3252.800048828125,3246.9572230747767,-0.20777469870218282,-5.84,sl
GRASIM,2026-08-10,2026-08-10 12:55:00+05:30,3400.699951171875,3394.507097516741,-0.20926315895055686,-6.19,sl
HAL,2026-06-08,2026-06-08 12:45:00+05:30,4236.0,4229.43572126116,-0.19297845239149683,-6.56,sl
HAL,2026-06-12,2026-06-12 12:00:00+05:30,4207.0,4199.964285714285,-0.20034296580529604,-7.04,sl
HAL,2026-06-17,2026-06-17 09:45:00+05:30,4316.0,4305.128662109375,-0.25113073990674234,-10.87,sl
HAL,2026-06-30,2026-06-30 11:20:00+05:30,4410.89990234375,4401.207135881697,-0.23184746890633107,-9.69,sl
HAL,2026-07-10,2026-07-10 09:45:00+05:30,4441.7998046875,4441.7998046875,-0.1,0.0,sl
HAL,2026-07-13,2026-07-13 12:50:00+05:30,4496.0,4489.971330915178,-0.1804537689255546,-6.03,sl
HAL,2026-07-17,2026-07-17 10:25:00+05:30,4495.10009765625,4480.692940848215,-0.2923048185140157,-14.41,sl
HAL,2026-07-27,2026-07-27 09:30:00+05:30,4612.0,4601.100027901785,-0.24180362660296628,-10.9,sl
HAL,2026-07-31,2026-07-31 10:10:00+05:30,4662.5,4646.878522600447,-0.30102705500765825,-15.62,sl
HAL,2026-08-06,2026-08-06 09:20:00+05:30,4805.2998046875,4844.428431919643,0.38856839934074927,39.13,tp
HAL,2026-08-10,2026-08-10 12:05:00+05:30,4946.2001953125,4937.59308733259,-0.20440872961107306,-8.61,sl
HAL,2026-08-17,2026-08-17 09:20:00+05:30,5145.0,5126.378627232143,-0.31715886609745636,-18.62,sl
HAL,2026-08-18,2026-08-18 12:55:00+05:30,5113.0,5105.457101004465,-0.18851436333505173,-7.54,sl
HAVELLS,2026-06-23,2026-06-23 09:55:00+05:30,1190.0,1190.0,-0.1,0.0,sl
HAVELLS,2026-07-06,2026-07-06 10:35:00+05:30,1189.0,1186.5642874581474,-0.22291232339037415,-2.44,sl
HAVELLS,2026-07-07,2026-07-07 10:05:00+05:30,1193.0,1193.0,-0.1,0.0,sl
HAVELLS,2026-07-23,2026-07-23 09:50:00+05:30,1213.0,1213.0,-0.1,0.0,sl
HAVELLS,2026-07-24,2026-07-24 11:20:00+05:30,1227.199951171875,1227.199951171875,-0.1,0.0,sl
HAVELLS,2026-07-29,2026-07-29 10:30:00+05:30,1240.4000244140625,1240.4000244140625,-0.1,0.0,sl
HAVELLS,2026-07-30,2026-07-30 12:35:00+05:30,1249.9000244140625,1256.7857317243304,0.23054038766800516,6.89,tp
HAVELLS,2026-08-03,2026-08-03 12:45:00+05:30,1269.9000244140625,1268.578604561942,-0.16243419923061328,-1.32,sl
HAVELLS,2026-08-14,2026-08-14 12:10:00+05:30,1278.0,1281.728550502232,0.07504931935362019,3.73,tp
HAVELLS,2026-08-17,2026-08-17 12:05:00+05:30,1308.300048828125,1313.0857456752233,0.11947703134544434,4.79,tp
HAVELLS,2026-08-20,2026-08-20 11:35:00+05:30,1283.0,1280.7142769949776,-0.2068927360104015,-2.29,sl
HCLTECH,2026-06-01,2026-06-01 12:10:00+05:30,1211.0,1208.3285871233259,-0.23235736796073359,-2.67,sl
HCLTECH,2026-07-03,2026-07-03 11:00:00+05:30,1143.5,1143.5,-0.1,0.0,sl
HCLTECH,2026-07-07,2026-07-07 10:20:00+05:30,1157.9000244140625,1152.4285801478795,-0.3835189990924326,-5.47,sl
HCLTECH,2026-07-13,2026-07-13 10:30:00+05:30,1188.5999755859375,1184.3499494280134,-0.314539436911684,-4.25,sl
HCLTECH,2026-07-21,2026-07-21 11:50:00+05:30,1235.0,1232.4071480887276,-0.22596851390797174,-2.59,sl
HCLTECH,2026-07-23,2026-07-23 10:45:00+05:30,1244.699951171875,1242.3142264229912,-0.2150024026258388,-2.39,sl
HCLTECH,2026-07-27,2026-07-27 09:35:00+05:30,1295.0,1295.0,-0.1,0.0,sl
HCLTECH,2026-07-28,2026-07-28 09:40:00+05:30,1327.199951171875,1322.5428205217634,-0.3105393680582738,-4.66,sl
HCLTECH,2026-07-30,2026-07-30 12:55:00+05:30,1365.0,1363.278573172433,-0.17566711329964965,-1.72,sl
HCLTECH,2026-08-11,2026-08-11 09:55:00+05:30,1379.5,1374.9285801478795,-0.2988294245213688,-4.57,sl
HCLTECH,2026-08-13,2026-08-13 11:50:00+05:30,1367.800048828125,1371.4857177734375,0.06167577776314147,3.69,tp
HCLTECH,2026-08-19,2026-08-19 12:15:00+05:30,1318.199951171875,1315.5499703543526,-0.22061815729092973,-2.65,sl
HDFCAMC,2026-06-25,2026-06-25 10:55:00+05:30,2691.0,2685.0999755859375,-0.23155015415969896,-5.9,sl
HDFCAMC,2026-07-01,2026-07-01 11:45:00+05:30,2719.0,2712.957188197545,-0.2333463435628208,-6.04,sl
HDFCAMC,2026-07-03,2026-07-03 12:00:00+05:30,2801.60009765625,2794.457257952009,-0.252973432080113,-7.14,sl
HDFCAMC,2026-07-06,2026-07-06 09:45:00+05:30,2836.0,2826.707188197545,-0.29660391683614584,-9.29,sl
HDFCAMC,2026-07-07,2026-07-07 12:45:00+05:30,2774.800048828125,2768.5143519810267,-0.23591675226659092,-6.29,sl
HDFCAMC,2026-07-15,2026-07-15 11:25:00+05:30,2716.60009765625,2711.7143903459823,-0.20790783629470114,-4.89,sl
HDFCAMC,2026-07-24,2026-07-24 12:35:00+05:30,2520.699951171875,2530.1999162946427,0.1261268371513505,9.5,tp
HDFCAMC,2026-07-29,2026-07-29 12:05:00+05:30,2551.89990234375,2548.3498883928573,-0.18346755170840856,-3.55,sl
HDFCAMC,2026-07-31,2026-07-31 09:15:00+05:30,2567.0,2567.0,-0.1,0.0,sl
HDFCAMC,2026-08-10,2026-08-10 11:50:00+05:30,2570.699951171875,2564.321446010045,-0.24887397089471608,-6.38,sl
HDFCAMC,2026-08-13,2026-08-13 12:25:00+05:30,2499.60009765625,2496.4929547991073,-0.17458335899545072,-3.11,sl
HDFCAMC,2026-08-17,2026-08-17 11:00:00+05:30,2530.39990234375,2524.042811802455,-0.25073721435271945,-6.36,sl
HDFCAMC,2026-08-19,2026-08-19 10:35:00+05:30,2538.199951171875,2531.799961635045,-0.251288070127225,-6.4,sl
HDFCAMC,2026-08-20,2026-08-20 10:10:00+05:30,2582.0,2587.10009765625,0.018515050106506576,5.1,time
HDFCBANK,2026-06-11,2026-06-11 12:10:00+05:30,754.4500122070312,752.7035696847098,-0.2388913110793772,-1.75,sl
HDFCBANK,2026-06-16,2026-06-16 11:40:00+05:30,786.0,786.0,-0.1,0.0,sl
HDFCBANK,2026-06-23,2026-06-23 09:55:00+05:30,790.75,789.3821498325893,-0.20378882079625663,-1.37,sl
HDFCBANK,2026-06-24,2026-06-24 11:00:00+05:30,788.4500122070312,788.4500122070312,-0.1,0.0,sl
HDFCBANK,2026-06-25,2026-06-25 09:20:00+05:30,800.0,798.1714346749442,-0.2371423993791865,-1.83,sl
HDFCBANK,2026-07-06,2026-07-06 09:30:00+05:30,817.6500244140625,821.9285975864956,0.21396610124233723,4.28,tp
HDFCLIFE,2026-06-05,2026-06-05 09:20:00+05:30,585.6500244140625,583.9464590890067,-0.27453071841944054,-1.7,sl
HDFCLIFE,2026-06-23,2026-06-23 10:20:00+05:30,601.6500244140625,600.1285923549107,-0.25172595336967196,-1.52,sl
HDFCLIFE,2026-07-24,2026-07-24 11:40:00+05:30,554.7000122070312,556.4571533203125,0.09006393451732216,1.76,tp
HDFCLIFE,2026-08-13,2026-08-13 12:10:00+05:30,538.7000122070312,537.9464372907366,-0.18393260433099815,-0.75,sl
HDFCLIFE,2026-08-14,2026-08-14 12:25:00+05:30,539.5,538.9321419852121,-0.16315381072710994,-0.57,sl
HDFCLIFE,2026-08-17,2026-08-17 09:30:00+05:30,541.2000122070312,541.2000122070312,-0.1,0.0,sl
HDFCLIFE,2026-08-20,2026-08-20 12:45:00+05:30,542.5,542.5,-0.1,0.0,sl
HEROMOTOCO,2026-06-10,2026-06-10 09:25:00+05:30,4929.2001953125,4914.593052455357,-0.2778034035343179,-14.61,sl
HEROMOTOCO,2026-06-15,2026-06-15 09:50:00+05:30,5066.7998046875,5048.464076450893,-0.3171279183319274,-18.34,sl
HEROMOTOCO,2026-06-25,2026-06-25 09:20:00+05:30,5022.89990234375,5005.749860491072,-0.3048622371870402,-17.15,sl
HEROMOTOCO,2026-07-06,2026-07-06 11:10:00+05:30,4919.2998046875,4908.006975446428,-0.23773703196919432,-11.29,sl
HEROMOTOCO,2026-07-07,2026-07-07 10:05:00+05:30,4985.89990234375,5014.442592075893,0.24348089963128894,28.54,tp
HEROMOTOCO,2026-07-23,2026-07-23 10:05:00+05:30,5112.10009765625,5152.871372767857,0.378526722866393,40.77,tp
HEROMOTOCO,2026-07-30,2026-07-30 09:30:00+05:30,5304.2998046875,5319.7998046875,0.07532945614766025,15.5,time
HEROMOTOCO,2026-08-04,2026-08-04 09:30:00+05:30,5515.5,5497.142857142857,-0.2996969579237761,-18.36,sl
HEROMOTOCO,2026-08-05,2026-08-05 10:15:00+05:30,5695.5,5672.5,-0.34229654990782193,-23.0,sl
HEROMOTOCO,2026-08-10,2026-08-10 09:25:00+05:30,5913.0,5886.75,-0.3663622526636225,-26.25,sl
HEROMOTOCO,2026-08-11,2026-08-11 09:30:00+05:30,5921.0,5901.607142857143,-0.29651603252346104,-19.39,sl
HEROMOTOCO,2026-08-20,2026-08-20 11:35:00+05:30,5721.5,5715.5,-0.1629205627894783,-6.0,sl
HFCL,2026-06-02,2026-06-02 12:50:00+05:30,186.6000061035156,185.73500605991904,-0.3781350531521517,-0.87,sl
HFCL,2026-06-03,2026-06-03 11:25:00+05:30,197.8999938964844,197.1414239065988,-0.32998585546669607,-0.76,sl
HFCL,2026-06-09,2026-06-09 09:15:00+05:30,177.9600067138672,177.48643602643693,-0.2596664428738814,-0.47,sl
HFCL,2026-06-11,2026-06-11 12:00:00+05:30,170.5,169.24356951032365,-0.5421456268655768,-1.26,sl
HFCL,2026-06-18,2026-06-18 11:35:00+05:30,199.6300048828125,199.6300048828125,-0.1,0.0,time
HFCL,2026-06-25,2026-06-25 09:20:00+05:30,215.0,213.6249989100865,-0.4837212343944641,-1.38,sl
HFCL,2026-07-06,2026-07-06 12:00:00+05:30,225.1999969482422,225.1999969482422,-0.1,0.0,time
HFCL,2026-07-15,2026-07-15 09:15:00+05:30,220.19000244140625,223.2471466064453,0.733047131425302,3.06,tp
HFCL,2026-07-16,2026-07-16 12:10:00+05:30,226.4199981689453,226.4199981689453,-0.1,0.0,sl
HFCL,2026-07-21,2026-07-21 09:45:00+05:30,214.83999633789065,213.26499720982144,-0.5398619870367491,-1.57,sl
HFCL,2026-07-22,2026-07-22 11:25:00+05:30,224.57000732421875,222.9242935180664,-0.539697311077621,-1.65,sl
HFCL,2026-07-29,2026-07-29 12:00:00+05:30,191.19000244140625,189.91785866873605,-0.49922917195215066,-1.27,sl
HFCL,2026-08-03,2026-08-03 09:20:00+05:30,201.5800018310547,203.01285879952567,0.3264878327578958,1.43,tp
HFCL,2026-08-07,2026-08-07 12:40:00+05:30,206.75999450683597,208.00713675362724,0.2619101218587148,1.25,tp
HFCL,2026-08-10,2026-08-10 10:40:00+05:30,214.1000061035156,216.20857674734933,0.49091188707792555,2.11,tp
HFCL,2026-08-12,2026-08-12 12:50:00+05:30,221.72000122070312,221.07357352120536,-0.27493082156019855,-0.65,sl
HFCL,2026-08-18,2026-08-18 10:10:00+05:30,229.3300018310547,229.05999755859372,-0.17064167888330867,-0.27,time
HINDALCO,2026-06-17,2026-06-17 09:40:00+05:30,988.2999877929688,984.4999912806919,-0.33069897151953825,-3.8,sl
HINDALCO,2026-06-18,2026-06-18 09:20:00+05:30,1013.7999877929688,1010.8285391671318,-0.27586005099323985,-2.97,sl
HINDALCO,2026-07-08,2026-07-08 09:40:00+05:30,976.9000244140624,973.9500252859932,-0.2811853242508763,-2.95,sl
HINDALCO,2026-07-14,2026-07-14 09:30:00+05:30,987.3499755859376,983.2928292410716,-0.34654761402865464,-4.06,sl
HINDALCO,2026-07-23,2026-07-23 09:20:00+05:30,962.5,960.5250069754464,-0.223116448283858,-1.97,sl
HINDALCO,2026-07-27,2026-07-27 12:25:00+05:30,951.2000122070312,950.1750052315848,-0.16465561158277292,-1.03,sl
HINDALCO,2026-08-03,2026-08-03 11:50:00+05:30,990.7999877929688,989.403555733817,-0.18456391257708676,-1.4,sl
HINDALCO,2026-08-11,2026-08-11 10:25:00+05:30,1068.1500244140625,1065.2750069754463,-0.26149514803559193,-2.88,sl
HINDALCO,2026-08-17,2026-08-17 11:40:00+05:30,1043.050048828125,1040.9357648577009,-0.2216212379913824,-2.11,sl
HINDPETRO,2026-06-12,2026-06-12 09:20:00+05:30,380.1499938964844,378.02141898018976,-0.4359581665874064,-2.13,sl
HINDPETRO,2026-06-23,2026-06-23 09:40:00+05:30,399.2999877929688,397.999993460519,-0.2953410025833228,-1.3,sl
HINDPETRO,2026-07-02,2026-07-02 09:40:00+05:30,403.1499938964844,401.7428501674107,-0.3094223614600814,-1.41,sl
HINDPETRO,2026-07-07,2026-07-07 12:55:00+05:30,405.1499938964844,404.5107138497489,-0.19467309239038808,-0.64,sl
HINDPETRO,2026-07-16,2026-07-16 09:30:00+05:30,399.2000122070313,401.2785862513951,0.21241091895846084,2.08,tp
HINDPETRO,2026-07-27,2026-07-27 10:15:00+05:30,391.7000122070313,391.7000122070313,-0.1,0.0,sl
HINDPETRO,2026-08-10,2026-08-10 11:20:00+05:30,396.0,395.3392878941127,-0.20010789483140679,-0.66,sl
HINDUNILVR,2026-06-16,2026-06-16 12:50:00+05:30,2191.60009765625,2191.60009765625,-0.1,0.0,sl
HINDUNILVR,2026-07-17,2026-07-17 12:40:00+05:30,2149.0,2149.0,-0.1,0.0,sl
HINDUNILVR,2026-08-13,2026-08-13 11:35:00+05:30,2070.10009765625,2070.10009765625,-0.1,0.0,sl
HINDZINC,2026-06-09,2026-06-09 11:40:00+05:30,566.8499755859375,569.8285348074777,0.21527487164073755,2.98,tp
HINDZINC,2026-06-17,2026-06-17 09:55:00+05:30,566.7999877929688,565.1928449358259,-0.27012804076452307,-1.61,sl
HINDZINC,2026-07-20,2026-07-20 11:15:00+05:30,527.1500244140625,529.0857456752232,0.12032300159472713,1.94,tp
HINDZINC,2026-07-21,2026-07-21 11:35:00+05:30,531.6500244140625,533.7643258231027,0.13861201677216775,2.11,tp
HINDZINC,2026-07-23,2026-07-23 09:20:00+05:30,538.0,540.5785609654018,0.187571854877528,2.58,tp
HINDZINC,2026-08-04,2026-08-04 09:25:00+05:30,558.0499877929688,556.3499843052456,-0.28277969983798484,-1.7,sl
HINDZINC,2026-08-05,2026-08-05 12:20:00+05:30,580.25,583.3071637834821,0.2161220629193048,3.06,tp
HINDZINC,2026-08-17,2026-08-17 11:30:00+05:30,575.25,573.710715157645,-0.26055122214914833,-1.54,sl
HINDZINC,2026-08-20,2026-08-20 12:15:00+05:30,573.9000244140625,572.4536002022879,-0.25122050708236154,-1.45,sl
ICICIBANK,2026-06-04,2026-06-04 10:45:00+05:30,1254.5999755859375,1251.5142560686384,-0.24757147667843743,-3.09,sl
ICICIBANK,2026-06-10,2026-06-10 10:50:00+05:30,1296.800048828125,1302.3715122767858,0.1577789900777159,5.57,tp
ICICIBANK,2026-06-11,2026-06-11 10:15:00+05:30,1317.199951171875,1326.7571498325892,0.33534158890052135,9.56,tp
ICICIBANK,2026-06-25,2026-06-25 12:05:00+05:30,1400.300048828125,1400.300048828125,-0.1,0.0,sl
ICICIBANK,2026-07-01,2026-07-01 11:45:00+05:30,1378.9000244140625,1382.6000279017858,0.060998045784886795,3.7,tp
ICICIGI,2026-06-08,2026-06-08 12:50:00+05:30,1754.5,1752.699994768415,-0.16155617776864925,-1.8,sl
ICICIGI,2026-06-15,2026-06-15 12:20:00+05:30,1741.5,1738.8643101283483,-0.19080757525070527,-2.64,sl
ICICIGI,2026-07-23,2026-07-23 12:35:00+05:30,1617.9000244140625,1614.771449497768,-0.216023544190043,-3.13,sl
ICICIPRULI,2026-06-05,2026-06-05 09:30:00+05:30,486.2000122070313,484.68930053710943,-0.2864308883577639,-1.51,sl
ICICIPRULI,2026-06-15,2026-06-15 10:55:00+05:30,485.0,487.2071358816964,0.17304773794182118,2.21,tp
ICICIPRULI,2026-06-16,2026-06-16 10:50:00+05:30,491.8500061035156,490.71071951729914,-0.23897975871652738,-1.14,sl
ICICIPRULI,2026-06-17,2026-06-17 09:45:00+05:30,495.8500061035156,498.37857927594865,0.20596831396289048,2.53,tp
ICICIPRULI,2026-06-18,2026-06-18 10:50:00+05:30,510.0499877929688,511.92855834960943,0.120986640713711,1.88,tp
ICICIPRULI,2026-07-10,2026-07-10 09:30:00+05:30,499.2999877929688,501.9214128766742,0.2150120345837875,2.62,tp
ICICIPRULI,2026-07-23,2026-07-23 11:00:00+05:30,499.7000122070313,501.10716465541304,0.06895966548010465,1.41,tp
ICICIPRULI,2026-07-27,2026-07-27 10:40:00+05:30,509.3500061035156,508.1571524483817,-0.24051480995465266,-1.19,sl
ICICIPRULI,2026-07-31,2026-07-31 11:10:00+05:30,514.8499755859375,513.8821236746652,-0.21279230344771616,-0.97,sl
ICICIPRULI,2026-08-13,2026-08-13 11:45:00+05:30,507.0,507.0,-0.1,0.0,sl
ICICIPRULI,2026-08-20,2026-08-20 10:00:00+05:30,504.75,505.2000122070313,-0.04650672130385654,0.45,time
IDEA,2026-06-04,2026-06-04 12:05:00+05:30,15.18000030517578,15.139286177498953,-0.260925402602047,-0.04,sl
IDEA,2026-06-11,2026-06-11 10:15:00+05:30,14.229999542236328,14.149999618530273,-0.4373152197311268,-0.08,sl
IDEA,2026-06-12,2026-06-12 11:50:00+05:30,14.699999809265137,14.791427884783063,0.2731758232825332,0.09,tp
IDEA,2026-07-01,2026-07-01 11:40:00+05:30,14.829999923706056,14.769285815102716,-0.34564035973980445,-0.06,sl
IDEA,2026-07-10,2026-07-10 10:40:00+05:30,14.220000267028809,14.294285637991768,0.2134403779240483,0.07,tp
IDEA,2026-07-14,2026-07-14 09:20:00+05:30,14.109999656677246,14.062856810433525,-0.30046568699133325,-0.05,sl
IDEA,2026-07-16,2026-07-16 12:25:00+05:30,13.979999542236328,13.95071370261056,-0.225690302938664,-0.03,sl
IDEA,2026-07-17,2026-07-17 10:40:00+05:30,13.989999771118164,13.937856878553118,-0.3236292784194015,-0.05,sl
IDEA,2026-07-22,2026-07-22 12:40:00+05:30,13.5,13.461428437914167,-0.271429164825925,-0.04,sl
IDEA,2026-07-29,2026-07-29 12:50:00+05:30,13.100000381469728,13.077857562473843,-0.20141748863094638,-0.02,sl
IDEA,2026-08-07,2026-08-07 12:05:00+05:30,12.760000228881836,12.740000247955322,-0.19404379577318995,-0.02,sl
IDEA,2026-08-10,2026-08-10 11:10:00+05:30,12.949999809265137,12.915713855198453,-0.25885384357529007,-0.03,sl
IDEA,2026-08-14,2026-08-14 10:05:00+05:30,13.899999618530272,14.04999964577811,0.5474821497744695,0.15,tp
IDEA,2026-08-18,2026-08-18 12:45:00+05:30,13.949999809265137,13.949999809265137,-0.1,0.0,sl
IDFCFIRSTB,2026-06-15,2026-06-15 11:00:00+05:30,78.0999984741211,78.59142521449498,0.2775365556787194,0.49,tp
IDFCFIRSTB,2026-06-22,2026-06-22 11:10:00+05:30,79.56999969482422,79.88571275983539,0.13806439579391094,0.32,tp
IDFCFIRSTB,2026-06-24,2026-06-24 11:50:00+05:30,79.1500015258789,78.97214453560966,-0.23482525850193142,-0.18,sl
IDFCFIRSTB,2026-06-30,2026-06-30 11:55:00+05:30,78.9800033569336,78.81286076136998,-0.22697588386385764,-0.17,sl
IDFCFIRSTB,2026-07-02,2026-07-02 11:50:00+05:30,79.08000183105469,79.33143179757255,0.09076628277400324,0.25,tp
IDFCFIRSTB,2026-07-06,2026-07-06 12:20:00+05:30,81.56999969482422,81.56999969482422,-0.1,0.0,sl
IDFCFIRSTB,2026-07-09,2026-07-09 11:30:00+05:30,79.1500015258789,79.43000030517578,0.11225428217230787,0.28,time
IDFCFIRSTB,2026-07-23,2026-07-23 12:00:00+05:30,81.05999755859375,80.88499723161969,-0.22953392468157388,-0.18,sl
IDFCFIRSTB,2026-07-24,2026-07-24 12:25:00+05:30,80.4000015258789,80.4000015258789,-0.1,0.0,sl
IDFCFIRSTB,2026-08-13,2026-08-13 11:35:00+05:30,86.1500015258789,86.36286054338727,0.04824771705506444,0.21,tp
IDFCFIRSTB,2026-08-19,2026-08-19 11:50:00+05:30,85.52999877929688,85.38285555158343,-0.20322218857488838,-0.15,sl
IDFCFIRSTB,2026-08-20,2026-08-20 10:00:00+05:30,86.18000030517578,86.27999877929688,-0.03037934061244969,0.1,time
IEX,2026-06-04,2026-06-04 09:20:00+05:30,125.05999755859376,125.05999755859376,-0.1,0.0,sl
IEX,2026-06-17,2026-06-17 09:25:00+05:30,124.29000091552734,124.03285762241909,-0.22413386010819428,-0.26,sl
IEX,2026-06-18,2026-06-18 10:20:00+05:30,125.0999984741211,124.79142652239118,-0.24799614172357473,-0.31,sl
IEX,2026-06-22,2026-06-22 09:20:00+05:30,124.70999908447266,124.35214233398438,-0.27217067746711443,-0.36,sl
IEX,2026-06-25,2026-06-25 10:30:00+05:30,126.87000274658205,126.51214490618027,-0.26923993031666515,-0.36,sl
IEX,2026-07-15,2026-07-15 09:15:00+05:30,119.45999908447266,119.17785481044224,-0.24170983234190627,-0.28,sl
IEX,2026-07-16,2026-07-16 12:35:00+05:30,121.9499969482422,122.46428244454522,0.15303100082304533,0.51,tp
IEX,2026-07-24,2026-07-24 11:50:00+05:30,124.38999938964844,125.38714272635325,0.38097596668424294,1.0,tp
IEX,2026-07-27,2026-07-27 09:45:00+05:30,127.19000244140624,126.52071653093608,-0.4157257163094138,-0.67,sl
IEX,2026-07-28,2026-07-28 12:45:00+05:30,130.50999450683594,130.50999450683594,-0.1,0.0,sl
IEX,2026-08-04,2026-08-04 11:35:00+05:30,129.36000061035156,129.05785914829798,-0.24013982403896456,-0.3,sl
IEX,2026-08-17,2026-08-17 12:20:00+05:30,124.9499969482422,125.288567679269,0.06257898645665626,0.34,tp
IGL,2026-06-01,2026-06-01 12:05:00+05:30,164.5,164.07071794782365,-0.25657704030748235,-0.43,sl
IGL,2026-06-04,2026-06-04 09:50:00+05:30,162.94000244140625,162.32857404436385,-0.32514854101426965,-0.61,sl
IGL,2026-06-05,2026-06-05 09:35:00+05:30,164.39999389648438,163.80856214250838,-0.31585101311441494,-0.59,sl
IGL,2026-06-15,2026-06-15 11:15:00+05:30,168.0,168.0,-0.1,0.0,sl
IGL,2026-06-17,2026-06-17 11:50:00+05:30,172.6999969482422,173.7028547014509,0.24841613350204828,1.0,tp
IGL,2026-06-22,2026-06-22 11:25:00+05:30,169.8000030517578,170.43572126116072,0.12463540564571106,0.64,tp
IGL,2026-06-25,2026-06-25 09:30:00+05:30,170.08999633789062,170.08999633789062,-0.1,0.0,sl
IGL,2026-07-16,2026-07-16 09:20:00+05:30,155.02999877929688,154.64071328299386,-0.25066200065854755,-0.39,sl
IGL,2026-07-28,2026-07-28 09:35:00+05:30,152.00999450683594,152.00999450683594,-0.1,0.0,sl
IGL,2026-08-03,2026-08-03 09:45:00+05:30,154.25,154.52000427246094,0.005025973080429488,0.27,time
IGL,2026-08-06,2026-08-06 11:50:00+05:30,155.10000610351562,154.84714835030692,-0.19781730880394974,-0.25,sl
IGL,2026-08-12,2026-08-12 09:45:00+05:30,154.4600067138672,153.90857805524553,-0.31420249954145063,-0.55,sl
INDHOTEL,2026-06-09,2026-06-09 11:40:00+05:30,662.4000244140625,662.4000244140625,-0.1,0.0,sl
INDHOTEL,2026-06-10,2026-06-10 11:05:00+05:30,676.25,674.7357134137835,-0.23435444757558466,-1.51,sl
INDHOTEL,2026-06-18,2026-06-18 09:35:00+05:30,704.75,704.75,-0.1,0.0,sl
INDHOTEL,2026-06-19,2026-06-19 12:25:00+05:30,727.0,727.0,-0.1,0.0,sl
INDHOTEL,2026-07-07,2026-07-07 12:10:00+05:30,748.4500122070312,747.0785740443638,-0.2099422652387987,-1.37,sl
INDHOTEL,2026-07-10,2026-07-10 12:00:00+05:30,739.5,741.528581891741,0.0645908228593148,2.03,tp
INDHOTEL,2026-07-15,2026-07-15 10:25:00+05:30,744.7000122070312,742.6750183105469,-0.26315245306493273,-2.02,sl
INDHOTEL,2026-07-28,2026-07-28 11:10:00+05:30,741.4000244140625,739.9928763253348,-0.21387764033375484,-1.41,sl
INDHOTEL,2026-07-31,2026-07-31 09:20:00+05:30,756.3499755859375,754.5071193150112,-0.24619075801505613,-1.84,sl
INDHOTEL,2026-08-03,2026-08-03 11:55:00+05:30,746.3499755859375,746.3499755859375,-0.1,0.0,sl
INDIAMART,2026-06-04,2026-06-04 11:40:00+05:30,1998.800048828125,1994.2857666015625,-0.23550976935014112,-4.51,sl
INDIAMART,2026-06-05,2026-06-05 10:00:00+05:30,2007.5999755859373,2001.6285487583702,-0.2784646413683347,-5.97,sl
INDIAMART,2026-06-12,2026-06-12 11:30:00+05:30,2013.5,2010.0785696847097,-0.20195471513157118,-3.42,sl
INDIAMART,2026-06-16,2026-06-16 09:20:00+05:30,2083.39990234375,2095.9570661272323,0.2616347616035494,12.56,tp
INDIAMART,2026-07-07,2026-07-07 10:35:00+05:30,1932.0,1944.585693359375,0.29086004221661493,12.59,tp
INDIAMART,2026-07-13,2026-07-13 10:50:00+05:30,1949.9000244140625,1944.5714285714284,-0.2639652015769972,-5.33,sl
INDIAMART,2026-07-15,2026-07-15 11:05:00+05:30,1940.9000244140625,1935.3071725027903,-0.27289459037316305,-5.59,sl
INDIAMART,2026-07-16,2026-07-16 09:30:00+05:30,1978.0,1967.8214111328125,-0.40875395957090493,-10.18,sl
INDIAMART,2026-08-10,2026-08-10 11:15:00+05:30,1804.0,1804.0,-0.1,0.0,sl
INDIANB,2026-06-03,2026-06-03 12:20:00+05:30,831.4500122070312,835.0857195172991,0.1623638648305845,3.64,tp
INDIANB,2026-06-05,2026-06-05 11:05:00+05:30,855.0,850.8499930245536,-0.3912285596804522,-4.15,sl
INDIANB,2026-06-09,2026-06-09 10:50:00+05:30,858.9000244140625,863.9643118722098,0.2537748735030346,5.06,tp
INDIANB,2026-06-17,2026-06-17 09:40:00+05:30,859.5,857.6357029506138,-0.2301429004807127,-1.86,sl
INDIANB,2026-06-24,2026-06-24 11:45:00+05:30,853.0,851.0357055664062,-0.2381684244028429,-1.96,sl
INDIANB,2026-07-10,2026-07-10 12:35:00+05:30,822.0499877929688,828.4357125418527,0.36608295191597323,6.39,tp
INDIANB,2026-07-20,2026-07-20 11:00:00+05:30,852.2000122070312,849.4392874581473,-0.29437160591449946,-2.76,sl
INDIANB,2026-08-03,2026-08-03 09:40:00+05:30,849.1500244140625,849.1500244140625,-0.1,0.0,sl
INDIANB,2026-08-05,2026-08-05 09:20:00+05:30,856.4000244140625,860.3929007393973,0.1797437794142996,3.99,tp
INDIANB,2026-08-13,2026-08-13 12:45:00+05:30,897.0999755859375,895.6713954380581,-0.1955465513381389,-1.43,sl
INDIGO,2026-06-09,2026-06-09 11:40:00+05:30,4475.7998046875,4496.314104352678,0.17500291202069188,20.51,tp
INDIGO,2026-06-12,2026-06-12 09:35:00+05:30,4677.0,4652.514369419643,-0.4141196995555726,-24.49,sl
INDIGO,2026-06-18,2026-06-18 11:35:00+05:30,4919.7001953125,4912.77165876116,-0.18449949724100503,-6.93,sl
INDIGO,2026-06-22,2026-06-22 11:45:00+05:30,5039.0,5047.60009765625,0.0024024328983925265,8.6,time
INDIGO,2026-06-24,2026-06-24 10:20:00+05:30,5063.89990234375,5063.89990234375,-0.1,0.0,sl
INDIGO,2026-06-25,2026-06-25 09:20:00+05:30,5347.5,5399.814243861607,0.4869760882087728,52.31,tp
INDIGO,2026-07-16,2026-07-16 11:20:00+05:30,5209.5,5209.5,-0.1,0.0,sl
INDIGO,2026-07-21,2026-07-21 09:25:00+05:30,5293.0,5279.892857142857,-0.2485789857223856,-13.11,sl
INDIGO,2026-07-27,2026-07-27 11:25:00+05:30,5214.0,5216.0,-0.07698504027617951,2.0,time
INDIGO,2026-08-13,2026-08-13 11:40:00+05:30,5315.0,5326.928571428572,0.03465931998387459,11.93,tp
INDUSINDBK,2026-06-15,2026-06-15 10:45:00+05:30,944.5499877929688,942.0357099260602,-0.2597127457139689,-2.51,sl
INDUSINDBK,2026-06-17,2026-06-17 11:35:00+05:30,932.1500244140624,930.4500296456472,-0.20942410924574872,-1.7,sl
INDUSINDBK,2026-06-19,2026-06-19 11:55:00+05:30,942.7999877929688,940.8749912806919,-0.22250720431911258,-1.92,sl
INDUSINDBK,2026-06-24,2026-06-24 12:55:00+05:30,928.7000122070312,926.9178684779577,-0.2151379588014677,-1.78,sl
INDUSINDBK,2026-06-30,2026-06-30 12:45:00+05:30,931.9000244140624,930.1643022809709,-0.21175375604370206,-1.74,sl
INDUSINDBK,2026-07-03,2026-07-03 09:40:00+05:30,954.3499755859376,954.3499755859376,-0.1,0.0,sl
INDUSINDBK,2026-07-07,2026-07-07 10:15:00+05:30,1020.4000244140624,1016.6428789411272,-0.3209219158981896,-3.76,sl
INDUSINDBK,2026-07-15,2026-07-15 10:55:00+05:30,1022.0,1020.1178676060267,-0.2104970094309166,-1.88,sl
INDUSINDBK,2026-07-17,2026-07-17 09:40:00+05:30,1023.0,1020.0928606305804,-0.2705067078838481,-2.91,sl
INDUSINDBK,2026-07-21,2026-07-21 09:30:00+05:30,1054.0,1050.4214564732142,-0.3037121552249969,-3.58,sl
INDUSINDBK,2026-08-13,2026-08-13 12:00:00+05:30,1019.5999755859376,1018.6285443987167,-0.1571654301970326,-0.97,sl
INDUSTOWER,2026-06-11,2026-06-11 11:25:00+05:30,417.3999938964844,417.3999938964844,-0.1,0.0,sl
INDUSTOWER,2026-06-17,2026-06-17 09:55:00+05:30,413.9500122070313,412.4678693498885,-0.3148292518568488,-1.48,sl
INDUSTOWER,2026-07-16,2026-07-16 11:05:00+05:30,412.2000122070313,413.73572649274564,0.12353919071836526,1.54,tp
INDUSTOWER,2026-07-20,2026-07-20 11:00:00+05:30,407.3500061035156,406.6321520124163,-0.20573522725077023,-0.72,sl
INDUSTOWER,2026-07-30,2026-07-30 09:25:00+05:30,393.0,391.82857404436385,-0.27884365734903094,-1.17,sl
INDUSTOWER,2026-08-05,2026-08-05 09:35:00+05:30,391.6000061035156,391.6000061035156,-0.1,0.0,sl
INDUSTOWER,2026-08-12,2026-08-12 12:45:00+05:30,375.8999938964844,377.5928431919643,0.17020739392926096,1.69,tp
INFY,2026-06-02,2026-06-02 09:40:00+05:30,1255.199951171875,1270.371337890625,0.6252097183999608,15.17,tp
INFY,2026-06-15,2026-06-15 10:55:00+05:30,1146.0999755859375,1142.949959891183,-0.2649079013274091,-3.15,sl
INFY,2026-07-07,2026-07-07 09:40:00+05:30,1069.199951171875,1069.199951171875,-0.1,0.0,sl
INFY,2026-07-13,2026-07-13 11:10:00+05:30,1084.9000244140625,1091.4571881975446,0.26264155051652055,6.56,tp
INFY,2026-07-28,2026-07-28 09:30:00+05:30,1110.4000244140625,1110.4000244140625,-0.1,0.0,sl
INFY,2026-08-10,2026-08-10 09:55:00+05:30,1189.0,1185.22855922154,-0.29031660782808677,-3.77,sl
INFY,2026-08-11,2026-08-11 09:30:00+05:30,1193.300048828125,1190.8214460100446,-0.22462596413271702,-2.48,sl
IOC,2026-06-09,2026-06-09 11:45:00+05:30,136.94000244140625,137.2914276123047,0.053976266087247204,0.35,tp
IOC,2026-06-12,2026-06-12 09:20:00+05:30,138.2899932861328,137.75713457380022,-0.3311918742652931,-0.53,sl
IOC,2026-07-02,2026-07-02 09:40:00+05:30,143.41000366210938,142.83214460100447,-0.34176516826527903,-0.58,sl
IOC,2026-07-06,2026-07-06 10:15:00+05:30,142.52999877929688,143.1742880684989,0.17122260354454183,0.64,tp
IOC,2026-07-15,2026-07-15 11:45:00+05:30,139.92999267578125,139.92999267578125,-0.1,0.0,sl
IOC,2026-07-16,2026-07-16 09:35:00+05:30,142.27999877929688,142.27999877929688,-0.1,0.0,sl
IOC,2026-07-30,2026-07-30 09:35:00+05:30,140.67999267578125,140.4064211164202,-0.21667823724935767,-0.27,sl
IOC,2026-08-12,2026-08-12 09:20:00+05:30,141.77000427246094,141.38143266950334,-0.2644515445781409,-0.39,sl
IRCTC,2026-06-04,2026-06-04 09:40:00+05:30,525.9500122070312,523.8321533203125,-0.3416038221387196,-2.12,sl
IRCTC,2026-06-22,2026-06-22 12:00:00+05:30,523.7000122070312,524.971418108259,0.045664220537586384,1.27,tp
IRCTC,2026-07-03,2026-07-03 09:20:00+05:30,513.5999755859375,512.2928336007254,-0.2527035102041223,-1.31,sl
IRCTC,2026-07-15,2026-07-15 12:15:00+05:30,502.3999938964844,501.68213544573103,-0.18573150391812096,-0.72,sl
IRCTC,2026-07-29,2026-07-29 12:20:00+05:30,495.5499877929688,494.89999171665744,-0.1786999607292401,-0.65,sl
IRCTC,2026-08-03,2026-08-03 11:05:00+05:30,505.7000122070313,504.68929617745545,-0.2199188457795106,-1.01,sl
IRCTC,2026-08-06,2026-08-06 09:40:00+05:30,512.8499755859375,512.8499755859375,-0.1,0.0,sl
IRCTC,2026-08-10,2026-08-10 11:15:00+05:30,525.7999877929688,524.5071236746652,-0.24753109337985918,-1.29,sl
ITC,2026-06-08,2026-06-08 11:15:00+05:30,282.1000061035156,282.914297921317,0.07319215884792553,0.81,tp
ITC,2026-06-10,2026-06-10 11:05:00+05:30,283.95001220703125,284.7643040248326,0.07206376815528454,0.81,tp
ITC,2026-06-15,2026-06-15 12:00:00+05:30,288.1000061035156,287.7857208251953,-0.16545337139785865,-0.31,sl
ITC,2026-06-16,2026-06-16 10:20:00+05:30,290.29998779296875,289.82141767229353,-0.19891218893536713,-0.48,sl
ITC,2026-07-16,2026-07-16 12:25:00+05:30,279.0,279.65714372907365,0.04132123205885002,0.66,tp
ITC,2026-07-20,2026-07-20 10:55:00+05:30,283.70001220703125,283.2178693498884,-0.20196887622077092,-0.48,sl
ITC,2026-07-24,2026-07-24 11:05:00+05:30,282.6499938964844,282.1499938964844,-0.20613833592010256,-0.5,sl
ITC,2026-07-29,2026-07-29 09:30:00+05:30,287.95001220703125,287.95001220703125,-0.1,0.0,sl
ITC,2026-08-03,2026-08-03 09:25:00+05:30,290.45001220703125,290.45001220703125,-0.1,0.0,sl
JINDALSTEL,2026-06-08,2026-06-08 12:50:00+05:30,1178.4000244140625,1178.4000244140625,-0.1,0.0,sl
JINDALSTEL,2026-07-03,2026-07-03 09:40:00+05:30,1071.5999755859375,1067.2857055664062,-0.3415604769217503,-4.31,sl
JINDALSTEL,2026-07-06,2026-07-06 11:20:00+05:30,1065.199951171875,1062.8570905412946,-0.2319673716471486,-2.34,sl
JINDALSTEL,2026-07-10,2026-07-10 09:45:00+05:30,1059.5999755859375,1059.5999755859375,-0.1,0.0,sl
JINDALSTEL,2026-07-14,2026-07-14 10:25:00+05:30,1045.9000244140625,1042.5,-0.29504872366556867,-3.4,time
JINDALSTEL,2026-07-21,2026-07-21 11:50:00+05:30,1040.9000244140625,1043.8857247488838,0.07210300306229839,2.99,tp
JINDALSTEL,2026-07-27,2026-07-27 10:15:00+05:30,1065.9000244140625,1060.2928902762276,-0.4156281457588234,-5.61,sl
JINDALSTEL,2026-07-31,2026-07-31 09:15:00+05:30,1106.199951171875,1103.4285191127233,-0.25032175997923783,-2.77,sl
JINDALSTEL,2026-08-04,2026-08-04 11:00:00+05:30,1120.699951171875,1118.0856672014509,-0.23996345592897428,-2.61,sl
JINDALSTEL,2026-08-10,2026-08-10 11:05:00+05:30,1119.699951171875,1119.699951171875,-0.1,0.0,sl
JINDALSTEL,2026-08-20,2026-08-20 10:25:00+05:30,1129.300048828125,1134.8143310546875,0.19297522295963798,5.51,tp
JSWSTEEL,2026-06-02,2026-06-02 12:45:00+05:30,1310.199951171875,1307.999965122768,-0.20074734228799457,-2.2,sl
JSWSTEEL,2026-06-10,2026-06-10 10:55:00+05:30,1276.0,1283.6571568080358,0.260054395362184,7.66,tp
JSWSTEEL,2026-06-11,2026-06-11 12:55:00+05:30,1289.300048828125,1289.300048828125,-0.1,0.0,sl
JSWSTEEL,2026-06-22,2026-06-22 11:35:00+05:30,1294.9000244140625,1294.9000244140625,-0.1,0.0,sl
JSWSTEEL,2026-07-21,2026-07-21 10:20:00+05:30,1270.800048828125,1267.5428989955358,-0.25378421659297945,-3.26,sl
JSWSTEEL,2026-08-20,2026-08-20 10:30:00+05:30,1308.699951171875,1304.3785226004463,-0.29812464580100484,-4.32,sl
JUBLFOOD,2026-06-02,2026-06-02 12:55:00+05:30,428.2000122070313,430.46429007393976,0.21727386301152612,2.26,tp
JUBLFOOD,2026-06-10,2026-06-10 11:00:00+05:30,426.3500061035156,425.05000741141185,-0.28294809524944214,-1.3,sl
JUBLFOOD,2026-06-22,2026-06-22 09:55:00+05:30,426.0,424.31785365513394,-0.33692202040366975,-1.68,sl
JUBLFOOD,2026-07-02,2026-07-02 09:20:00+05:30,428.7999877929688,428.7999877929688,-0.1,0.0,sl
JUBLFOOD,2026-07-06,2026-07-06 11:20:00+05:30,434.2999877929688,437.31427001953125,0.31643319980925544,3.01,tp
JUBLFOOD,2026-07-27,2026-07-27 11:50:00+05:30,426.25,426.25,-0.1,0.0,sl
JUBLFOOD,2026-07-29,2026-07-29 12:25:00+05:30,440.0,441.2000122070313,0.06363802823154184,1.2,time
JUBLFOOD,2026-08-03,2026-08-03 10:35:00+05:30,463.4500122070313,463.4500122070313,-0.1,0.0,sl
JUBLFOOD,2026-08-10,2026-08-10 12:25:00+05:30,496.5,496.5,-0.1,0.0,sl
JUBLFOOD,2026-08-14,2026-08-14 09:20:00+05:30,519.5,509.6821398053851,-1.233920330465631,-9.82,sl
JUBLFOOD,2026-08-20,2026-08-20 11:20:00+05:30,505.9500122070313,508.2500130789621,0.1727543215462568,2.3,tp
KALYANKJIL,2026-06-05,2026-06-05 11:15:00+05:30,370.2000122070313,368.80357796805254,-0.32632644942180483,-1.4,sl
KALYANKJIL,2026-06-12,2026-06-12 11:10:00+05:30,340.79998779296875,339.5357012067522,-0.32258567456016085,-1.26,sl
KALYANKJIL,2026-06-15,2026-06-15 09:30:00+05:30,361.25,365.60714285714283,0.6236777063766643,4.36,tp
KALYANKJIL,2026-06-30,2026-06-30 10:55:00+05:30,386.3999938964844,386.3999938964844,-0.1,0.0,sl
KALYANKJIL,2026-07-03,2026-07-03 10:30:00+05:30,395.0,393.8321402413505,-0.27739641903536905,-1.17,sl
KALYANKJIL,2026-07-08,2026-07-08 09:45:00+05:30,373.7999877929688,373.7999877929688,-0.1,0.0,sl
KALYANKJIL,2026-07-09,2026-07-09 11:00:00+05:30,430.25,430.25,-0.1,0.0,sl
KALYANKJIL,2026-07-13,2026-07-13 09:25:00+05:30,494.7000122070313,502.9857221330916,0.9049375041364747,8.29,tp
KALYANKJIL,2026-07-15,2026-07-15 11:50:00+05:30,547.5499877929688,545.4356994628906,-0.3316816777149721,-2.11,sl
KALYANKJIL,2026-07-17,2026-07-17 09:35:00+05:30,561.3499755859375,557.4785548618862,-0.5137975479568123,-3.87,sl
KALYANKJIL,2026-07-28,2026-07-28 11:55:00+05:30,584.25,584.25,-0.1,0.0,sl
KALYANKJIL,2026-08-07,2026-08-07 09:20:00+05:30,620.3499755859375,620.3499755859375,-0.1,0.0,sl
KALYANKJIL,2026-08-11,2026-08-11 12:45:00+05:30,607.0,607.0,-0.1,0.0,sl
KALYANKJIL,2026-08-13,2026-08-13 12:10:00+05:30,617.3499755859375,614.3571123395648,-0.3908751954058627,-2.99,sl
KALYANKJIL,2026-08-20,2026-08-20 11:05:00+05:30,600.6500244140625,599.0928737095425,-0.2555465553544978,-1.56,sl
KAYNES,2026-06-04,2026-06-04 11:30:00+05:30,3222.0,3238.314278738839,0.20380407334896128,16.31,tp
KAYNES,2026-06-15,2026-06-15 10:30:00+05:30,3165.0,3155.4786376953125,-0.2804997593305687,-9.52,sl
KAYNES,2026-06-18,2026-06-18 10:50:00+05:30,3358.10009765625,3343.321550641741,-0.36405193266556146,-14.78,sl
KAYNES,2026-06-25,2026-06-25 10:25:00+05:30,3317.0,3357.871407645089,0.6393079465496995,40.87,tp
KAYNES,2026-07-02,2026-07-02 12:55:00+05:30,3170.0,3170.0,-0.1,0.0,sl
KAYNES,2026-07-03,2026-07-03 09:30:00+05:30,3222.800048828125,3248.8857770647323,0.38564716100384755,26.09,tp
KAYNES,2026-07-06,2026-07-06 11:05:00+05:30,3392.89990234375,3378.5141950334823,-0.3543966705353782,-14.39,sl
KAYNES,2026-07-16,2026-07-16 09:15:00+05:30,3443.0,3429.107160295759,-0.3421058327779426,-13.89,sl
KAYNES,2026-07-29,2026-07-29 09:55:00+05:30,3376.0,3422.3000139508927,0.7228675465206041,46.3,tp
KAYNES,2026-07-31,2026-07-31 09:40:00+05:30,3711.300048828125,3686.635811941964,-0.4987428107940029,-24.66,sl
KAYNES,2026-08-03,2026-08-03 11:55:00+05:30,3845.0,3845.0,-0.1,0.0,sl
KAYNES,2026-08-05,2026-08-05 09:40:00+05:30,3938.800048828125,3938.800048828125,-0.1,0.0,sl
KAYNES,2026-08-07,2026-08-07 12:45:00+05:30,3869.0,3869.0,-0.1,0.0,sl
KAYNES,2026-08-19,2026-08-19 09:55:00+05:30,3768.199951171875,3750.2571323939733,-0.385698514044962,-17.94,sl
KEI,2026-06-05,2026-06-05 12:25:00+05:30,5388.0,5378.571428571428,-0.204995227489661,-9.43,sl
KEI,2026-06-12,2026-06-12 12:25:00+05:30,5293.5,5283.75,-0.21051289317086994,-9.75,sl
KEI,2026-06-15,2026-06-15 11:15:00+05:30,5488.0,5509.214285714285,0.1319346105789212,21.21,tp
KEI,2026-06-17,2026-06-17 09:25:00+05:30,5467.0,5499.357142857143,0.25511771930283283,32.36,tp
KEI,2026-07-02,2026-07-02 12:00:00+05:30,5282.0,5268.285714285715,-0.2557851463190306,-13.71,sl
KEI,2026-07-13,2026-07-13 09:30:00+05:30,5178.5,5215.071428571428,0.3237299824825155,36.57,tp
KEI,2026-07-22,2026-07-22 10:05:00+05:30,5008.0,5043.642857142857,0.327031036056592,35.64,tp
KEI,2026-07-31,2026-07-31 09:45:00+05:30,4953.5,4926.571428571428,-0.42617629670218904,-26.93,sl
KEI,2026-08-04,2026-08-04 09:15:00+05:30,5305.89990234375,5305.89990234375,-0.1,0.0,sl
KEI,2026-08-10,2026-08-10 10:50:00+05:30,5653.2998046875,5630.042724609375,-0.34683368172522305,-23.26,sl
KEI,2026-08-13,2026-08-13 09:40:00+05:30,5818.89990234375,5797.749965122768,-0.3180818117781651,-21.15,sl
KEI,2026-08-17,2026-08-17 09:35:00+05:30,5796.10009765625,5796.10009765625,-0.1,0.0,sl
LICI,2026-06-09,2026-06-09 11:10:00+05:30,400.3500061035156,399.62500435965404,-0.20865518663298696,-0.73,sl
LICI,2026-06-12,2026-06-12 11:35:00+05:30,397.0,396.52142551967074,-0.17232863682558044,-0.48,sl
LICI,2026-06-15,2026-06-15 09:20:00+05:30,409.3999938964844,408.03570556640625,-0.29994455550818816,-1.36,sl
LICI,2026-06-17,2026-06-17 10:20:00+05:30,414.2000122070313,413.0321568080358,-0.26917267473354783,-1.17,sl
LICI,2026-06-18,2026-06-18 09:20:00+05:30,423.1499938964844,425.2142813546317,0.19270294050657044,2.06,tp
LICI,2026-06-19,2026-06-19 09:40:00+05:30,440.2999877929688,440.2999877929688,-0.1,0.0,sl
LICI,2026-06-23,2026-06-23 11:05:00+05:30,447.25,447.25,-0.1,0.0,sl
LICI,2026-07-01,2026-07-01 10:55:00+05:30,438.7000122070313,437.68215288434715,-0.2392102978383978,-1.02,sl
LICI,2026-07-07,2026-07-07 09:35:00+05:30,434.5,434.5,-0.1,0.0,sl
LICI,2026-07-08,2026-07-08 10:10:00+05:30,440.25,438.6285705566406,-0.3209784590609029,-1.62,sl
LICI,2026-07-09,2026-07-09 11:30:00+05:30,436.0,437.85714285714283,0.1555701179554357,1.86,tp
LICI,2026-07-10,2026-07-10 12:40:00+05:30,441.7000122070313,441.12858363560275,-0.17762217192251986,-0.57,sl
LICI,2026-07-15,2026-07-15 09:50:00+05:30,446.3500061035156,444.096433367048,-0.4029334879334553,-2.25,sl
LICI,2026-07-16,2026-07-16 12:05:00+05:30,440.25,439.52499825613836,-0.1988077334053342,-0.73,sl
LICI,2026-07-24,2026-07-24 12:25:00+05:30,422.7999877929688,421.97141592843195,-0.2175835224871263,-0.83,sl
LICI,2026-07-27,2026-07-27 09:25:00+05:30,426.6499938964844,425.528564453125,-0.2577071781650785,-1.12,sl
LICI,2026-08-03,2026-08-03 09:30:00+05:30,430.7000122070313,429.5285797119141,-0.2631900341652319,-1.17,sl
LICI,2026-08-10,2026-08-10 10:45:00+05:30,396.0499877929688,395.48927743094316,-0.18494539264857918,-0.56,sl
LICI,2026-08-11,2026-08-11 09:20:00+05:30,402.6000061035156,404.8285871233259,0.23212831386355484,2.23,tp
LICI,2026-08-12,2026-08-12 10:35:00+05:30,411.6000061035156,410.1750052315848,-0.3077260715451649,-1.43,sl
LICI,2026-08-17,2026-08-17 12:05:00+05:30,414.3500061035156,413.95715114048545,-0.15688740783057148,-0.39,sl
LICI,2026-08-19,2026-08-19 09:20:00+05:30,412.0,412.0,-0.1,0.0,sl
LICI,2026-08-20,2026-08-20 10:10:00+05:30,418.8999938964844,418.8999938964844,-0.1,0.0,sl
LT,2026-06-23,2026-06-23 10:00:00+05:30,4226.0,4226.0,-0.1,0.0,sl
LT,2026-06-25,2026-06-25 10:35:00+05:30,4232.0,4244.285574776785,0.07418111687313785,12.29,tp
LT,2026-08-03,2026-08-03 11:50:00+05:30,3999.60009765625,3994.6143624441966,-0.17479350570535884,-4.99,sl
LT,2026-08-04,2026-08-04 09:35:00+05:30,4031.39990234375,4020.614188058036,-0.26052559230519934,-10.79,sl
LT,2026-08-18,2026-08-18 11:40:00+05:30,4072.10009765625,4080.328683035714,0.021243366058711903,8.23,tp
LT,2026-08-20,2026-08-20 11:55:00+05:30,4080.0,4074.7285679408483,-0.17752105969340765,-5.27,sl
LTF,2026-06-05,2026-06-05 10:00:00+05:30,273.3500061035156,275.48571341378346,0.36878520488323446,2.14,tp
LTF,2026-06-12,2026-06-12 10:50:00+05:30,267.0,267.0,-0.1,0.0,sl
LTF,2026-06-24,2026-06-24 10:50:00+05:30,290.3999938964844,291.99998692103793,0.23057707813669306,1.6,tp
LTF,2026-06-30,2026-06-30 11:55:00+05:30,306.3500061035156,305.596435546875,-0.24759011750487644,-0.75,sl
LTF,2026-07-01,2026-07-01 11:35:00+05:30,315.29998779296875,314.5142735072545,-0.24951747214722841,-0.79,sl
LTF,2026-07-03,2026-07-03 09:45:00+05:30,325.8500061035156,324.17857578822543,-0.4077668161391809,-1.67,sl
LTF,2026-07-06,2026-07-06 11:30:00+05:30,330.29998779296875,329.21427481515065,-0.2972230731958659,-1.09,sl
LTF,2026-07-10,2026-07-10 09:40:00+05:30,328.5,326.8035627092634,-0.40985155995188727,-1.7,sl
LTF,2026-07-23,2026-07-23 09:20:00+05:30,309.20001220703125,308.27501787458147,-0.2794943653166034,-0.92,sl
LTF,2026-07-27,2026-07-27 09:25:00+05:30,309.3999938964844,311.6857169015067,0.3432559243915894,2.29,tp
LTF,2026-07-31,2026-07-31 09:20:00+05:30,311.95001220703125,311.95001220703125,-0.1,0.0,sl
LTF,2026-08-03,2026-08-03 09:20:00+05:30,320.3999938964844,322.64998953683033,0.32134750621865965,2.25,tp
LTF,2026-08-10,2026-08-10 12:25:00+05:30,314.6000061035156,314.20357622419084,-0.17560645994285407,-0.4,sl
LTF,2026-08-18,2026-08-18 12:25:00+05:30,319.1000061035156,318.1321541922433,-0.28198406006140947,-0.97,sl
LTM,2026-06-01,2026-06-01 11:10:00+05:30,4228.0,4249.442940848215,0.2042990659633114,21.44,tp
LTM,2026-06-04,2026-06-04 12:45:00+05:30,4065.0,4079.51416015625,0.11423114621771217,14.51,tp
LTM,2026-06-15,2026-06-15 10:55:00+05:30,3955.300048828125,3944.321515764509,-0.2665390680062615,-10.98,sl
LTM,2026-07-03,2026-07-03 11:00:00+05:30,3764.60009765625,3786.7001604352677,0.2522296478626237,22.1,tp
LTM,2026-07-07,2026-07-07 12:15:00+05:30,3879.800048828125,3868.1000627790177,-0.28093694368566124,-11.7,sl
LTM,2026-07-09,2026-07-09 11:40:00+05:30,3856.39990234375,3856.39990234375,-0.1,0.0,sl
LTM,2026-07-13,2026-07-13 10:45:00+05:30,4083.89990234375,4062.085606166295,-0.42049212809945624,-21.81,sl
LTM,2026-07-24,2026-07-24 12:20:00+05:30,4013.39990234375,4037.51416015625,0.26050618028496575,24.11,tp
LTM,2026-07-28,2026-07-28 09:20:00+05:30,4314.10009765625,4346.971400669643,0.35717024087481875,32.87,tp
LTM,2026-08-03,2026-08-03 11:10:00+05:30,4459.0,4459.0,-0.1,0.0,sl
LTM,2026-08-07,2026-08-07 09:20:00+05:30,4621.7998046875,4668.485560825893,0.506072414790148,46.69,tp
LTM,2026-08-10,2026-08-10 09:50:00+05:30,4759.7001953125,4790.60009765625,0.2895191008985966,30.9,time
LTM,2026-08-13,2026-08-13 11:50:00+05:30,4765.89990234375,4765.89990234375,-0.1,0.0,sl
LUPIN,2026-06-05,2026-06-05 09:20:00+05:30,2302.60009765625,2295.4929547991073,-0.2851943686889482,-7.11,sl
LUPIN,2026-06-09,2026-06-09 11:45:00+05:30,2265.10009765625,2262.228672572545,-0.17606087925234626,-2.87,sl
LUPIN,2026-06-12,2026-06-12 12:10:00+05:30,2288.0,2288.0,-0.1,0.0,sl
LUPIN,2026-06-19,2026-06-19 12:20:00+05:30,2343.699951171875,2351.685616629464,0.10443740130462441,7.99,tp
LUPIN,2026-06-30,2026-06-30 11:10:00+05:30,2410.5,2421.0000348772323,0.16135743316073023,10.5,tp
LUPIN,2026-07-07,2026-07-07 09:20:00+05:30,2509.60009765625,2504.378662109375,-0.22483508153553317,-5.22,sl
LUPIN,2026-07-16,2026-07-16 10:30:00+05:30,2528.89990234375,2523.278494698661,-0.2333720082763112,-5.62,sl
LUPIN,2026-07-20,2026-07-20 12:10:00+05:30,2480.39990234375,2480.39990234375,-0.1,0.0,sl
LUPIN,2026-07-21,2026-07-21 12:30:00+05:30,2513.300048828125,2520.9286063058034,0.08211651604197608,7.63,tp
LUPIN,2026-07-27,2026-07-27 09:25:00+05:30,2429.60009765625,2420.864414760045,-0.31573137664833406,-8.74,sl
LUPIN,2026-07-29,2026-07-29 12:50:00+05:30,2459.300048828125,2454.6500418526784,-0.21344708371788118,-4.65,sl
M&M,2026-06-04,2026-06-04 10:00:00+05:30,3045.39990234375,3045.39990234375,-0.1,0.0,sl
M&M,2026-06-11,2026-06-11 12:10:00+05:30,3000.0,2992.750017438616,-0.24499965122768116,-7.25,sl
M&M,2026-06-15,2026-06-15 11:50:00+05:30,3159.10009765625,3153.242989676339,-0.211242590589444,-5.86,sl
M&M,2026-06-24,2026-06-24 11:05:00+05:30,3065.199951171875,3059.335675920759,-0.21479072186871076,-5.86,sl
M&M,2026-06-25,2026-06-25 09:20:00+05:30,3143.89990234375,3143.89990234375,-0.1,0.0,sl
M&M,2026-06-30,2026-06-30 11:20:00+05:30,3121.89990234375,3115.9499162946427,-0.2143531740650701,-5.95,sl
M&M,2026-07-27,2026-07-27 11:55:00+05:30,3225.5,3218.7714320591517,-0.22516325420892783,-6.73,sl
M&M,2026-07-31,2026-07-31 09:30:00+05:30,3370.199951171875,3347.035661969866,-0.5123961106928587,-23.16,sl
M&M,2026-08-07,2026-08-07 11:25:00+05:30,3464.300048828125,3479.8999372209823,0.17018251605777054,15.6,tp
M&M,2026-08-14,2026-08-14 12:00:00+05:30,3410.0,3405.96426827567,-0.17100994236358058,-4.04,sl
M&M,2026-08-20,2026-08-20 12:45:00+05:30,3455.800048828125,3451.814383370536,-0.1691995844888209,-3.99,sl
M&MFIN,2026-06-04,2026-06-04 10:55:00+05:30,293.0,292.2464294433594,-0.2543147897557594,-0.75,sl
M&MFIN,2026-06-24,2026-06-24 11:00:00+05:30,294.1499938964844,295.6356985909598,0.20305042841475043,1.49,tp
M&MFIN,2026-06-30,2026-06-30 12:30:00+05:30,321.3999938964844,320.2928488595145,-0.30668544953236093,-1.11,sl
M&MFIN,2026-07-03,2026-07-03 09:45:00+05:30,330.3500061035156,331.95001220703125,0.19060198104205772,1.6,time
M&MFIN,2026-07-09,2026-07-09 10:50:00+05:30,337.29998779296875,339.3142743791853,0.2583077365753521,2.01,tp
M&MFIN,2026-07-10,2026-07-10 09:20:00+05:30,345.25,344.01428658621654,-0.3147510639449891,-1.24,sl
M&MFIN,2026-07-15,2026-07-15 09:25:00+05:30,331.1499938964844,331.1499938964844,-0.1,0.0,sl
M&MFIN,2026-07-22,2026-07-22 10:40:00+05:30,384.0,381.33928353445873,-0.5157369477408235,-2.66,sl
M&MFIN,2026-07-28,2026-07-28 12:25:00+05:30,375.0,373.1857169015067,-0.3902852957589311,-1.81,sl
M&MFIN,2026-07-29,2026-07-29 11:15:00+05:30,381.0,383.65714808872775,0.31844851790988216,2.66,tp
M&MFIN,2026-08-03,2026-08-03 11:10:00+05:30,396.0,396.0,-0.1,0.0,sl
M&MFIN,2026-08-10,2026-08-10 10:35:00+05:30,414.1499938964844,412.0749969482422,-0.40061528124916407,-2.07,sl
MANAPPURAM,2026-06-09,2026-06-09 11:55:00+05:30,305.0,304.3535723005022,-0.2271661048192378,-0.65,sl
MANAPPURAM,2026-06-15,2026-06-15 12:45:00+05:30,319.0,318.24642508370533,-0.24173822877015683,-0.75,sl
MANAPPURAM,2026-07-03,2026-07-03 09:20:00+05:30,332.95001220703125,331.6214381626674,-0.33941865066598553,-1.33,sl
MANAPPURAM,2026-07-06,2026-07-06 10:20:00+05:30,335.8999938964844,339.8285653250558,0.6017394760266881,3.93,tp
MANAPPURAM,2026-07-08,2026-07-08 11:35:00+05:30,344.54998779296875,343.7964194161551,-0.23122653957540099,-0.75,sl
MANAPPURAM,2026-07-20,2026-07-20 12:20:00+05:30,332.1499938964844,332.1499938964844,-0.1,0.0,sl
MANAPPURAM,2026-07-28,2026-07-28 12:40:00+05:30,362.3999938964844,361.00713893345426,-0.33060513021332527,-1.39,sl
MANAPPURAM,2026-07-29,2026-07-29 09:35:00+05:30,367.2999877929688,365.7249864850726,-0.35728309723505736,-1.58,sl
MARICO,2026-06-10,2026-06-10 09:40:00+05:30,831.5499877929688,828.835693359375,-0.2958483174870441,-2.71,sl
MARICO,2026-06-29,2026-06-29 09:50:00+05:30,838.7999877929688,838.7999877929688,-0.1,0.0,sl
MARICO,2026-07-07,2026-07-07 12:20:00+05:30,843.2000122070312,843.2000122070312,-0.1,0.0,sl
MARICO,2026-07-09,2026-07-09 12:05:00+05:30,859.9000244140625,858.1393083844866,-0.2228549351961432,-1.76,sl
MARICO,2026-08-06,2026-08-06 11:35:00+05:30,858.4000244140625,857.0428815569196,-0.19486086802496996,-1.36,sl
MARICO,2026-08-14,2026-08-14 12:50:00+05:30,864.7000122070312,863.6607273646763,-0.17211413167687997,-1.04,sl
MARUTI,2026-06-02,2026-06-02 12:55:00+05:30,13010.0,12973.285714285714,-0.26932030306357985,-36.71,sl
MARUTI,2026-06-04,2026-06-04 12:00:00+05:30,13248.0,13221.07142857143,-0.22195910973084534,-26.93,sl
MARUTI,2026-06-10,2026-06-10 11:00:00+05:30,13175.0,13152.714285714286,-0.20149091894822208,-22.29,sl
MARUTI,2026-06-22,2026-06-22 11:30:00+05:30,13476.0,13458.285714285714,-0.17887037272611858,-17.71,sl
MARUTI,2026-06-25,2026-06-25 09:20:00+05:30,13546.0,13641.714285714286,0.3239522473687564,95.71,tp
MARUTI,2026-06-30,2026-06-30 11:20:00+05:30,14013.0,14013.0,-0.1,0.0,sl
MARUTI,2026-07-06,2026-07-06 11:05:00+05:30,14517.0,14489.5,-0.2136598470758421,-27.5,sl
MARUTI,2026-07-28,2026-07-28 11:55:00+05:30,13775.0,13756.857142857143,-0.1790251490795944,-18.14,sl
MARUTI,2026-08-11,2026-08-11 11:50:00+05:30,14141.0,14127.214285714286,-0.15849252932202998,-13.79,sl
MARUTI,2026-08-20,2026-08-20 12:10:00+05:30,13784.0,13820.285714285714,0.057947102230326904,36.29,tp
MAXHEALTH,2026-06-03,2026-06-03 11:25:00+05:30,960.9000244140624,958.4250226702007,-0.25454272125994665,-2.48,sl
MAXHEALTH,2026-06-05,2026-06-05 12:15:00+05:30,972.5,970.4785897391182,-0.22471425774077905,-2.02,sl
MAXHEALTH,2026-06-08,2026-06-08 09:55:00+05:30,989.25,997.0214407784598,0.37135349679816865,7.77,tp
MAXHEALTH,2026-06-15,2026-06-15 10:40:00+05:30,1030.75,1027.9393005371094,-0.26361093162593985,-2.81,sl
MAXHEALTH,2026-06-18,2026-06-18 09:30:00+05:30,1042.75,1050.1285661969866,0.3245638665252442,7.38,tp
MAXHEALTH,2026-06-25,2026-06-25 09:50:00+05:30,1096.5,1103.8713902064733,0.303359245224256,7.37,tp
MAXHEALTH,2026-06-29,2026-06-29 09:40:00+05:30,1153.800048828125,1148.7250714983259,-0.3639093663561699,-5.07,sl
MAXHEALTH,2026-07-03,2026-07-03 11:55:00+05:30,1149.0999755859375,1153.8427908761162,0.1476450469556538,4.74,tp
MAXHEALTH,2026-07-06,2026-07-06 09:25:00+05:30,1166.5,1162.6571306501116,-0.29766151821114584,-3.84,sl
MAXHEALTH,2026-07-09,2026-07-09 10:35:00+05:30,1112.5999755859375,1120.2142682756696,0.3106215813489731,7.61,tp
MAXHEALTH,2026-07-10,2026-07-10 11:50:00+05:30,1102.699951171875,1105.0999581473213,0.030588940693926717,2.4,tp
MAXHEALTH,2026-07-16,2026-07-16 11:35:00+05:30,1108.0999755859375,1105.8214024135045,-0.22337730652298485,-2.28,sl
MAXHEALTH,2026-07-27,2026-07-27 09:20:00+05:30,1104.0999755859375,1104.0999755859375,-0.1,0.0,sl
MAXHEALTH,2026-07-30,2026-07-30 11:45:00+05:30,1123.5999755859375,1127.7143031529017,0.11970421803286375,4.11,tp
MAXHEALTH,2026-08-03,2026-08-03 12:00:00+05:30,1110.199951171875,1110.199951171875,-0.1,0.0,sl
MAXHEALTH,2026-08-18,2026-08-18 09:50:00+05:30,1013.9000244140624,1008.2428850446428,-0.43477498174569423,-5.66,sl
MCX,2026-06-09,2026-06-09 09:50:00+05:30,2904.5,2885.9642333984375,-0.48290445725383024,-18.54,sl
MCX,2026-06-22,2026-06-22 11:10:00+05:30,2861.89990234375,2861.89990234375,-0.1,0.0,sl
MCX,2026-07-08,2026-07-08 09:40:00+05:30,2702.699951171875,2734.0712890625,0.5964444101985328,31.37,tp
MCX,2026-07-14,2026-07-14 09:55:00+05:30,2874.39990234375,2874.39990234375,-0.1,0.0,sl
MCX,2026-08-10,2026-08-10 11:25:00+05:30,2713.10009765625,2736.9714704241073,0.42791357285665116,23.87,tp
MCX,2026-08-11,2026-08-11 12:10:00+05:30,2849.0,2840.0785609654017,-0.2878856939543337,-8.92,sl
MCX,2026-08-13,2026-08-13 09:20:00+05:30,3019.300048828125,3007.2500523158483,-0.3394594041811842,-12.05,sl
MCX,2026-08-18,2026-08-18 11:50:00+05:30,3038.800048828125,3038.800048828125,-0.1,0.0,sl
MCX,2026-08-20,2026-08-20 11:00:00+05:30,3071.699951171875,3090.8285784040177,0.27364249509158517,19.13,tp
METROPOLIS,2026-06-04,2026-06-04 10:45:00+05:30,544.3499755859375,548.0999843052456,0.31333798704830446,3.75,tp
METROPOLIS,2026-06-16,2026-06-16 10:10:00+05:30,543.5999755859375,551.085693359375,0.7262382019464332,7.49,tp
METROPOLIS,2026-06-19,2026-06-19 12:55:00+05:30,551.0,549.6857125418527,-0.2431166016131367,-1.31,sl
METROPOLIS,2026-06-22,2026-06-22 11:25:00+05:30,556.8499755859375,556.8499755859375,-0.1,0.0,sl
METROPOLIS,2026-07-02,2026-07-02 10:05:00+05:30,551.9500122070312,549.0571681431362,-0.41446804963308476,-2.89,sl
METROPOLIS,2026-07-06,2026-07-06 09:25:00+05:30,573.5,570.2035827636719,-0.4448736428590889,-3.3,sl
METROPOLIS,2026-07-15,2026-07-15 10:20:00+05:30,567.8499755859375,574.0142386300223,0.5513265801648607,6.16,tp
METROPOLIS,2026-07-20,2026-07-20 11:40:00+05:30,569.4500122070312,568.0428815569196,-0.2482620725206052,-1.41,sl
METROPOLIS,2026-07-28,2026-07-28 10:20:00+05:30,592.5,589.5714285714286,-0.3965641952983741,-2.93,sl
METROPOLIS,2026-07-30,2026-07-30 10:25:00+05:30,603.0,607.6785975864956,0.36553209815876464,4.68,tp
METROPOLIS,2026-08-03,2026-08-03 11:30:00+05:30,596.75,599.9928588867188,0.22605200369187262,3.24,tp
METROPOLIS,2026-08-06,2026-08-06 09:20:00+05:30,587.9500122070312,585.3214242117746,-0.3682460692931587,-2.63,sl
METROPOLIS,2026-08-18,2026-08-18 10:20:00+05:30,554.5,552.5214364188058,-0.3140916408866561,-1.98,sl
METROPOLIS,2026-08-19,2026-08-19 11:20:00+05:30,559.2999877929688,561.9357125418527,0.18275252705990636,2.64,tp
MFSL,2026-06-04,2026-06-04 12:30:00+05:30,1585.199951171875,1593.8713902064733,0.22821496221424295,8.67,tp
MFSL,2026-06-15,2026-06-15 10:40:00+05:30,1630.0,1640.1000279017858,0.27178016816389367,10.1,tp
MFSL,2026-06-17,2026-06-17 12:05:00+05:30,1627.699951171875,1632.4428187779017,0.07483078263701086,4.74,tp
MFSL,2026-06-22,2026-06-22 10:45:00+05:30,1704.0999755859375,1699.4642421177455,-0.26322047536904913,-4.64,sl
MFSL,2026-06-23,2026-06-23 11:25:00+05:30,1706.0999755859375,1711.8999895368304,0.10397446927695847,5.8,tp
MFSL,2026-07-24,2026-07-24 12:50:00+05:30,1513.0,1508.5071323939733,-0.2781705593929962,-4.49,sl
MFSL,2026-07-29,2026-07-29 12:05:00+05:30,1521.9000244140625,1517.3500104631696,-0.27938158398984175,-4.55,sl
MFSL,2026-08-05,2026-08-05 10:10:00+05:30,1534.699951171875,1527.2999441964287,-0.38930763840042315,-7.4,sl
MFSL,2026-08-06,2026-08-06 09:50:00+05:30,1541.0,1536.1214250837054,-0.2899510025812308,-4.88,sl
MFSL,2026-08-14,2026-08-14 12:15:00+05:30,1556.0999755859375,1567.6714041573662,0.3461703779824893,11.57,tp
MFSL,2026-08-17,2026-08-17 12:10:00+05:30,1564.5,1561.3214111328125,-0.22190177822387344,-3.18,sl
MFSL,2026-08-18,2026-08-18 11:50:00+05:30,1571.199951171875,1571.199951171875,-0.1,0.0,sl
MFSL,2026-08-20,2026-08-20 11:00:00+05:30,1573.300048828125,1579.1571742466517,0.12336967787763345,5.86,tp
MOTILALOFS,2026-06-04,2026-06-04 09:55:00+05:30,865.0,861.3928527832031,-0.35020674336163293,-3.61,sl
MOTILALOFS,2026-06-15,2026-06-15 09:30:00+05:30,926.9000244140624,937.4500383649553,0.5829224515920401,10.55,tp
MOTILALOFS,2026-06-25,2026-06-25 11:35:00+05:30,947.4500122070312,945.2250148228237,-0.24090436575273463,-2.22,sl
MOTILALOFS,2026-07-02,2026-07-02 09:35:00+05:30,970.4500122070312,967.3428737095425,-0.2921050105665367,-3.11,sl
MOTILALOFS,2026-07-09,2026-07-09 12:20:00+05:30,940.9000244140624,936.721444266183,-0.3664627509483757,-4.18,sl
MOTILALOFS,2026-07-10,2026-07-10 10:05:00+05:30,976.25,970.124991280692,-0.4764409968332684,-6.13,sl
MOTILALOFS,2026-08-04,2026-08-04 09:20:00+05:30,873.0,871.0821358816964,-0.23181196689371508,-1.92,sl
MOTILALOFS,2026-08-11,2026-08-11 10:15:00+05:30,889.0,886.4250052315848,-0.2737904230651425,-2.57,sl
MOTILALOFS,2026-08-13,2026-08-13 12:00:00+05:30,905.5999755859376,903.1678248814176,-0.26114073123377024,-2.43,sl
MOTILALOFS,2026-08-17,2026-08-17 09:20:00+05:30,916.9000244140624,916.9000244140624,-0.1,0.0,sl
MOTILALOFS,2026-08-19,2026-08-19 11:40:00+05:30,943.0,940.500004359654,-0.25906653066888746,-2.5,sl
MOTILALOFS,2026-08-20,2026-08-20 09:35:00+05:30,961.25,968.249991280692,0.3369305350757053,7.0,tp
MPHASIS,2026-06-02,2026-06-02 10:40:00+05:30,2426.39990234375,2415.478498186384,-0.370064406452124,-10.92,sl
MPHASIS,2026-06-04,2026-06-04 12:45:00+05:30,2313.10009765625,2313.10009765625,-0.1,0.0,sl
MPHASIS,2026-06-15,2026-06-15 09:25:00+05:30,2311.0,2311.0,-0.1,0.0,sl
MPHASIS,2026-06-17,2026-06-17 09:30:00+05:30,2355.5,2346.2714320591517,-0.3350728407772858,-9.23,sl
MPHASIS,2026-06-22,2026-06-22 12:00:00+05:30,2292.699951171875,2300.385672433036,0.10113546713076917,7.69,tp
MPHASIS,2026-07-02,2026-07-02 09:40:00+05:30,2231.300048828125,2217.378662109375,-0.47434822069926874,-13.92,sl
MPHASIS,2026-07-03,2026-07-03 09:20:00+05:30,2312.60009765625,2301.550066266741,-0.38669110757301955,-11.05,sl
MPHASIS,2026-07-13,2026-07-13 11:00:00+05:30,2367.5,2359.02139718192,-0.3148748338267412,-8.48,sl
MPHASIS,2026-07-28,2026-07-28 09:20:00+05:30,2428.39990234375,2428.39990234375,-0.1,0.0,sl
MPHASIS,2026-08-03,2026-08-03 12:05:00+05:30,2397.10009765625,2409.5714285714284,0.21216045405960832,12.47,tp
MPHASIS,2026-08-05,2026-08-05 10:20:00+05:30,2436.300048828125,2453.814383370536,0.3313344216571833,17.51,tp
MPHASIS,2026-08-11,2026-08-11 11:30:00+05:30,2522.5,2522.5,-0.1,0.0,sl
MPHASIS,2026-08-14,2026-08-14 12:45:00+05:30,2538.0,2538.0,-0.1,0.0,sl
MRF,2026-06-02,2026-06-02 12:45:00+05:30,125100.0,125475.0,0.07985611510791368,375.0,tp
MRF,2026-06-12,2026-06-12 09:25:00+05:30,124245.0,124023.57142857143,-0.20693158103516368,-221.43,sl
MRF,2026-06-15,2026-06-15 09:20:00+05:30,129550.0,129033.57142857143,-0.3391795776589263,-516.43,sl
MRF,2026-06-17,2026-06-17 11:10:00+05:30,129040.0,128903.92857142857,-0.16326941812062995,-136.07,sl
MRF,2026-06-25,2026-06-25 11:35:00+05:30,131535.0,131272.85714285713,-0.21957708160240372,-262.14,sl
MRF,2026-06-30,2026-06-30 12:00:00+05:30,126175.0,126605.71428571429,0.10481757196637519,430.71,tp
MRF,2026-07-01,2026-07-01 10:25:00+05:30,130185.0,129817.14285714286,-0.2695389528089157,-367.86,sl
MRF,2026-07-02,2026-07-02 09:20:00+05:30,131375.0,131410.0,-0.08401522359657469,35.0,time
MRF,2026-07-03,2026-07-03 09:25:00+05:30,135550.0,135550.0,-0.1,0.0,sl
MRF,2026-07-07,2026-07-07 09:30:00+05:30,137475.0,137032.14285714287,-0.2932818954095496,-442.86,sl
MRF,2026-07-15,2026-07-15 11:10:00+05:30,133050.0,132820.35714285713,-0.20355934933162104,-229.64,sl
MRF,2026-07-20,2026-07-20 11:55:00+05:30,132500.0,132716.42857142858,-0.001994609164416737,216.43,tp
MRF,2026-07-30,2026-07-30 09:20:00+05:30,134945.0,135501.42857142858,0.1474023808641653,556.43,tp
MRF,2026-08-03,2026-08-03 11:05:00+05:30,134290.0,134125.35714285713,-0.1735614820803647,-164.64,sl
MRF,2026-08-06,2026-08-06 11:00:00+05:30,135000.0,134825.7142857143,-0.17746031746031563,-174.29,sl
MRF,2026-08-13,2026-08-13 12:25:00+05:30,131300.0,131210.35714285713,-0.14096398650854666,-89.64,sl
MRF,2026-08-14,2026-08-14 12:30:00+05:30,132000.0,132000.0,-0.1,0.0,sl
MRF,2026-08-20,2026-08-20 12:30:00+05:30,134090.0,133943.57142857142,-0.16552102532414636,-146.43,sl
MUTHOOTFIN,2026-06-17,2026-06-17 11:25:00+05:30,3174.10009765625,3186.6858258928573,0.13790796476583614,12.59,tp
MUTHOOTFIN,2026-07-21,2026-07-21 09:35:00+05:30,3029.39990234375,3020.63565499442,-0.2735838310924129,-8.76,sl
MUTHOOTFIN,2026-07-31,2026-07-31 09:30:00+05:30,3097.39990234375,3085.407052176339,-0.33231453242448916,-11.99,sl
NATIONALUM,2026-06-01,2026-06-01 12:45:00+05:30,432.0499877929688,432.0499877929688,-0.1,0.0,sl
NATIONALUM,2026-06-02,2026-06-02 09:35:00+05:30,442.7999877929688,440.374993460519,-0.4285900270056364,-2.42,sl
NATIONALUM,2026-06-19,2026-06-19 09:35:00+05:30,372.1000061035156,373.3999938964844,0.10961909781970319,1.3,time
NATIONALUM,2026-07-08,2026-07-08 09:40:00+05:30,349.70001220703125,352.90002005440846,0.4490433632840805,3.2,tp
NATIONALUM,2026-07-14,2026-07-14 11:40:00+05:30,363.7999877929688,363.7999877929688,-0.1,0.0,sl
NATIONALUM,2026-07-23,2026-07-23 09:25:00+05:30,349.0,349.0,-0.1,0.0,sl
NATIONALUM,2026-07-31,2026-07-31 09:15:00+05:30,354.79998779296875,353.16784014020647,-0.376011450211436,-1.63,sl
NATIONALUM,2026-08-03,2026-08-03 11:35:00+05:30,359.8999938964844,359.8999938964844,-0.1,0.0,sl
NATIONALUM,2026-08-04,2026-08-04 09:25:00+05:30,378.6499938964844,376.807137625558,-0.392014731382272,-1.84,sl
NATIONALUM,2026-08-11,2026-08-11 10:25:00+05:30,393.5,392.2071446010045,-0.2971316999739051,-1.29,sl
NATIONALUM,2026-08-12,2026-08-12 09:20:00+05:30,417.3999938964844,417.3999938964844,-0.1,0.0,sl
NATIONALUM,2026-08-17,2026-08-17 11:40:00+05:30,390.6499938964844,389.3642774309431,-0.297473413894172,-1.29,sl
NATIONALUM,2026-08-19,2026-08-19 12:50:00+05:30,384.8500061035156,384.8500061035156,-0.1,0.0,sl
NAUKRI,2026-06-04,2026-06-04 11:10:00+05:30,1021.7000122070312,1018.3285784040179,-0.2979896503513123,-3.37,sl
NAUKRI,2026-06-15,2026-06-15 10:55:00+05:30,1000.4500122070312,997.3714338030134,-0.2846316177592778,-3.08,sl
NAUKRI,2026-06-29,2026-06-29 12:45:00+05:30,993.2000122070312,993.2000122070312,-0.1,0.0,sl
NAUKRI,2026-07-02,2026-07-02 09:20:00+05:30,1030.949951171875,1026.4927978515625,-0.35940075841195274,-4.46,sl
NAUKRI,2026-07-07,2026-07-07 09:50:00+05:30,1062.8499755859375,1057.8249773297991,-0.3836711693031634,-5.02,sl
NAUKRI,2026-07-08,2026-07-08 09:20:00+05:30,1215.0999755859375,1205.7678484235491,-0.5608078684828357,-9.33,sl
NAUKRI,2026-07-15,2026-07-15 09:25:00+05:30,1197.25,1193.0642961774554,-0.3097659046587401,-4.19,sl
NAUKRI,2026-07-16,2026-07-16 12:20:00+05:30,1204.0,1201.0428553989955,-0.247366010016837,-2.96,sl
NAUKRI,2026-07-21,2026-07-21 10:05:00+05:30,1221.949951171875,1216.064243861607,-0.38899910203147237,-5.89,sl
NAUKRI,2026-07-28,2026-07-28 09:25:00+05:30,1220.9000244140625,1230.94287109375,0.39354639096713695,10.04,tp
NAUKRI,2026-08-03,2026-08-03 12:15:00+05:30,1250.0,1254.0000174386162,0.09200083705357609,4.0,tp
NAUKRI,2026-08-04,2026-08-04 09:20:00+05:30,1274.800048828125,1270.8428780691963,-0.28624900881826976,-3.96,sl
NAUKRI,2026-08-10,2026-08-10 11:20:00+05:30,1274.0,1274.0,-0.1,0.0,sl
NAUKRI,2026-08-13,2026-08-13 11:55:00+05:30,1346.0999755859375,1350.3999895368304,0.09166543476183436,4.3,tp
NCC,2026-06-10,2026-06-10 12:15:00+05:30,144.83999633789062,144.52428327287947,-0.2307842058796964,-0.32,sl
NCC,2026-06-12,2026-06-12 09:20:00+05:30,149.1699981689453,148.28357151576452,-0.4565435398786498,-0.89,sl
NCC,2026-06-17,2026-06-17 09:25:00+05:30,155.41000366210938,154.96929277692522,-0.2701476899038038,-0.44,sl
NCC,2026-06-19,2026-06-19 10:35:00+05:30,158.2100067138672,158.2100067138672,-0.1,0.0,sl
NCC,2026-07-10,2026-07-10 12:15:00+05:30,145.64999389648438,145.64999389648438,-0.1,0.0,sl
NCC,2026-07-24,2026-07-24 12:25:00+05:30,137.4600067138672,137.18643624441964,-0.21941093674628073,-0.27,sl
NCC,2026-07-27,2026-07-27 11:40:00+05:30,142.33999633789062,141.90713827950614,-0.28246089764831195,-0.43,sl
NCC,2026-08-07,2026-08-07 09:15:00+05:30,148.00999450683594,147.4257093157087,-0.33685637976302363,-0.58,sl
NCC,2026-08-20,2026-08-20 10:55:00+05:30,142.60000610351562,142.20643724714006,-0.26559698717959446,-0.39,sl
NESTLEIND,2026-06-30,2026-06-30 11:10:00+05:30,1420.800048828125,1417.5357578822545,-0.23785011966586805,-3.26,sl
NESTLEIND,2026-07-20,2026-07-20 10:55:00+05:30,1446.0,1446.0,-0.1,0.0,sl
NESTLEIND,2026-07-22,2026-07-22 11:05:00+05:30,1490.5,1500.914306640625,0.31922737231633685,10.41,tp
NMDC,2026-06-01,2026-06-01 12:45:00+05:30,90.3000030517578,90.91714477539061,0.3100609320770997,0.62,tp
NMDC,2026-06-02,2026-06-02 09:25:00+05:30,94.9499969482422,96.19571031842915,0.6871806699684218,1.25,tp
NMDC,2026-06-22,2026-06-22 11:35:00+05:30,88.94999694824219,88.94999694824219,-0.1,0.0,sl
NMDC,2026-07-20,2026-07-20 11:10:00+05:30,84.72000122070312,84.53428758893695,-0.23152523306677703,-0.19,sl
NMDC,2026-07-29,2026-07-29 10:30:00+05:30,86.19000244140625,86.41000366210938,0.05315086284121157,0.22,time
NMDC,2026-08-06,2026-08-06 09:20:00+05:30,86.69999694824219,86.41928264072963,-0.2942659635940703,-0.28,sl
NMDC,2026-08-10,2026-08-10 09:35:00+05:30,85.97000122070312,86.4385735648019,0.2270250115938817,0.47,tp
NTPC,2026-06-16,2026-06-16 10:35:00+05:30,351.3999938964844,352.9142761230469,0.15855701528701416,1.51,tp
NTPC,2026-06-18,2026-06-18 12:55:00+05:30,360.6000061035156,362.1428658621652,0.15671542970634375,1.54,tp
NTPC,2026-06-19,2026-06-19 09:55:00+05:30,367.9500122070313,366.4750061035157,-0.34052279732264756,-1.48,sl
NTPC,2026-07-01,2026-07-01 11:00:00+05:30,358.6000061035156,359.9357256208147,0.12348903980445095,1.34,tp
NTPC,2026-07-13,2026-07-13 12:30:00+05:30,348.6499938964844,349.7856968470982,0.095445800171339,1.14,tp
NTPC,2026-07-20,2026-07-20 09:30:00+05:30,345.8999938964844,345.0928475516183,-0.24000804147587332,-0.81,sl
NTPC,2026-07-22,2026-07-22 11:30:00+05:30,349.54998779296875,350.5928475516183,0.07900611558892126,1.04,tp
NTPC,2026-07-24,2026-07-24 12:05:00+05:30,348.8999938964844,348.24642072405135,-0.21239435664082076,-0.65,sl
NTPC,2026-07-27,2026-07-27 11:45:00+05:30,351.1499938964844,350.6285661969866,-0.18909486690491087,-0.52,sl
NTPC,2026-08-13,2026-08-13 09:25:00+05:30,340.5,339.7428545270647,-0.23341770448198984,-0.76,sl
NTPC,2026-08-20,2026-08-20 11:15:00+05:30,337.70001220703125,338.6428658621652,0.06751915091242279,0.94,tp
OBEROIRLTY,2026-06-02,2026-06-02 12:50:00+05:30,1665.0,1674.3571602957588,0.23719496561293088,9.36,tp
OBEROIRLTY,2026-06-05,2026-06-05 10:05:00+05:30,1651.699951171875,1644.4499686104912,-0.3633643921672333,-7.25,sl
OBEROIRLTY,2026-06-23,2026-06-23 09:20:00+05:30,1707.699951171875,1717.0142124720983,0.22725636469679183,9.31,tp
OBEROIRLTY,2026-07-02,2026-07-02 11:45:00+05:30,1840.199951171875,1849.585675920759,0.20602298656427134,9.39,tp
OBEROIRLTY,2026-07-10,2026-07-10 12:35:00+05:30,1916.300048828125,1924.9857352120534,0.17195176629797612,8.69,tp
OBEROIRLTY,2026-07-14,2026-07-14 09:20:00+05:30,1945.0999755859373,1938.0356968470978,-0.31790999416504817,-7.06,sl
OBEROIRLTY,2026-07-24,2026-07-24 12:25:00+05:30,1820.5,1829.9571010044642,0.21168693230862579,9.46,tp
OBEROIRLTY,2026-08-13,2026-08-13 10:40:00+05:30,1809.0999755859373,1817.1713867187498,0.16769370101389686,8.07,tp
OBEROIRLTY,2026-08-17,2026-08-17 11:40:00+05:30,1870.5,1882.3999895368304,0.28171578305791145,11.9,tp
OBEROIRLTY,2026-08-20,2026-08-20 11:50:00+05:30,1889.4000244140625,1896.0428815569196,0.11095131968945059,6.64,tp
OFSS,2026-06-02,2026-06-02 12:55:00+05:30,10362.5,10336.392857142857,-0.2511631914526984,-26.11,sl
OFSS,2026-06-16,2026-06-16 09:55:00+05:30,9507.5,9574.857142857143,0.3250779459824966,67.36,tp
OFSS,2026-06-18,2026-06-18 12:55:00+05:30,9422.0,9405.57142857143,-0.20461837037935035,-16.43,sl
OFSS,2026-06-22,2026-06-22 09:50:00+05:30,9831.5,9781.464285714286,-0.4053595948881479,-50.04,sl
OFSS,2026-06-25,2026-06-25 10:25:00+05:30,10697.0,10822.857142857143,0.6059389147825172,125.86,tp
OFSS,2026-07-10,2026-07-10 12:15:00+05:30,11549.0,11549.0,-0.1,0.0,sl
OFSS,2026-07-27,2026-07-27 09:30:00+05:30,11156.0,11083.285714285714,-0.49107719100548347,-72.71,sl
OFSS,2026-07-28,2026-07-28 09:20:00+05:30,11396.0,11353.142857142857,-0.3256430827859413,-42.86,sl
OFSS,2026-08-03,2026-08-03 12:55:00+05:30,11418.0,11393.57142857143,-0.22836874108549998,-24.43,sl
OFSS,2026-08-04,2026-08-04 10:45:00+05:30,11614.0,11614.0,-0.1,0.0,sl
OFSS,2026-08-14,2026-08-14 12:05:00+05:30,11720.0,11693.714285714286,-0.23456850316918312,-26.29,sl
OFSS,2026-08-17,2026-08-17 10:55:00+05:30,11889.0,11899.0,-0.04953318193287913,10.0,time
OIL,2026-06-03,2026-06-03 09:30:00+05:30,492.3999938964844,492.3999938964844,-0.1,0.0,sl
OIL,2026-06-08,2026-06-08 11:55:00+05:30,491.9500122070313,491.9500122070313,-0.1,0.0,sl
OIL,2026-06-18,2026-06-18 11:55:00+05:30,420.7000122070313,419.69287327357705,-0.24363759033483928,-1.01,sl
OIL,2026-06-24,2026-06-24 12:55:00+05:30,417.7000122070313,419.1142970493862,0.10315319143259943,1.41,tp
OIL,2026-06-30,2026-06-30 11:00:00+05:30,416.3999938964844,416.3999938964844,-0.1,0.0,sl
OIL,2026-07-03,2026-07-03 10:15:00+05:30,423.7999877929688,426.5499834333148,0.2893339857795493,2.75,tp
OIL,2026-07-08,2026-07-08 11:05:00+05:30,429.2000122070313,428.1821572440012,-0.2422909973086123,-1.02,sl
OIL,2026-07-14,2026-07-14 10:35:00+05:30,440.3999938964844,438.8928506033761,-0.30533287656619074,-1.51,sl
OIL,2026-07-20,2026-07-20 09:25:00+05:30,448.5,446.0892857142857,-0.4225035833731475,-2.41,sl
OIL,2026-07-23,2026-07-23 09:15:00+05:30,454.1000061035156,456.42143903459817,0.20672973792737873,2.32,tp
OIL,2026-07-30,2026-07-30 09:20:00+05:30,454.6499938964844,457.47141810825894,0.2723423622106491,2.82,tp
OIL,2026-08-07,2026-08-07 09:20:00+05:30,449.5499877929688,449.5499877929688,-0.1,0.0,sl
OIL,2026-08-11,2026-08-11 09:20:00+05:30,475.2999877929688,480.7857055664063,0.5924954236473032,5.49,tp
OIL,2026-08-13,2026-08-13 11:40:00+05:30,476.2999877929688,477.7071358816965,0.07725989394809728,1.41,tp
OIL,2026-08-18,2026-08-18 09:30:00+05:30,485.0,483.36785016741067,-0.301915443206928,-1.63,sl
ONGC,2026-06-23,2026-06-23 09:35:00+05:30,246.1999969482422,245.82142421177457,-0.1922598069439953,-0.38,sl
ONGC,2026-07-06,2026-07-06 12:05:00+05:30,242.32000732421875,241.80786350795202,-0.22681011904596682,-0.51,sl
ONGC,2026-07-13,2026-07-13 09:20:00+05:30,248.2400054931641,248.2400054931641,-0.1,0.0,sl
ONGC,2026-07-20,2026-07-20 12:10:00+05:30,251.4499969482422,251.4499969482422,-0.1,0.0,sl
ONGC,2026-07-29,2026-07-29 11:30:00+05:30,239.44000244140625,239.85857936314176,0.004888970297585405,0.42,tp
ONGC,2026-08-11,2026-08-11 09:20:00+05:30,242.8800048828125,242.8800048828125,-0.1,0.0,sl
ONGC,2026-08-18,2026-08-18 09:20:00+05:30,240.33999633789065,241.20427376883373,0.11576369579235592,0.86,tp
ONGC,2026-08-19,2026-08-19 11:20:00+05:30,241.77999877929688,241.39571380615234,-0.1953639610599841,-0.38,sl
PAGEIND,2026-06-04,2026-06-04 09:20:00+05:30,37855.0,37855.0,-0.1,0.0,sl
PAGEIND,2026-06-17,2026-06-17 10:30:00+05:30,39315.0,39438.57142857143,0.08858668992205648,123.57,tp
PAGEIND,2026-06-18,2026-06-18 10:05:00+05:30,39580.0,39500.0,-0.22127337038908543,-80.0,sl
PAGEIND,2026-06-23,2026-06-23 12:40:00+05:30,39850.0,39768.21428571428,-0.22314034773257327,-81.79,sl
PAGEIND,2026-06-25,2026-06-25 09:40:00+05:30,41405.0,41846.42857142857,0.5396742974450995,441.43,tp
PAGEIND,2026-07-01,2026-07-01 12:45:00+05:30,43050.0,43245.0,0.17177700348432057,195.0,tp
PAGEIND,2026-07-14,2026-07-14 11:35:00+05:30,40375.0,40300.0,-0.21145510835913311,-75.0,sl
PAGEIND,2026-08-12,2026-08-12 12:25:00+05:30,38535.0,38535.0,-0.1,0.0,sl
PERSISTENT,2026-06-15,2026-06-15 10:55:00+05:30,4910.0,4895.392857142857,-0.2784986907186532,-14.61,sl
PERSISTENT,2026-06-24,2026-06-24 11:35:00+05:30,4874.0,4900.571428571428,0.22710006448208997,26.57,tp
PERSISTENT,2026-07-01,2026-07-01 12:00:00+05:30,4399.2001953125,4388.935930524553,-0.23999269411130894,-10.26,sl
PERSISTENT,2026-07-02,2026-07-02 11:15:00+05:30,4527.7001953125,4557.557198660715,0.29565786682332157,29.86,tp
PERSISTENT,2026-07-03,2026-07-03 11:00:00+05:30,4756.60009765625,4737.95720563616,-0.33516240555024635,-18.64,sl
PERSISTENT,2026-07-09,2026-07-09 11:40:00+05:30,4815.5,4801.900006975447,-0.2694527217263434,-13.6,sl
PERSISTENT,2026-07-10,2026-07-10 11:05:00+05:30,5000.0,4984.485735212053,-0.2861711774553587,-15.51,sl
PERSISTENT,2026-07-13,2026-07-13 10:45:00+05:30,5103.2001953125,5083.47869001116,-0.3318722121008072,-19.72,sl
PERSISTENT,2026-07-21,2026-07-21 09:25:00+05:30,5271.60009765625,5271.60009765625,-0.1,0.0,sl
PERSISTENT,2026-07-28,2026-07-28 09:20:00+05:30,5408.5,5447.342843191965,0.33090886410610715,38.84,tp
PERSISTENT,2026-07-30,2026-07-30 09:45:00+05:30,5632.0,5692.67138671875,0.5463571028275924,60.67,tp
PERSISTENT,2026-08-13,2026-08-13 11:45:00+05:30,5492.5,5512.214285714285,0.11535860589114602,19.71,tp
PERSISTENT,2026-08-14,2026-08-14 12:05:00+05:30,5545.0,5571.5,0.18674481514878266,26.5,tp
PERSISTENT,2026-08-19,2026-08-19 12:05:00+05:30,5537.0,5527.0,-0.2083619288423334,-10.0,sl
PERSISTENT,2026-08-20,2026-08-20 09:45:00+05:30,5628.5,5673.0,0.3743715021764235,44.5,tp
PETRONET,2026-06-15,2026-06-15 10:55:00+05:30,289.04998779296875,290.6642804827009,0.23508931144914624,1.61,tp
PETRONET,2026-07-09,2026-07-09 12:00:00+05:30,278.3999938964844,277.8571341378348,-0.216995640204953,-0.54,sl
PETRONET,2026-07-13,2026-07-13 12:35:00+05:30,278.6000061035156,278.6000061035156,-0.1,0.0,sl
PETRONET,2026-07-21,2026-07-21 09:45:00+05:30,276.3500061035156,277.64286150251115,0.18069955573178043,1.29,tp
PETRONET,2026-07-22,2026-07-22 11:10:00+05:30,280.3500061035156,279.7000078473772,-0.2391114482583775,-0.65,sl
PETRONET,2026-08-19,2026-08-19 09:40:00+05:30,290.54998779296875,289.6285618373326,-0.2902789869589079,-0.92,sl
PETRONET,2026-08-20,2026-08-20 11:35:00+05:30,291.1000061035156,291.1000061035156,-0.1,0.0,sl
PFC,2026-06-04,2026-06-04 11:35:00+05:30,424.8500061035156,427.2643040248326,0.24096239425196903,2.41,tp
PFC,2026-06-10,2026-06-10 10:50:00+05:30,440.4500122070313,439.2142987932478,-0.2683342099492563,-1.24,sl
PFC,2026-06-15,2026-06-15 09:30:00+05:30,430.6000061035156,428.91786193847656,-0.3343907303105812,-1.68,sl
PFC,2026-07-14,2026-07-14 12:55:00+05:30,408.0499877929688,407.20356096540183,-0.22445928482611618,-0.85,sl
PFC,2026-07-20,2026-07-20 12:15:00+05:30,410.7999877929688,410.16783796037953,-0.19232957907114584,-0.63,sl
PFC,2026-07-29,2026-07-29 11:35:00+05:30,424.4500122070313,426.47858537946433,0.18675789102490073,2.03,tp
PIDILITIND,2026-06-09,2026-06-09 11:25:00+05:30,1478.0,1481.7999965122767,0.05426237532923089,3.8,tp
PIDILITIND,2026-06-10,2026-06-10 09:20:00+05:30,1512.300048828125,1512.300048828125,-0.1,0.0,sl
PIDILITIND,2026-06-12,2026-06-12 10:55:00+05:30,1548.5999755859375,1548.5999755859375,-0.1,0.0,sl
PIDILITIND,2026-06-17,2026-06-17 09:25:00+05:30,1580.5999755859375,1580.5999755859375,-0.1,0.0,sl
PIDILITIND,2026-06-25,2026-06-25 10:35:00+05:30,1614.199951171875,1614.199951171875,-0.1,0.0,sl
PIDILITIND,2026-07-02,2026-07-02 11:30:00+05:30,1603.9000244140625,1601.0285906110491,-0.20741693718954907,-2.87,sl
PIDILITIND,2026-07-06,2026-07-06 12:45:00+05:30,1618.9000244140625,1618.9000244140625,-0.1,0.0,sl
PIDILITIND,2026-07-09,2026-07-09 12:50:00+05:30,1598.0,1595.757123674665,-0.18421312861082298,-2.24,sl
PIDILITIND,2026-07-10,2026-07-10 09:55:00+05:30,1610.0,1605.778564453125,-0.257320579386646,-4.22,sl
PIDILITIND,2026-07-15,2026-07-15 11:35:00+05:30,1592.4000244140625,1592.4000244140625,-0.1,0.0,sl
PIDILITIND,2026-07-27,2026-07-27 10:55:00+05:30,1620.300048828125,1613.9571794782366,-0.33487758410459145,-6.34,sl
PIDILITIND,2026-08-04,2026-08-04 09:25:00+05:30,1651.199951171875,1651.199951171875,-0.1,0.0,sl
PIDILITIND,2026-08-06,2026-08-06 11:05:00+05:30,1670.9000244140625,1677.500034877232,0.13699839727337537,6.6,tp
PIDILITIND,2026-08-10,2026-08-10 09:40:00+05:30,1669.800048828125,1665.492911202567,-0.2547659899248683,-4.31,sl
PIDILITIND,2026-08-14,2026-08-14 12:35:00+05:30,1704.5,1704.5,-0.1,0.0,sl
PIIND,2026-06-09,2026-06-09 11:35:00+05:30,2745.0,2762.900076729911,0.29125850775761264,17.9,tp
PIIND,2026-06-12,2026-06-12 09:35:00+05:30,2838.0,2827.57137625558,-0.32047830326469,-10.43,sl
PIIND,2026-06-16,2026-06-16 09:45:00+05:30,2884.0,2875.378574916295,-0.2793639060410228,-8.62,sl
PIIND,2026-07-20,2026-07-20 09:30:00+05:30,2670.89990234375,2670.89990234375,-0.1,0.0,sl
PIIND,2026-07-21,2026-07-21 09:25:00+05:30,2690.0,2690.0,-0.1,0.0,sl
PIIND,2026-07-22,2026-07-22 11:05:00+05:30,2738.89990234375,2738.89990234375,-0.1,0.0,sl
PIIND,2026-07-29,2026-07-29 09:45:00+05:30,2747.800048828125,2739.271466936384,-0.2862271287616766,-8.53,sl
PIIND,2026-08-03,2026-08-03 10:40:00+05:30,2833.0,2833.0,-0.1,0.0,sl
PIIND,2026-08-18,2026-08-18 12:00:00+05:30,2526.800048828125,2541.9857352120534,0.2605909313870221,15.19,tp
PNB,2026-06-05,2026-06-05 09:45:00+05:30,107.22000122070312,107.84142957414899,0.24774949433177548,0.62,tp
PNB,2026-06-09,2026-06-09 11:05:00+05:30,108.58999633789062,108.28213882446289,-0.270102692960666,-0.31,sl
PNB,2026-06-17,2026-06-17 10:20:00+05:30,108.29000091552734,108.04214423043388,-0.237329402344438,-0.25,sl
PNB,2026-06-25,2026-06-25 09:40:00+05:30,108.63999938964844,108.63999938964844,-0.1,0.0,sl
PNB,2026-07-09,2026-07-09 11:25:00+05:30,102.91999816894533,103.41285269601006,0.18732289302359206,0.49,tp
PNB,2026-07-10,2026-07-10 12:25:00+05:30,104.2699966430664,104.15428270612443,-0.16658517732847763,-0.12,sl
PNB,2026-07-15,2026-07-15 12:10:00+05:30,106.54000091552734,106.54000091552734,-0.1,0.0,sl
PNB,2026-07-20,2026-07-20 09:20:00+05:30,111.0,111.0,-0.1,0.0,sl
PNB,2026-07-27,2026-07-27 09:25:00+05:30,112.08999633789062,111.79285430908203,-0.25905542252648744,-0.3,sl
PNB,2026-07-31,2026-07-31 12:40:00+05:30,112.4000015258789,112.61286054338727,0.013625808515325986,0.21,tp
PNB,2026-08-03,2026-08-03 09:40:00+05:30,113.83000183105467,114.39143044607978,0.19593003917809337,0.56,tp
PNB,2026-08-05,2026-08-05 09:20:00+05:30,114.91000366210938,114.72571672712053,-0.196225008675871,-0.18,sl
PNB,2026-08-12,2026-08-12 09:20:00+05:30,115.72000122070312,116.2528577532087,0.17628233333110843,0.53,tp
PNB,2026-08-20,2026-08-20 12:05:00+05:30,118.4499969482422,118.31285422188897,-0.16946866857910936,-0.14,sl
POLICYBZR,2026-06-15,2026-06-15 11:25:00+05:30,1570.0,1566.4928501674108,-0.23403120379321857,-3.51,sl
POLICYBZR,2026-06-30,2026-06-30 11:30:00+05:30,1639.800048828125,1639.800048828125,-0.1,0.0,sl
POLICYBZR,2026-07-01,2026-07-01 11:10:00+05:30,1672.5999755859375,1667.1214076450892,-0.2965288061993085,-5.48,sl
POLICYBZR,2026-07-02,2026-07-02 10:00:00+05:30,1699.699951171875,1692.4999389648438,-0.3541629374784813,-7.2,sl
POLICYBZR,2026-07-15,2026-07-15 09:15:00+05:30,1589.699951171875,1585.1071079799108,-0.2733475498409065,-4.59,sl
POLICYBZR,2026-07-28,2026-07-28 09:25:00+05:30,1562.4000244140625,1562.4000244140625,-0.1,0.0,sl
POLICYBZR,2026-08-03,2026-08-03 09:35:00+05:30,1630.4000244140625,1630.4000244140625,-0.1,0.0,sl
POLICYBZR,2026-08-10,2026-08-10 10:45:00+05:30,1634.0,1628.7714233398438,-0.2919917990265453,-5.23,sl
POLICYBZR,2026-08-11,2026-08-11 12:50:00+05:30,1686.4000244140625,1692.9143240792412,0.13177062040575055,6.51,tp
POLICYBZR,2026-08-18,2026-08-18 12:00:00+05:30,1763.0,1757.828604561942,-0.2759975758839922,-5.17,sl
POLICYBZR,2026-08-19,2026-08-19 09:25:00+05:30,1770.199951171875,1781.1285051618304,0.2704176124077058,10.93,tp
POLYCAB,2026-06-04,2026-06-04 09:20:00+05:30,9663.0,9639.535714285714,-0.24569565795893344,-23.46,sl
POLYCAB,2026-06-09,2026-06-09 12:25:00+05:30,9689.0,9675.892857142857,-0.18116715568465136,-13.11,sl
POLYCAB,2026-06-15,2026-06-15 11:40:00+05:30,9625.0,9615.392857142857,-0.1598886827458272,-9.61,sl
POLYCAB,2026-06-17,2026-06-17 09:45:00+05:30,9738.0,9792.357142857143,0.23491770090661193,54.36,tp
POLYCAB,2026-06-30,2026-06-30 11:10:00+05:30,9834.5,9893.714285714286,0.26126464414633926,59.21,tp
POLYCAB,2026-07-10,2026-07-10 09:55:00+05:30,9141.0,9117.892857142857,-0.2516714332598826,-23.11,sl
POLYCAB,2026-07-15,2026-07-15 09:15:00+05:30,9629.0,9599.892857142857,-0.28137174903194384,-29.11,sl
POLYCAB,2026-07-22,2026-07-22 10:00:00+05:30,9011.0,9068.785714285714,0.28476782345387036,57.79,tp
POLYCAB,2026-07-24,2026-07-24 12:25:00+05:30,8942.0,8924.714285714286,-0.21598555772118386,-17.29,sl
POLYCAB,2026-07-28,2026-07-28 10:35:00+05:30,9119.0,9093.642857142857,-0.266841602306019,-25.36,sl
POLYCAB,2026-08-05,2026-08-05 09:35:00+05:30,9279.5,9251.714285714286,-0.27965869466488774,-27.79,sl
POLYCAB,2026-08-12,2026-08-12 09:25:00+05:30,9152.5,9190.285714285714,0.14770749600030875,37.79,tp
POLYCAB,2026-08-17,2026-08-17 10:00:00+05:30,9370.0,9343.642857142857,-0.26877572800731986,-26.36,sl
PRESTIGE,2026-06-05,2026-06-05 09:20:00+05:30,1381.9000244140625,1376.192879813058,-0.3477955496132685,-5.71,sl
PRESTIGE,2026-06-15,2026-06-15 11:20:00+05:30,1450.9000244140625,1459.2571498325892,0.24559757162737786,8.36,tp
PRESTIGE,2026-06-30,2026-06-30 10:45:00+05:30,1563.9000244140625,1563.9000244140625,-0.1,0.0,sl
PRESTIGE,2026-07-02,2026-07-02 12:15:00+05:30,1674.800048828125,1674.800048828125,-0.1,0.0,sl
PRESTIGE,2026-07-06,2026-07-06 11:35:00+05:30,1709.5,1709.5,-0.1,0.0,sl
PRESTIGE,2026-07-09,2026-07-09 11:15:00+05:30,1668.699951171875,1668.699951171875,-0.1,0.0,sl
PRESTIGE,2026-07-10,2026-07-10 12:50:00+05:30,1723.0,1718.6142752511162,-0.2527240191137724,-4.39,sl
PRESTIGE,2026-07-21,2026-07-21 12:30:00+05:30,1692.5999755859375,1692.5999755859375,-0.1,0.0,sl
PRESTIGE,2026-07-27,2026-07-27 12:25:00+05:30,1648.0,1643.857142857143,-0.2508321775312055,-4.14,sl
PRESTIGE,2026-08-10,2026-08-10 11:00:00+05:30,1599.0999755859375,1594.142830984933,-0.2859975489970781,-4.96,sl
PRESTIGE,2026-08-20,2026-08-20 12:50:00+05:30,1604.5,1604.5,-0.1,0.0,sl
RBLBANK,2026-06-09,2026-06-09 11:45:00+05:30,354.29998779296875,356.3214111328125,0.24232403208971248,2.02,tp
RBLBANK,2026-07-03,2026-07-03 09:50:00+05:30,363.25,361.97143118722096,-0.3111882416152582,-1.28,sl
RBLBANK,2026-07-06,2026-07-06 12:00:00+05:30,364.8500061035156,363.8321446010045,-0.2673884860326461,-1.02,sl
RBLBANK,2026-07-07,2026-07-07 09:25:00+05:30,374.25,372.83571297781805,-0.32673940235381993,-1.41,sl
RBLBANK,2026-07-10,2026-07-10 09:50:00+05:30,370.9500122070313,373.5642918178014,0.3228515203786065,2.61,tp
RBLBANK,2026-07-29,2026-07-29 12:55:00+05:30,367.4500122070313,367.4500122070313,-0.1,0.0,sl
RBLBANK,2026-07-30,2026-07-30 11:05:00+05:30,373.25,375.5357230050223,0.26743035579728947,2.29,tp
RBLBANK,2026-08-03,2026-08-03 11:15:00+05:30,379.0,378.27857099260603,-0.21421039694891267,-0.72,sl
RBLBANK,2026-08-10,2026-08-10 11:15:00+05:30,391.7999877929688,390.9964098249163,-0.22305941701209528,-0.8,sl
RBLBANK,2026-08-20,2026-08-20 09:45:00+05:30,387.4500122070313,387.4500122070313,-0.1,0.0,sl
RECLTD,2026-06-04,2026-06-04 09:30:00+05:30,331.79998779296875,330.63213021414623,-0.3111858267248439,-1.17,sl
RECLTD,2026-06-12,2026-06-12 11:50:00+05:30,344.6499938964844,344.0178527832031,-0.21004923101280193,-0.63,sl
RECLTD,2026-06-15,2026-06-15 10:45:00+05:30,354.0,353.1678553989955,-0.24104145779736819,-0.83,sl
RECLTD,2026-06-22,2026-06-22 10:20:00+05:30,365.6000061035156,365.6000061035156,-0.1,0.0,sl
RECLTD,2026-07-09,2026-07-09 12:55:00+05:30,349.6499938964844,349.07142639160156,-0.19928228485325247,-0.58,sl
RECLTD,2026-07-20,2026-07-20 12:15:00+05:30,361.25,360.6214272635324,-0.20439962404998493,-0.63,sl
RECLTD,2026-07-29,2026-07-29 11:55:00+05:30,377.1000061035156,377.1000061035156,-0.1,0.0,sl
RECLTD,2026-08-17,2026-08-17 12:45:00+05:30,337.70001220703125,337.70001220703125,-0.1,0.0,sl
RELIANCE,2026-06-16,2026-06-16 10:45:00+05:30,1326.300048828125,1331.1000453404017,0.11714527643354182,4.8,tp
RELIANCE,2026-07-06,2026-07-06 10:50:00+05:30,1319.699951171875,1324.3999546595983,0.11368509486795425,4.7,tp
RELIANCE,2026-07-30,2026-07-30 11:30:00+05:30,1291.0,1289.2642647879463,-0.18066933595911708,-1.74,sl
RELIANCE,2026-07-31,2026-07-31 12:50:00+05:30,1303.0999755859375,1302.1999773297991,-0.14143956440795777,-0.9,sl
RELIANCE,2026-08-06,2026-08-06 11:15:00+05:30,1311.5999755859375,1311.5999755859375,-0.1,0.0,sl
RELIANCE,2026-08-07,2026-08-07 11:20:00+05:30,1330.300048828125,1330.300048828125,-0.1,0.0,sl
RELIANCE,2026-08-20,2026-08-20 12:40:00+05:30,1313.4000244140625,1315.32861328125,-0.011896353068157412,1.93,tp
SBICARD,2026-06-15,2026-06-15 12:20:00+05:30,607.2999877929688,609.5857020786831,0.12582390894039117,2.29,tp
SBICARD,2026-06-16,2026-06-16 11:40:00+05:30,611.1500244140625,614.0428902762277,0.1840087454734589,2.89,tp
SBICARD,2026-06-22,2026-06-22 10:50:00+05:30,629.4000244140625,629.4000244140625,-0.1,0.0,sl
SBICARD,2026-06-25,2026-06-25 09:25:00+05:30,620.0,620.0,-0.1,0.0,sl
SBICARD,2026-07-02,2026-07-02 10:30:00+05:30,606.7000122070312,606.7000122070312,-0.1,0.0,sl
SBICARD,2026-07-07,2026-07-07 10:35:00+05:30,607.0,605.4071393694196,-0.25744915623529385,-1.59,sl
SBICARD,2026-07-10,2026-07-10 09:20:00+05:30,599.0499877929688,597.267844063895,-0.27849699678380935,-1.78,sl
SBICARD,2026-07-14,2026-07-14 09:20:00+05:30,624.2999877929688,628.1857038225446,0.27344700678076383,3.89,tp
SBICARD,2026-07-28,2026-07-28 09:20:00+05:30,657.5499877929688,662.0285557338169,0.30865954138758983,4.48,tp
SBICARD,2026-07-31,2026-07-31 09:45:00+05:30,663.5,661.442853655134,-0.2860267983300125,-2.06,sl
SBICARD,2026-08-03,2026-08-03 09:20:00+05:30,667.7999877929688,667.7999877929688,-0.1,0.0,sl
SBICARD,2026-08-14,2026-08-14 12:50:00+05:30,640.0,640.0,-0.1,0.0,sl
SBICARD,2026-08-19,2026-08-19 12:35:00+05:30,622.2999877929688,620.7142682756696,-0.252889559544072,-1.59,sl
SBILIFE,2026-06-01,2026-06-01 12:50:00+05:30,1832.9000244140625,1829.1857386997767,-0.22158717872699535,-3.71,sl
SBILIFE,2026-07-07,2026-07-07 09:25:00+05:30,1819.199951171875,1814.5213797433037,-0.254306449675008,-4.68,sl
SBILIFE,2026-07-09,2026-07-09 12:30:00+05:30,1835.800048828125,1831.8143136160713,-0.2302669715451183,-3.99,sl
SBILIFE,2026-07-10,2026-07-10 12:10:00+05:30,1854.0999755859373,1851.1071428571427,-0.1968502055402533,-2.99,sl
SBILIFE,2026-07-24,2026-07-24 12:00:00+05:30,1852.199951171875,1850.0,-0.17126502202366775,-2.2,time
SBILIFE,2026-08-03,2026-08-03 12:35:00+05:30,1901.5,1906.857142857143,0.06903948010968884,5.36,tp
SBILIFE,2026-08-05,2026-08-05 11:15:00+05:30,1893.0,1888.92143031529,-0.22927320712234292,-4.08,sl
SBIN,2026-06-05,2026-06-05 09:25:00+05:30,986.0499877929688,983.4785548618862,-0.2564687163683088,-2.57,sl
SBIN,2026-06-09,2026-06-09 11:50:00+05:30,997.7000122070312,995.6321454729353,-0.22435802598748295,-2.07,sl
SBIN,2026-06-11,2026-06-11 12:35:00+05:30,1009.0999755859376,1007.4535435267858,-0.19789508070471376,-1.65,sl
SBIN,2026-06-12,2026-06-12 10:50:00+05:30,1016.1500244140624,1014.1464451381138,-0.21830414177890178,-2.0,sl
SBIN,2026-06-18,2026-06-18 11:30:00+05:30,1034.3499755859375,1038.0571114676338,0.11504148320376668,3.71,tp
SBIN,2026-06-24,2026-06-24 11:25:00+05:30,1031.949951171875,1035.1856253487724,0.08812971539305817,3.24,tp
SBIN,2026-06-25,2026-06-25 12:00:00+05:30,1055.0,1053.7928641183037,-0.16865227763201884,-1.21,sl
SBIN,2026-06-30,2026-06-30 11:20:00+05:30,1043.8499755859375,1041.7142682756696,-0.2227594401620252,-2.14,sl
SBIN,2026-07-02,2026-07-02 09:35:00+05:30,1056.800048828125,1053.7857666015625,-0.27113637891510356,-3.01,sl
SBIN,2026-07-17,2026-07-17 09:30:00+05:30,1043.800048828125,1041.2786167689733,-0.24493764751108418,-2.52,sl
SBIN,2026-07-30,2026-07-30 12:45:00+05:30,1026.300048828125,1024.442910330636,-0.2085728388852442,-1.86,sl
SBIN,2026-08-06,2026-08-06 09:25:00+05:30,1061.9000244140625,1061.9000244140625,-0.1,0.0,sl
SBIN,2026-08-12,2026-08-12 09:20:00+05:30,1074.9000244140625,1078.9428885323662,0.1256692172190136,4.04,tp
SHRIRAMFIN,2026-06-05,2026-06-05 10:00:00+05:30,934.6500244140624,934.6500244140624,-0.1,0.0,sl
SHRIRAMFIN,2026-06-09,2026-06-09 12:40:00+05:30,912.8499755859376,910.4964076450894,-0.25469582103044675,-2.35,sl
SHRIRAMFIN,2026-06-24,2026-06-24 12:30:00+05:30,1013.4000244140624,1018.1000104631696,0.1782703336813935,4.7,tp
SHRIRAMFIN,2026-06-25,2026-06-25 09:20:00+05:30,1048.0,1043.6607186453682,-0.34843213862395767,-4.34,sl
SHRIRAMFIN,2026-06-30,2026-06-30 11:20:00+05:30,1042.1500244140625,1040.1607578822545,-0.21452860827363587,-1.99,sl
SHRIRAMFIN,2026-07-02,2026-07-02 10:45:00+05:30,1061.800048828125,1066.6714913504463,0.17527456950286194,4.87,tp
SHRIRAMFIN,2026-07-09,2026-07-09 11:20:00+05:30,1029.0999755859375,1034.7571062360491,0.22982979988260005,5.66,tp
SHRIRAMFIN,2026-07-23,2026-07-23 09:55:00+05:30,1075.699951171875,1070.9856480189733,-0.36295268384641605,-4.71,sl
SHRIRAMFIN,2026-07-31,2026-07-31 09:25:00+05:30,1052.0,1048.8214329310827,-0.28128709518539996,-3.18,sl
SHRIRAMFIN,2026-08-06,2026-08-06 09:35:00+05:30,1135.199951171875,1143.6856515066963,0.34850426531791945,8.49,tp
SHRIRAMFIN,2026-08-13,2026-08-13 09:45:00+05:30,1137.5,1144.4571533203125,0.26697072458791204,6.96,tp
SHRIRAMFIN,2026-08-19,2026-08-19 12:20:00+05:30,1112.5,1110.13569859096,-0.22751288498193697,-2.36,sl
SHRIRAMFIN,2026-08-20,2026-08-20 09:20:00+05:30,1130.0,1130.0,-0.1,0.0,sl
SIEMENS,2026-06-16,2026-06-16 09:20:00+05:30,3659.300048828125,3646.1143624441966,-0.31620014004838604,-13.19,sl
SIEMENS,2026-06-30,2026-06-30 11:30:00+05:30,3610.60009765625,3604.0072719029017,-0.20955783927931343,-6.59,sl
SIEMENS,2026-07-15,2026-07-15 10:55:00+05:30,3571.0,3589.8428083147323,0.21659717134806505,18.84,tp
SIEMENS,2026-07-16,2026-07-16 10:40:00+05:30,3705.0,3741.642752511161,0.4934048989661664,36.64,tp
SIEMENS,2026-07-24,2026-07-24 12:40:00+05:30,3705.89990234375,3697.421316964286,-0.23727168465778656,-8.48,sl
SIEMENS,2026-07-31,2026-07-31 12:55:00+05:30,3803.89990234375,3796.321358816964,-0.21953853236962895,-7.58,sl
SIEMENS,2026-08-03,2026-08-03 10:45:00+05:30,3840.0,3840.0,-0.1,0.0,sl
SIEMENS,2026-08-04,2026-08-04 09:35:00+05:30,3996.0,4030.2428850446427,0.4141574331027426,34.24,tp
SIEMENS,2026-08-20,2026-08-20 10:40:00+05:30,3950.800048828125,3941.764334542411,-0.23722356242849144,-9.04,sl
SRF,2026-06-09,2026-06-09 11:25:00+05:30,2716.0,2725.285714285714,0.10513359983168381,9.29,tp
SRF,2026-06-10,2026-06-10 11:10:00+05:30,2738.89990234375,2751.542794363839,0.17696284941126234,12.64,tp
SRF,2026-06-12,2026-06-12 11:45:00+05:30,2707.0,2703.2357352120534,-0.1834340182034701,-3.76,sl
SRF,2026-06-16,2026-06-16 10:45:00+05:30,2774.60009765625,2774.60009765625,-0.1,0.0,sl
SRF,2026-06-23,2026-06-23 09:25:00+05:30,2758.0,2770.55712890625,0.17317901899021027,12.56,tp
SRF,2026-06-24,2026-06-24 12:20:00+05:30,2765.0,2760.128574916295,-0.20570904340770696,-4.87,sl
SRF,2026-06-30,2026-06-30 12:00:00+05:30,2722.0,2733.585693359375,0.15537898661370317,11.59,tp
SRF,2026-07-02,2026-07-02 09:55:00+05:30,2801.0,2788.2143031529017,-0.3738814033651898,-12.79,sl
SRF,2026-07-09,2026-07-09 12:40:00+05:30,2762.0,2762.0,-0.1,0.0,sl
SRF,2026-07-16,2026-07-16 09:20:00+05:30,2842.0,2859.885672433036,0.277600403230875,17.89,tp
SRF,2026-07-21,2026-07-21 09:25:00+05:30,2911.10009765625,2904.0357666015625,-0.2456012672400042,-7.06,sl
SRF,2026-07-31,2026-07-31 11:15:00+05:30,2614.60009765625,2621.085867745536,0.048835841360971695,6.49,tp
SRF,2026-08-06,2026-08-06 09:50:00+05:30,2658.0,2650.564278738839,-0.2678492384009205,-7.44,sl
SRF,2026-08-17,2026-08-17 10:55:00+05:30,2633.89990234375,2629.399884905134,-0.20250998759546585,-4.5,sl
SUNPHARMA,2026-06-11,2026-06-11 12:15:00+05:30,1795.699951171875,1799.1713692801338,0.015991029770648976,3.47,tp
SUNPHARMA,2026-06-12,2026-06-12 11:30:00+05:30,1810.5,1810.5,-0.1,0.0,sl
SUNPHARMA,2026-06-19,2026-06-19 12:05:00+05:30,1834.9000244140625,1833.1857386997767,-0.156055992963427,-1.71,sl
SUNPHARMA,2026-06-22,2026-06-22 12:35:00+05:30,1856.0,1860.771449497768,0.054249444970944694,4.77,tp
SUNPHARMA,2026-07-03,2026-07-03 09:40:00+05:30,1904.0,1904.0,-0.1,0.0,sl
SUNPHARMA,2026-07-09,2026-07-09 09:35:00+05:30,1934.4000244140625,1947.5714285714287,0.30854230741717986,13.17,tp
SUNPHARMA,2026-07-14,2026-07-14 11:50:00+05:30,1942.5,1942.5,-0.1,0.0,sl
SUNPHARMA,2026-07-15,2026-07-15 11:40:00+05:30,1962.0,1958.3714163643972,-0.21096586041598805,-3.63,sl
SUPREMEIND,2026-06-04,2026-06-04 11:10:00+05:30,3653.300048828125,3674.985770089286,0.2561556013136716,21.69,tp
SUPREMEIND,2026-06-15,2026-06-15 09:20:00+05:30,3582.39990234375,3567.9141671316966,-0.34261504477894206,-14.49,sl
SUPREMEIND,2026-06-23,2026-06-23 09:20:00+05:30,3632.300048828125,3632.300048828125,-0.1,0.0,sl
SUPREMEIND,2026-07-02,2026-07-02 10:25:00+05:30,3257.699951171875,3257.699951171875,-0.1,0.0,sl
SUPREMEIND,2026-07-10,2026-07-10 11:00:00+05:30,3286.5,3300.799979073661,0.16106762343515799,14.3,tp
SUPREMEIND,2026-07-13,2026-07-13 11:10:00+05:30,3339.800048828125,3339.5,-0.10539042140975384,-0.3,time
SUPREMEIND,2026-07-14,2026-07-14 10:40:00+05:30,3363.800048828125,3385.5999581473216,0.2888443249198092,21.8,tp
SUPREMEIND,2026-07-29,2026-07-29 11:20:00+05:30,3457.0,3440.307146344866,-0.3897226552814705,-16.69,sl
SUPREMEIND,2026-08-04,2026-08-04 09:30:00+05:30,3561.0,3549.7428676060267,-0.2896736713390612,-11.26,sl
SUPREMEIND,2026-08-06,2026-08-06 09:25:00+05:30,3495.10009765625,3511.857247488839,0.1876681530893995,16.76,tp
SUPREMEIND,2026-08-12,2026-08-12 12:30:00+05:30,3432.0,3425.9142717633927,-0.20639385029033808,-6.09,sl
SUPREMEIND,2026-08-17,2026-08-17 10:00:00+05:30,3632.5,3614.4143415178573,-0.3987307663946483,-18.09,sl
SUPREMEIND,2026-08-19,2026-08-19 11:55:00+05:30,3616.699951171875,3627.628487723214,0.08130124199766443,10.93,tp
SUPREMEIND,2026-08-20,2026-08-20 10:40:00+05:30,3650.199951171875,3650.199951171875,-0.1,0.0,sl
TATACONSUM,2026-06-10,2026-06-10 09:45:00+05:30,1129.699951171875,1129.699951171875,-0.1,0.0,sl
TATACONSUM,2026-06-15,2026-06-15 11:30:00+05:30,1109.0,1107.471426827567,-0.18270008146616612,-1.53,sl
TATACONSUM,2026-06-16,2026-06-16 09:50:00+05:30,1124.0,1127.800048828125,0.1028495815725089,3.8,time
TATACONSUM,2026-06-19,2026-06-19 11:15:00+05:30,1116.0999755859375,1116.0999755859375,-0.1,0.0,sl
TATACONSUM,2026-06-25,2026-06-25 11:40:00+05:30,1110.9000244140625,1115.6857212611608,0.15847673464346887,4.79,tp
TATACONSUM,2026-07-02,2026-07-02 11:15:00+05:30,1102.800048828125,1102.800048828125,-0.1,0.0,sl
TATACONSUM,2026-07-16,2026-07-16 11:00:00+05:30,1096.0999755859375,1096.0999755859375,-0.1,0.0,sl
TATACONSUM,2026-07-23,2026-07-23 09:15:00+05:30,1105.9000244140625,1103.2000209263392,-0.24648721013387187,-2.7,sl
TATACONSUM,2026-07-27,2026-07-27 11:25:00+05:30,1110.0,1106.2214181082588,-0.30424766982384693,-3.78,sl
TATAELXSI,2026-06-01,2026-06-01 12:10:00+05:30,4369.89990234375,4360.907121930803,-0.2234734975250583,-8.99,sl
TATAELXSI,2026-06-02,2026-06-02 10:25:00+05:30,4487.2998046875,4487.2998046875,-0.1,0.0,sl
TATAELXSI,2026-06-08,2026-06-08 12:40:00+05:30,4295.0,4289.271414620535,-0.18002680390404668,-5.73,sl
TATAELXSI,2026-06-18,2026-06-18 12:00:00+05:30,4110.5,4127.071358816965,0.14188822017221275,16.57,tp
TATAELXSI,2026-07-02,2026-07-02 09:20:00+05:30,3715.199951171875,3696.14998953683,-0.40765442321406087,-19.05,sl
TATAELXSI,2026-07-13,2026-07-13 10:40:00+05:30,3734.699951171875,3758.2285505022323,0.27799983352838603,23.53,tp
TATAELXSI,2026-07-24,2026-07-24 11:45:00+05:30,3430.60009765625,3449.685791015625,0.23380212469091013,19.09,tp
TATAELXSI,2026-07-28,2026-07-28 09:30:00+05:30,3623.0,3610.7428850446427,-0.30298837905642845,-12.26,sl
TATAELXSI,2026-08-03,2026-08-03 09:45:00+05:30,3729.800048828125,3717.0429338727677,-0.30521928449272545,-12.76,sl
TATAELXSI,2026-08-07,2026-08-07 09:35:00+05:30,3794.199951171875,3782.07852608817,-0.29168349438138613,-12.12,sl
TATAELXSI,2026-08-10,2026-08-10 10:50:00+05:30,3855.60009765625,3842.57870047433,-0.30263611659054546,-13.02,sl
TATAELXSI,2026-08-20,2026-08-20 09:25:00+05:30,3729.89990234375,3754.1713518415177,0.29043593876365836,24.27,tp
TATAPOWER,2026-06-10,2026-06-10 12:10:00+05:30,401.75,401.75,-0.1,0.0,sl
TATAPOWER,2026-07-09,2026-07-09 12:30:00+05:30,378.6000061035156,377.8892931256975,-0.21263279974017496,-0.71,sl
TATAPOWER,2026-07-15,2026-07-15 10:40:00+05:30,383.2999877929688,384.778560093471,0.13144884126124629,1.48,tp
TATAPOWER,2026-07-20,2026-07-20 10:30:00+05:30,383.6499938964844,382.57142421177457,-0.26868026094651615,-1.08,sl
TATAPOWER,2026-08-04,2026-08-04 09:35:00+05:30,382.5,382.5,-0.1,0.0,sl
TATAPOWER,2026-08-13,2026-08-13 11:50:00+05:30,380.1499938964844,380.9571446010045,0.027394562800895826,0.81,tp
TATAPOWER,2026-08-14,2026-08-14 11:20:00+05:30,389.8500061035156,388.76785932268416,-0.2665481745116289,-1.08,sl
TATASTEEL,2026-06-02,2026-06-02 09:30:00+05:30,211.1300048828125,212.3742915562221,0.25360772357303646,1.24,tp
TATASTEEL,2026-07-10,2026-07-10 10:00:00+05:30,193.0500030517578,192.3907176426479,-0.30490610681829033,-0.66,sl
TATASTEEL,2026-07-31,2026-07-31 12:35:00+05:30,189.0,188.6164289202009,-0.22176859676162258,-0.38,sl
TATASTEEL,2026-08-20,2026-08-20 10:30:00+05:30,185.4199981689453,184.96642303466797,-0.24677223775961935,-0.45,sl
TATATECH,2026-06-04,2026-06-04 10:45:00+05:30,745.9000244140625,742.8000139508929,-0.34936401890627145,-3.1,sl
TATATECH,2026-06-05,2026-06-05 09:30:00+05:30,761.5999755859375,768.7857055664062,0.4661026951798733,7.19,tp
TATATECH,2026-06-15,2026-06-15 09:40:00+05:30,767.5499877929688,771.80712890625,0.23278414547479834,4.26,tp
TATATECH,2026-06-23,2026-06-23 10:15:00+05:30,756.9000244140625,760.3499755859375,0.17348006822002973,3.45,time
TATATECH,2026-07-02,2026-07-02 09:20:00+05:30,700.0499877929688,695.2999834333148,-0.5071141583442531,-4.75,sl
TATATECH,2026-07-07,2026-07-07 10:05:00+05:30,742.4500122070312,736.7035784040179,-0.5643895515010894,-5.75,sl
TATATECH,2026-07-13,2026-07-13 09:50:00+05:30,733.25,741.5142822265625,0.5762453918769178,8.26,tp
TATATECH,2026-07-16,2026-07-16 11:45:00+05:30,762.4500122070312,766.528564453125,0.22095629988550253,4.08,tp
TATATECH,2026-07-28,2026-07-28 09:25:00+05:30,735.1500244140625,742.4786028180804,0.49812921123350257,7.33,tp
TATATECH,2026-08-03,2026-08-03 10:15:00+05:30,760.0,757.0892857142857,-0.32979323308271064,-2.91,sl
TATATECH,2026-08-06,2026-08-06 09:40:00+05:30,782.2999877929688,791.5857020786831,0.6121856907024581,9.29,tp
TATATECH,2026-08-07,2026-08-07 10:05:00+05:30,822.5,822.5,-0.1,0.0,sl
TATATECH,2026-08-13,2026-08-13 12:00:00+05:30,862.7999877929688,861.3106907435825,-0.20356725107489715,-1.49,sl
TATATECH,2026-08-20,2026-08-20 11:50:00+05:30,827.0,831.2428763253348,0.20782657741244048,4.24,tp
TCS,2026-06-22,2026-06-22 11:10:00+05:30,2152.699951171875,2148.028547014509,-0.23020126157822268,-4.67,sl
TCS,2026-06-25,2026-06-25 10:00:00+05:30,2147.39990234375,2139.314208984375,-0.32592047295568877,-8.09,sl
TCS,2026-07-09,2026-07-09 12:45:00+05:30,2058.5,2052.7357090541295,-0.26801430981405305,-5.76,sl
TCS,2026-07-13,2026-07-13 09:35:00+05:30,2112.5,2130.3999372209823,0.40840058379121424,17.9,tp
TCS,2026-07-16,2026-07-16 09:15:00+05:30,2215.10009765625,2209.0715680803573,-0.2632936475133919,-6.03,sl
TCS,2026-07-23,2026-07-23 11:50:00+05:30,2225.89990234375,2234.656982421875,0.1360505088904746,8.76,tp
TCS,2026-07-27,2026-07-27 09:25:00+05:30,2289.5,2301.771414620536,0.22159199704396013,12.27,tp
TCS,2026-07-28,2026-07-28 09:40:00+05:30,2376.39990234375,2396.0713239397323,0.3966694766292791,19.67,tp
TCS,2026-07-29,2026-07-29 09:35:00+05:30,2466.699951171875,2453.8713727678573,-0.41204229110856605,-12.83,sl
TCS,2026-07-30,2026-07-30 10:05:00+05:30,2491.699951171875,2481.321358816964,-0.3499159423275569,-10.38,sl
TCS,2026-08-13,2026-08-13 11:45:00+05:30,2354.89990234375,2361.399832589286,0.06561035751201036,6.5,tp
TECHM,2026-06-04,2026-06-04 11:35:00+05:30,1497.699951171875,1494.064243861607,-0.24565162965077747,-3.64,sl
TECHM,2026-07-02,2026-07-02 09:20:00+05:30,1397.9000244140625,1393.1857038225446,-0.302345826275835,-4.71,sl
TECHM,2026-07-03,2026-07-03 11:30:00+05:30,1442.699951171875,1437.928510393415,-0.2984379679745956,-4.77,sl
TECHM,2026-07-07,2026-07-07 11:00:00+05:30,1451.199951171875,1460.4285539899554,0.2815574612152417,9.23,tp
TECHM,2026-07-09,2026-07-09 12:45:00+05:30,1432.4000244140625,1433.0,-0.07486837856556477,0.6,time
TECHM,2026-07-13,2026-07-13 10:50:00+05:30,1480.300048828125,1480.300048828125,-0.1,0.0,sl
TECHM,2026-07-21,2026-07-21 09:30:00+05:30,1612.199951171875,1606.8856462751116,-0.29777837952049935,-5.31,sl
TECHM,2026-07-30,2026-07-30 12:50:00+05:30,1684.300048828125,1681.8143310546875,-0.1885489889464875,-2.49,sl
TIINDIA,2026-06-09,2026-06-09 11:50:00+05:30,3164.0,3155.500017438616,-0.2611880384586105,-8.5,sl
TIINDIA,2026-06-16,2026-06-16 09:20:00+05:30,3294.89990234375,3281.4355817522323,-0.3451847580912573,-13.46,sl
TIINDIA,2026-06-19,2026-06-19 10:15:00+05:30,3285.0,3285.0,-0.1,0.0,sl
TIINDIA,2026-06-22,2026-06-22 12:45:00+05:30,3321.0,3321.0,-0.1,0.0,sl
TIINDIA,2026-06-24,2026-06-24 09:35:00+05:30,3332.10009765625,3316.9358258928573,-0.3730579151699372,-15.16,sl
TIINDIA,2026-07-01,2026-07-01 11:50:00+05:30,3065.300048828125,3056.1500244140625,-0.27910203115471033,-9.15,sl
TIINDIA,2026-07-16,2026-07-16 10:40:00+05:30,2984.800048828125,3003.32861328125,0.27245840558866735,18.53,tp
TIINDIA,2026-07-31,2026-07-31 09:50:00+05:30,2756.0,2756.0,-0.1,0.0,sl
TIINDIA,2026-08-04,2026-08-04 12:30:00+05:30,2782.5,2775.021414620536,-0.26126329659222036,-7.48,sl
TIINDIA,2026-08-10,2026-08-10 11:10:00+05:30,2811.0,2811.0,-0.1,0.0,sl
TIINDIA,2026-08-12,2026-08-12 10:30:00+05:30,2815.199951171875,2815.199951171875,-0.1,0.0,sl
TIINDIA,2026-08-18,2026-08-18 09:25:00+05:30,2844.300048828125,2872.771554129464,0.5006013039250844,28.47,tp
TITAN,2026-06-16,2026-06-16 11:25:00+05:30,4337.0,4328.407156808035,-0.2188772403776529,-8.59,sl
TITAN,2026-07-07,2026-07-07 09:20:00+05:30,4555.7998046875,4579.885672433035,0.2172114945097435,24.09,tp
TITAN,2026-07-08,2026-07-08 12:45:00+05:30,4620.0,4620.0,-0.1,0.0,sl
TITAN,2026-07-13,2026-07-13 11:45:00+05:30,4604.0,4597.69287109375,-0.18219542449500437,-6.31,sl
TITAN,2026-07-21,2026-07-21 11:25:00+05:30,4682.89990234375,4673.571393694197,-0.21952220432751007,-9.33,sl
TITAN,2026-07-31,2026-07-31 12:55:00+05:30,4878.5,4878.5,-0.1,0.0,sl
TITAN,2026-08-05,2026-08-05 11:35:00+05:30,4919.0,4912.385707310268,-0.18067850404226732,-6.61,sl
TITAN,2026-08-06,2026-08-06 09:20:00+05:30,4984.0,4984.0,-0.1,0.0,sl
TITAN,2026-08-17,2026-08-17 12:15:00+05:30,5103.2001953125,5103.2001953125,-0.1,0.0,sl
TITAN,2026-08-20,2026-08-20 09:25:00+05:30,5102.5,5094.25,-0.1970112689857913,-8.25,sl
TORNTPHARM,2026-06-05,2026-06-05 10:55:00+05:30,4382.10009765625,4369.478724888393,-0.2728126581308452,-12.62,sl
TORNTPHARM,2026-06-09,2026-06-09 11:25:00+05:30,4480.60009765625,4473.435930524553,-0.19593581630430332,-7.16,sl
TORNTPHARM,2026-06-10,2026-06-10 10:40:00+05:30,4534.2001953125,4556.128696986607,0.19017468214275296,21.93,tp
TORNTPHARM,2026-06-30,2026-06-30 11:30:00+05:30,4660.0,4650.535714285715,-0.22185775597792262,-9.46,sl
TORNTPHARM,2026-07-03,2026-07-03 11:10:00+05:30,4780.7001953125,4770.771589006697,-0.22460860418151915,-9.93,sl
TORNTPHARM,2026-07-31,2026-07-31 11:00:00+05:30,5040.5,5020.485735212053,-0.33824142193766366,-20.01,sl
TRENT,2026-06-02,2026-06-02 12:40:00+05:30,2816.599853515625,2816.599853515625,-0.1,0.0,sl
TRENT,2026-06-10,2026-06-10 09:30:00+05:30,2810.89990234375,2801.9642159598216,-0.2907364906835237,-8.94,sl
TRENT,2026-06-15,2026-06-15 09:30:00+05:30,2832.89990234375,2821.228498186384,-0.3471969619761675,-11.67,sl
TRENT,2026-06-17,2026-06-17 09:20:00+05:30,2957.0,2975.4999651227677,0.27537974547381117,18.5,tp
TRENT,2026-06-24,2026-06-24 11:35:00+05:30,3250.60009765625,3237.407244001116,-0.3435154111632442,-13.19,sl
TRENT,2026-06-30,2026-06-30 12:30:00+05:30,3290.0,3284.4857352120534,-0.20056409947622902,-5.51,sl
TRENT,2026-07-02,2026-07-02 09:35:00+05:30,3323.89990234375,3312.87850516183,-0.29894817844812516,-11.02,sl
TRENT,2026-07-03,2026-07-03 10:05:00+05:30,3371.89990234375,3394.699951171875,0.30570686239429123,22.8,tp
TRENT,2026-07-08,2026-07-08 12:55:00+05:30,2976.0,2967.428641183036,-0.272809653567827,-8.57,sl
TRENT,2026-07-16,2026-07-16 11:55:00+05:30,2884.0,2893.94287109375,0.10685584799757278,9.94,tp
TRENT,2026-07-20,2026-07-20 10:15:00+05:30,2920.0,2920.0,-0.1,0.0,sl
TRENT,2026-07-23,2026-07-23 12:05:00+05:30,2928.199951171875,2921.4428187779017,-0.23845637265178668,-6.76,sl
TRENT,2026-07-24,2026-07-24 11:50:00+05:30,2894.5,2894.5,-0.1,0.0,sl
TRENT,2026-07-29,2026-07-29 11:00:00+05:30,2967.300048828125,2959.6143624441966,-0.25540766873839565,-7.69,sl
TRENT,2026-07-30,2026-07-30 11:50:00+05:30,3015.0,3009.185773577009,-0.21570599846748142,-5.81,sl
TRENT,2026-08-03,2026-08-03 11:40:00+05:30,3025.39990234375,3019.4998953683034,-0.2170094631961059,-5.9,sl
TRENT,2026-08-04,2026-08-04 09:25:00+05:30,3074.5,3074.5,-0.1,0.0,sl
TRENT,2026-08-05,2026-08-05 09:30:00+05:30,3130.800048828125,3127.89990234375,-0.15557965579042085,-2.9,time
TVSMOTOR,2026-06-04,2026-06-04 12:45:00+05:30,3352.699951171875,3352.699951171875,-0.1,0.0,sl
TVSMOTOR,2026-06-25,2026-06-25 09:25:00+05:30,3536.60009765625,3523.5572335379466,-0.3212780143326996,-13.04,sl
TVSMOTOR,2026-07-02,2026-07-02 11:20:00+05:30,3595.89990234375,3587.86417061942,-0.23408156971932284,-8.04,sl
TVSMOTOR,2026-07-06,2026-07-06 10:15:00+05:30,3695.5,3719.3284737723216,0.286878210347529,23.83,tp
TVSMOTOR,2026-07-07,2026-07-07 10:05:00+05:30,3745.5,3733.221435546875,-0.29669306292551056,-12.28,sl
TVSMOTOR,2026-07-08,2026-07-08 12:40:00+05:30,3748.5,3760.6714215959823,0.09482067380523948,12.17,tp
TVSMOTOR,2026-07-13,2026-07-13 11:10:00+05:30,3651.60009765625,3670.2714494977677,0.2067918393391716,18.67,tp
TVSMOTOR,2026-07-28,2026-07-28 09:30:00+05:30,3918.0,3937.342843191964,0.19621505653850263,19.34,tp
TVSMOTOR,2026-07-29,2026-07-29 12:50:00+05:30,4068.0,4059.8928571428573,-0.21957437842393307,-8.11,sl
TVSMOTOR,2026-07-30,2026-07-30 09:25:00+05:30,4150.7998046875,4150.7998046875,-0.1,0.0,sl
TVSMOTOR,2026-07-31,2026-07-31 11:30:00+05:30,4301.89990234375,4301.89990234375,-0.1,0.0,sl
ULTRACEMCO,2026-07-03,2026-07-03 09:20:00+05:30,11671.0,11647.0,-0.22338274355239485,-24.0,sl
ULTRACEMCO,2026-07-07,2026-07-07 11:15:00+05:30,11724.0,11724.0,-0.1,0.0,sl
ULTRACEMCO,2026-07-15,2026-07-15 10:30:00+05:30,11825.0,11825.0,-0.1,0.0,sl
ULTRACEMCO,2026-07-20,2026-07-20 12:30:00+05:30,11830.0,11817.142857142857,-0.1652095157589676,-12.86,sl
ULTRACEMCO,2026-07-28,2026-07-28 10:55:00+05:30,11951.0,11930.142857142857,-0.20471329356778403,-20.86,sl
ULTRACEMCO,2026-07-31,2026-07-31 10:25:00+05:30,11907.0,11907.0,-0.1,0.0,sl
ULTRACEMCO,2026-08-03,2026-08-03 12:25:00+05:30,11981.0,12006.857142857143,0.029490741292762447,25.86,tp
ULTRACEMCO,2026-08-05,2026-08-05 10:40:00+05:30,12072.0,12112.142857142857,0.09951718261857297,40.14,tp
ULTRACEMCO,2026-08-17,2026-08-17 12:45:00+05:30,11692.0,11692.0,-0.1,0.0,sl
UNIONBANK,2026-06-05,2026-06-05 09:20:00+05:30,168.0500030517578,168.8471396309989,0.18460692583108362,0.8,tp
UNIONBANK,2026-06-18,2026-06-18 09:20:00+05:30,175.50999450683594,175.50999450683594,-0.1,0.0,sl
UNIONBANK,2026-07-10,2026-07-10 12:55:00+05:30,161.82000732421875,162.9628644670759,0.3237512388319217,1.14,tp
UNIONBANK,2026-07-13,2026-07-13 09:35:00+05:30,167.16000366210938,168.615718296596,0.4225106254828046,1.46,tp
UNIONBANK,2026-07-15,2026-07-15 09:45:00+05:30,173.5399932861328,172.7307074410575,-0.379803806517719,-0.81,sl
UNIONBANK,2026-08-03,2026-08-03 09:35:00+05:30,173.85000610351562,174.89143589564733,0.25942355671070016,1.04,tp
UNIONBANK,2026-08-05,2026-08-05 09:20:00+05:30,176.1999969482422,177.06856863839286,0.19576789053151183,0.87,tp
UNIONBANK,2026-08-06,2026-08-06 12:10:00+05:30,177.6300048828125,177.9971422467913,0.024011941863428827,0.37,tp
UNIONBANK,2026-08-12,2026-08-12 09:25:00+05:30,186.2100067138672,185.63786424909318,-0.28435393721450175,-0.57,sl
UNIONBANK,2026-08-13,2026-08-13 09:45:00+05:30,188.1699981689453,187.50785282679965,-0.31113206629821,-0.66,sl
UNIONBANK,2026-08-14,2026-08-14 10:05:00+05:30,189.02999877929688,188.4999989100865,-0.2682272250858477,-0.53,sl
UNITDSPR,2026-06-02,2026-06-02 12:55:00+05:30,1267.5999755859375,1271.4428536551338,0.08189704054325146,3.84,tp
UNITDSPR,2026-06-09,2026-06-09 11:20:00+05:30,1249.800048828125,1247.4786202566963,-0.211446398498961,-2.32,sl
UNITDSPR,2026-06-11,2026-06-11 12:10:00+05:30,1265.9000244140625,1270.3000662667412,0.10854925828990085,4.4,tp
UNITDSPR,2026-06-16,2026-06-16 12:55:00+05:30,1295.0,1293.1285661969866,-0.1867073576685727,-1.87,sl
UNITDSPR,2026-06-18,2026-06-18 10:40:00+05:30,1350.5,1360.000034877232,0.3220674510432629,9.5,tp
UNITDSPR,2026-07-02,2026-07-02 11:25:00+05:30,1363.300048828125,1368.6714739118304,0.13640100746666575,5.37,tp
UNITDSPR,2026-07-03,2026-07-03 10:50:00+05:30,1382.5,1388.4571184430804,0.15853678595647258,5.96,tp
UNITDSPR,2026-07-06,2026-07-06 11:25:00+05:30,1429.5999755859375,1425.8213936941963,-0.2585862600561031,-3.78,sl
UNITDSPR,2026-07-07,2026-07-07 12:45:00+05:30,1437.4000244140625,1435.0642961774554,-0.197498046344861,-2.34,sl
UNITDSPR,2026-07-14,2026-07-14 11:20:00+05:30,1388.300048828125,1384.5786307198662,-0.26083345000528274,-3.72,sl
UNITDSPR,2026-07-24,2026-07-24 09:20:00+05:30,1433.5,1442.8999895368304,0.29344218500859665,9.4,tp
UNITDSPR,2026-08-04,2026-08-04 09:35:00+05:30,1539.800048828125,1535.6643240792412,-0.26115305693221735,-4.14,sl
UNITDSPR,2026-08-14,2026-08-14 11:40:00+05:30,1538.0,1534.7071358816963,-0.2284602386854487,-3.29,sl
UNITDSPR,2026-08-20,2026-08-20 09:45:00+05:30,1541.0,1536.642865862165,-0.26964831166132064,-4.36,sl
UPL,2026-06-15,2026-06-15 11:10:00+05:30,626.6500244140625,625.0857369559152,-0.24977618101363325,-1.56,sl
UPL,2026-07-02,2026-07-02 09:55:00+05:30,580.3499755859375,580.3499755859375,-0.1,0.0,sl
UPL,2026-07-03,2026-07-03 09:20:00+05:30,604.9000244140625,602.8214460100446,-0.3061740770499696,-2.08,sl
UPL,2026-07-14,2026-07-14 09:20:00+05:30,593.5999755859375,592.2821175711496,-0.23320667813239887,-1.32,sl
UPL,2026-07-15,2026-07-15 09:15:00+05:30,602.2000122070312,600.1178676060268,-0.3074537919758718,-2.08,sl
UPL,2026-07-16,2026-07-16 12:20:00+05:30,615.0999755859375,617.3142700195312,0.11599361289043497,2.21,tp
UPL,2026-07-21,2026-07-21 09:25:00+05:30,617.1500244140625,615.2250235421317,-0.28715068904924346,-1.93,sl
UPL,2026-07-29,2026-07-29 12:35:00+05:30,609.4000244140625,608.1500244140625,-0.22307186904383935,-1.25,sl
UPL,2026-08-03,2026-08-03 09:35:00+05:30,619.0,619.0,-0.1,0.0,sl
UPL,2026-08-10,2026-08-10 12:00:00+05:30,574.2000122070312,573.3357238769531,-0.19031225827628515,-0.86,sl
VEDL,2026-06-17,2026-06-17 10:35:00+05:30,305.8999938964844,304.75713893345426,-0.32416246861715003,-1.14,sl
VEDL,2026-07-06,2026-07-06 11:35:00+05:30,282.5,282.05714416503906,-0.19405787645188052,-0.44,sl
VEDL,2026-07-21,2026-07-21 12:30:00+05:30,265.20001220703125,265.20001220703125,-0.1,0.0,sl
VEDL,2026-07-23,2026-07-23 09:20:00+05:30,264.54998779296875,265.5857151576451,0.1349032120508475,1.04,tp
VEDL,2026-08-04,2026-08-04 09:25:00+05:30,271.6499938964844,270.68570600237166,-0.3129846307628122,-0.96,sl
VEDL,2026-08-10,2026-08-10 09:20:00+05:30,281.0,280.0500030517578,-0.30284632346808277,-0.95,sl
VOLTAS,2026-06-02,2026-06-02 12:45:00+05:30,1231.0999755859375,1236.6857386997767,0.17223279463622915,5.59,tp
VOLTAS,2026-06-04,2026-06-04 09:50:00+05:30,1305.0,1294.1571568080358,-0.5985215260673205,-10.84,sl
VOLTAS,2026-06-05,2026-06-05 11:45:00+05:30,1306.0999755859375,1302.4142543247767,-0.269315733713599,-3.69,sl
VOLTAS,2026-06-08,2026-06-08 11:45:00+05:30,1328.5,1325.642857142857,-0.22903919565568187,-2.86,sl
VOLTAS,2026-06-15,2026-06-15 10:00:00+05:30,1326.0999755859375,1319.7999616350446,-0.3850470130553721,-6.3,sl
VOLTAS,2026-06-17,2026-06-17 09:20:00+05:30,1362.5999755859375,1373.971400669643,0.40072326232717775,11.37,tp
VOLTAS,2026-07-13,2026-07-13 09:40:00+05:30,1311.699951171875,1321.1713692801338,0.3332432016848235,9.47,tp
VOLTAS,2026-07-15,2026-07-15 11:40:00+05:30,1369.0999755859375,1374.6428745814733,0.14291428358970945,5.54,tp
VOLTAS,2026-07-21,2026-07-21 12:00:00+05:30,1360.9000244140625,1363.3714773995537,0.00896258098997051,2.47,tp
VOLTAS,2026-07-30,2026-07-30 11:25:00+05:30,1334.5,1331.1500069754463,-0.2506178954463995,-3.35,sl
VOLTAS,2026-07-31,2026-07-31 09:15:00+05:30,1342.800048828125,1342.800048828125,-0.1,0.0,sl
VOLTAS,2026-08-04,2026-08-04 09:50:00+05:30,1351.9000244140625,1351.9000244140625,-0.1,0.0,sl
VOLTAS,2026-08-14,2026-08-14 09:20:00+05:30,1309.0,1305.4928501674108,-0.26075553090554104,-3.51,sl
WIPRO,2026-06-04,2026-06-04 12:45:00+05:30,204.3999938964844,204.3999938964844,-0.1,0.0,sl
WIPRO,2026-06-16,2026-06-16 09:35:00+05:30,183.1199951171875,182.7228546142578,-0.23012467677564247,-0.4,sl
WIPRO,2026-06-29,2026-06-29 11:25:00+05:30,176.1999969482422,175.84357125418526,-0.22137084003297294,-0.36,sl
WIPRO,2026-07-09,2026-07-09 11:55:00+05:30,173.94000244140625,173.94000244140625,-0.1,0.0,sl
WIPRO,2026-07-13,2026-07-13 11:55:00+05:30,178.27999877929688,179.14999389648438,0.19279620478274195,0.87,tp
WIPRO,2026-07-23,2026-07-23 12:05:00+05:30,175.32000732421875,175.05572073800224,-0.19044715098412107,-0.26,sl
WIPRO,2026-07-24,2026-07-24 12:15:00+05:30,175.88999938964844,176.62142508370536,0.1495056103001965,0.73,tp
WIPRO,2026-07-29,2026-07-29 09:40:00+05:30,184.6499938964844,183.9528525216239,-0.32652848022881426,-0.7,sl
WIPRO,2026-07-30,2026-07-30 09:20:00+05:30,188.9600067138672,188.2771486554827,-0.31682621743928097,-0.68,sl
WIPRO,2026-08-07,2026-08-07 09:20:00+05:30,187.6000061035156,187.25429207938055,-0.21056951371663202,-0.35,sl
WIPRO,2026-08-14,2026-08-14 09:30:00+05:30,185.6300048828125,185.17643519810267,-0.24660443013924516,-0.45,sl
YESBANK,2026-06-05,2026-06-05 11:00:00+05:30,23.11000061035156,23.288571766444615,0.3636204709048859,0.18,tp
YESBANK,2026-06-12,2026-06-12 12:20:00+05:30,22.65999984741211,22.741427285330634,0.11560663318669093,0.08,tp
YESBANK,2026-06-17,2026-06-17 09:45:00+05:30,24.540000915527344,24.791430064610072,0.514741172866803,0.25,tp
YESBANK,2026-06-18,2026-06-18 09:20:00+05:30,25.43000030517578,25.59714208330427,0.2943573168447118,0.17,tp
YESBANK,2026-06-29,2026-06-29 09:35:00+05:30,25.36000061035156,25.257857595171245,-0.3416632793106967,-0.1,sl
YESBANK,2026-07-03,2026-07-03 11:25:00+05:30,24.56999969482422,24.509284836905344,-0.24826583314528344,-0.06,sl
YESBANK,2026-07-31,2026-07-31 11:15:00+05:30,22.729999542236328,22.705713408333917,-0.1641077018693724,-0.02,sl
ZEEL,2026-06-01,2026-06-01 10:05:00+05:30,97.2300033569336,97.2300033569336,-0.1,0.0,sl
ZEEL,2026-06-04,2026-06-04 09:45:00+05:30,96.8000030517578,96.8000030517578,-0.1,0.0,sl
ZEEL,2026-06-05,2026-06-05 09:25:00+05:30,109.4000015258789,112.57428414481028,1.6409228014574488,3.17,tp
ZEEL,2026-06-11,2026-06-11 09:20:00+05:30,106.88999938964844,106.02999986921039,-0.5827389982311125,-0.86,sl
ZEEL,2026-06-18,2026-06-18 10:10:00+05:30,113.1999969482422,112.50999777657645,-0.46572395243856657,-0.69,sl
ZEEL,2026-06-19,2026-06-19 09:55:00+05:30,114.04000091552734,115.68143136160714,0.7636077339015364,1.64,tp
ZEEL,2026-06-22,2026-06-22 12:35:00+05:30,117.2699966430664,116.83571025303434,-0.3221982105212662,-0.43,sl
ZEEL,2026-07-01,2026-07-01 09:30:00+05:30,108.91000366210938,108.10143171037946,-0.5454532685014821,-0.81,sl
ZEEL,2026-07-10,2026-07-10 09:50:00+05:30,101.8000030517578,101.2971463884626,-0.3963791639806962,-0.5,sl
ZEEL,2026-07-14,2026-07-14 09:25:00+05:30,102.86000061035156,102.86000061035156,-0.1,0.0,sl
ZEEL,2026-07-21,2026-07-21 09:35:00+05:30,109.3000030517578,108.80214364188058,-0.3732988450008366,-0.5,sl
ZEEL,2026-07-24,2026-07-24 12:30:00+05:30,104.56999969482422,104.21785627092635,-0.30205226638169397,-0.35,sl
ZEEL,2026-07-27,2026-07-27 12:55:00+05:30,108.12999725341795,108.12999725341795,-0.1,0.0,sl
ZEEL,2026-07-28,2026-07-28 11:20:00+05:30,109.5,109.5,-0.1,0.0,sl
ZEEL,2026-07-31,2026-07-31 09:25:00+05:30,114.81999969482422,114.81999969482422,-0.1,0.0,sl
ZEEL,2026-08-05,2026-08-05 10:00:00+05:30,101.33999633789062,100.81499644688198,-0.410834760201596,-0.52,sl
ZEEL,2026-08-07,2026-08-07 12:30:00+05:30,94.7699966430664,94.62356730869838,-0.19270613457095798,-0.15,sl
ZEEL,2026-08-14,2026-08-14 11:30:00+05:30,102.80999755859376,104.40285600934712,0.8295935153653989,1.59,tp
ZEEL,2026-08-20,2026-08-20 12:10:00+05:30,107.6500015258789,108.43143245152065,0.33553975730537533,0.78,tp
ZYDUSLIFE,2026-06-10,2026-06-10 09:35:00+05:30,1117.0999755859375,1114.0213884626116,-0.2653524585412916,-3.08,sl
ZYDUSLIFE,2026-06-23,2026-06-23 11:10:00+05:30,1121.0,1117.6285749162946,-0.2804509411439103,-3.37,sl
ZYDUSLIFE,2026-06-29,2026-06-29 10:45:00+05:30,1121.4000244140625,1121.4000244140625,-0.1,0.0,sl
ZYDUSLIFE,2026-07-03,2026-07-03 11:10:00+05:30,1122.0,1120.0714372907366,-0.20313169568253264,-1.93,sl
ZYDUSLIFE,2026-07-06,2026-07-06 11:45:00+05:30,1146.800048828125,1151.0714808872767,0.12347917041945797,4.27,tp
ZYDUSLIFE,2026-07-08,2026-07-08 09:25:00+05:30,1178.699951171875,1174.7213832310267,-0.3025231919400394,-3.98,sl
ZYDUSLIFE,2026-07-14,2026-07-14 10:40:00+05:30,1141.9000244140625,1147.714320591518,0.20550640440377518,5.81,tp
ZYDUSLIFE,2026-07-20,2026-07-20 12:15:00+05:30,1165.300048828125,1162.750034877232,-0.23129737461818312,-2.55,sl
ZYDUSLIFE,2026-07-28,2026-07-28 10:00:00+05:30,1115.4000244140625,1112.5071672712054,-0.25561361374598,-2.89,sl
ZYDUSLIFE,2026-07-29,2026-07-29 10:55:00+05:30,1114.9000244140625,1119.5857631138392,0.1521699845996138,4.69,tp
ZYDUSLIFE,2026-08-04,2026-08-04 11:15:00+05:30,1127.4000244140625,1125.528608049665,-0.1995963982901299,-1.87,sl
ZYDUSLIFE,2026-08-11,2026-08-11 10:30:00+05:30,1138.0999755859375,1146.1428745814733,0.32401717782631456,8.04,tp
ZYDUSLIFE,2026-08-20,2026-08-20 10:50:00+05:30,1121.4000244140625,1118.742876325335,-0.24216950405985346,-2.66,sl
ZYDUSWELL,2026-06-04,2026-06-04 10:50:00+05:30,508.7999877929688,507.2106998988561,-0.2874160297455901,-1.59,sl
ZYDUSWELL,2026-06-08,2026-06-08 09:35:00+05:30,518.25,525.8500061035156,0.7798849323896525,7.6,tp
ZYDUSWELL,2026-06-29,2026-06-29 09:25:00+05:30,540.9000244140625,537.1035919189453,-0.5211239405170734,-3.8,sl
ZYDUSWELL,2026-07-02,2026-07-02 11:50:00+05:30,581.4500122070312,588.2571411132812,0.6024296599886821,6.81,tp
ZYDUSWELL,2026-07-06,2026-07-06 09:50:00+05:30,605.0,602.085710797991,-0.3890204167281598,-2.91,sl
ZYDUSWELL,2026-07-10,2026-07-10 10:25:00+05:30,582.4500122070312,587.2928641183036,0.39887734326813795,4.84,tp
ZYDUSWELL,2026-07-16,2026-07-16 10:35:00+05:30,593.0499877929688,596.2999877929688,0.2288087075521089,3.25,time
ZYDUSWELL,2026-08-20,2026-08-20 10:40:00+05:30,502.25,502.25,-0.1,0.0,sl
