sym,entry_time,entry_px,exit_px,ret_opt_pct,points,reason
AARTIIND,2026-06-12 09:20:00+05:30,437.7999877929688,435.7571345738003,-0.37997075506560946,-2.04,sl
AARTIIND,2026-06-15 10:15:00+05:30,463.1499938964844,467.7000122070313,0.4894442453427574,4.55,time
AARTIIND,2026-06-18 09:35:00+05:30,489.4500122070313,492.900010245187,0.3229234388123432,3.45,tp
AARTIIND,2026-06-22 09:25:00+05:30,490.2999877929688,492.8392748151507,0.21074286176659499,2.54,tp
AARTIIND,2026-06-23 09:40:00+05:30,491.5499877929688,489.8392704554967,-0.3088150601105429,-1.71,sl
AARTIIND,2026-07-02 09:20:00+05:30,474.0,476.3357129778181,0.19565987060988668,2.34,tp
AARTIIND,2026-07-02 09:35:00+05:30,479.5,482.4250019618443,0.26600650200345977,2.93,tp
AARTIIND,2026-07-02 11:15:00+05:30,486.6499938964844,485.18570600237166,-0.28053482944346053,-1.46,sl
AARTIIND,2026-07-06 09:20:00+05:30,490.0,493.1392909458705,0.28440297296373807,3.14,tp
AARTIIND,2026-07-06 10:05:00+05:30,495.2000122070313,492.8142918178014,-0.3890614293723995,-2.39,sl
AARTIIND,2026-07-10 09:20:00+05:30,476.7000122070313,479.46429988316135,0.24792795536109682,2.76,tp
AARTIIND,2026-07-10 09:50:00+05:30,482.25,485.7857175554548,0.33990265075643217,3.54,tp
AARTIIND,2026-07-10 10:35:00+05:30,488.3999938964844,491.36785561697826,0.26460218152127,2.97,tp
AARTIIND,2026-07-14 09:30:00+05:30,489.0,487.23213849748885,-0.3169155217805095,-1.77,sl
AARTIIND,2026-07-15 09:20:00+05:30,499.0,496.64999607631137,-0.38256560204672935,-2.35,sl
AARTIIND,2026-07-15 09:30:00+05:30,506.0,502.64999607631137,-0.49723366684054926,-3.35,sl
AARTIIND,2026-07-15 10:40:00+05:30,508.0499877929688,505.03927612304693,-0.4555608789206874,-3.01,sl
AARTIIND,2026-07-20 11:15:00+05:30,496.8999938964844,498.54464067731584,0.09858886709997616,1.64,tp
AARTIIND,2026-07-23 11:35:00+05:30,489.9500122070313,488.83930097307484,-0.23601933335441505,-1.11,sl
AARTIIND,2026-07-27 09:20:00+05:30,485.75,484.0928519112723,-0.30469147776358557,-1.66,sl
AARTIIND,2026-07-29 09:45:00+05:30,488.8500061035156,486.5500052315848,-0.38229528606495955,-2.3,sl
AARTIIND,2026-07-31 09:15:00+05:30,506.0,511.3464246477399,0.5339633969652081,5.35,tp
AARTIIND,2026-08-03 11:30:00+05:30,489.7999877929688,491.278557913644,0.08112333493566987,1.48,tp
AARTIIND,2026-08-06 11:05:00+05:30,494.3500061035156,496.33750479561945,0.14122569040943633,1.99,tp
AARTIIND,2026-08-06 11:15:00+05:30,500.25,502.8803591047015,0.21548534988923337,2.63,tp
AARTIIND,2026-08-07 09:15:00+05:30,503.6499938964844,506.11963544573103,0.19420926188922943,2.47,tp
AARTIIND,2026-08-07 11:40:00+05:30,504.75,506.36785452706476,0.09231554556490514,1.62,tp
AARTIIND,2026-08-07 11:55:00+05:30,509.7000122070313,508.46430097307484,-0.2454633554281188,-1.24,sl
AARTIIND,2026-08-10 11:30:00+05:30,501.5,503.3589390345982,0.12240546774854102,1.86,tp
AARTIIND,2026-08-11 10:00:00+05:30,506.6499938964844,510.0035672869001,0.29714675979262545,3.35,tp
AARTIIND,2026-08-12 09:25:00+05:30,512.5,511.096426827567,-0.2643207616506959,-1.4,sl
AARTIIND,2026-08-12 11:45:00+05:30,512.25,514.9446422031948,0.21562426977391547,2.69,tp
AARTIIND,2026-08-20 09:30:00+05:30,534.1500244140625,532.607155936105,-0.273307319004618,-1.54,sl
ABB,2026-06-04 09:30:00+05:30,7288.0,7263.785714285715,-0.2993492237729308,-24.21,sl
ABB,2026-06-12 11:15:00+05:30,6822.5,6804.392857142857,-0.2592420038737394,-18.11,sl
ABB,2026-06-15 10:30:00+05:30,6925.0,6906.821428571428,-0.25750386797318314,-18.18,sl
ABB,2026-06-16 09:20:00+05:30,7007.0,7047.285714285715,0.24496116128769524,40.29,tp
ABB,2026-06-17 11:30:00+05:30,7048.5,7034.214285714285,-0.22160642081902257,-14.29,sl
ABB,2026-06-19 09:20:00+05:30,7285.0,7261.75,-0.29148936170212764,-23.25,sl
ABB,2026-07-09 11:45:00+05:30,6858.5,6846.107142857143,-0.20841604265822164,-12.39,sl
ABB,2026-07-10 09:25:00+05:30,6878.0,6905.535714285715,0.14020687076808377,27.54,tp
ABB,2026-07-14 11:00:00+05:30,6833.0,6836.5,-0.06926679350212205,3.5,time
ABB,2026-07-15 09:15:00+05:30,6970.0,6999.303571428572,0.15225456036073076,29.3,tp
ABB,2026-07-15 09:55:00+05:30,7042.5,7013.892857142857,-0.3437243267914217,-28.61,sl
ABB,2026-07-15 10:55:00+05:30,7112.5,7153.857142857143,0.24888275169470467,41.36,tp
ABB,2026-07-15 11:05:00+05:30,7208.0,7178.964285714285,-0.3416957348977359,-29.04,sl
ABB,2026-07-16 10:40:00+05:30,7731.0,7823.089285714285,0.6147014801263897,92.09,tp
ABB,2026-07-21 09:40:00+05:30,7609.0,7578.5,-0.3405046655276646,-30.5,sl
ABB,2026-07-22 11:25:00+05:30,7603.5,7584.75,-0.24795817715525742,-18.75,sl
ABB,2026-07-22 11:40:00+05:30,7634.0,7613.178571428572,-0.26364759160148105,-20.82,sl
ABB,2026-07-23 10:40:00+05:30,7677.5,7656.285714285715,-0.2657905754291266,-21.21,sl
ABB,2026-07-24 11:20:00+05:30,7567.5,7549.892857142857,-0.23960073623106531,-17.61,sl
ABB,2026-07-29 11:30:00+05:30,7247.5,7220.428571428572,-0.3241166904844024,-27.07,sl
ABB,2026-07-30 11:10:00+05:30,7281.0,7312.017857142857,0.15560656895638136,31.02,tp
ABB,2026-07-31 09:20:00+05:30,7424.0,7392.642857142857,-0.35342518472906614,-31.36,sl
ABB,2026-08-03 11:55:00+05:30,7569.0,7538.321428571428,-0.3431912122756366,-30.68,sl
ABB,2026-08-04 09:35:00+05:30,7809.0,7765.928571428572,-0.43093683112891623,-43.07,sl
ABB,2026-08-17 09:35:00+05:30,7720.0,7748.821428571428,0.12400074019244897,28.82,tp
ABB,2026-08-18 09:30:00+05:30,7726.0,7704.25,-0.26891017344033136,-21.75,sl
ADANIENT,2026-06-04 09:20:00+05:30,2965.10009765625,2955.707257952009,-0.2900679112654335,-9.39,sl
ADANIENT,2026-06-05 09:35:00+05:30,3046.0,3026.4071742466517,-0.4859387869996378,-19.59,sl
ADANIENT,2026-06-09 11:45:00+05:30,2991.39990234375,2982.9071044921875,-0.27034428285382556,-8.49,sl
ADANIENT,2026-06-11 10:10:00+05:30,2960.800048828125,2948.185791015625,-0.3556253229763222,-12.61,sl
ADANIENT,2026-06-12 09:20:00+05:30,2963.89990234375,2950.185616629464,-0.3776264954853771,-13.71,sl
ADANIENT,2026-06-16 09:15:00+05:30,2975.5,2966.507149832589,-0.28133792977470906,-8.99,sl
ADANIENT,2026-06-16 09:50:00+05:30,2990.5,2978.78573172433,-0.3350296259957165,-11.71,sl
ADANIENT,2026-06-17 10:20:00+05:30,2971.60009765625,2963.2072405133927,-0.2694613716591998,-8.39,sl
ADANIENT,2026-06-19 09:20:00+05:30,3049.300048828125,3036.300066266741,-0.3557960650618178,-13.0,sl
ADANIENT,2026-06-22 11:00:00+05:30,3029.800048828125,3023.521484375,-0.22433621397993128,-6.28,sl
ADANIENT,2026-06-22 11:10:00+05:30,3032.89990234375,3042.682050432478,0.09352069116099228,9.78,tp
ADANIENT,2026-06-25 09:35:00+05:30,3098.39990234375,3087.392752511161,-0.3131516301223025,-11.01,sl
ADANIENT,2026-06-30 11:20:00+05:30,3007.5,3001.6785714285716,-0.21613822586390904,-5.82,sl
ADANIENT,2026-07-01 10:30:00+05:30,3091.39990234375,3078.99991280692,-0.3406674631922403,-12.4,sl
ADANIENT,2026-07-03 11:50:00+05:30,3174.10009765625,3189.8179234095983,0.19711399016598677,15.72,tp
ADANIENT,2026-07-10 09:50:00+05:30,3155.699951171875,3158.89990234375,-0.039158642049856,3.2,time
ADANIENT,2026-07-13 11:05:00+05:30,3186.0,3178.950020926339,-0.23276796748890358,-7.05,sl
ADANIENT,2026-07-14 11:05:00+05:30,3202.5,3217.7035609654017,0.1848442335438261,15.2,tp
ADANIENT,2026-07-16 11:00:00+05:30,3177.10009765625,3169.592947823661,-0.24177362252062348,-7.51,sl
ADANIENT,2026-07-17 09:30:00+05:30,3176.60009765625,3169.00723702567,-0.24341485356338632,-7.59,sl
ADANIENT,2026-07-24 11:45:00+05:30,3024.89990234375,3037.3177228655136,0.14631202861573084,12.42,tp
ADANIENT,2026-08-03 09:20:00+05:30,3056.199951171875,3068.7035173688614,0.14547280407210308,12.5,tp
ADANIENT,2026-08-05 09:20:00+05:30,3076.5,3068.3714425223216,-0.2585286685066493,-8.13,sl
ADANIENT,2026-08-14 10:10:00+05:30,3006.300048828125,2996.0072021484375,-0.30542553662332644,-10.29,sl
ADANIENT,2026-08-14 11:45:00+05:30,3021.0,3014.7428676060267,-0.22427273870850606,-6.26,sl
ADANIPORTS,2026-06-02 09:55:00+05:30,1790.699951171875,1782.4571184430804,-0.37618807014766414,-8.24,sl
ADANIPORTS,2026-06-04 09:20:00+05:30,1824.0,1817.9785766601562,-0.2980731361790707,-6.02,sl
ADANIPORTS,2026-06-05 09:40:00+05:30,1813.5,1807.557137625558,-0.29662075680536076,-5.94,sl
ADANIPORTS,2026-06-05 11:00:00+05:30,1817.800048828125,1813.1214773995534,-0.2544252823049821,-4.68,sl
ADANIPORTS,2026-06-10 10:55:00+05:30,1857.0,1851.42138671875,-0.28024598647011306,-5.58,sl
ADANIPORTS,2026-06-19 11:10:00+05:30,1842.5999755859373,1839.3285435267853,-0.20652660704974715,-3.27,sl
ADANIPORTS,2026-06-19 11:45:00+05:30,1846.199951171875,1842.8356672014509,-0.20933649851811537,-3.36,sl
ADANIPORTS,2026-06-22 11:20:00+05:30,1826.800048828125,1826.0,-0.12627705737050612,-0.8,time
ADANIPORTS,2026-07-01 09:35:00+05:30,1837.0999755859373,1831.72855922154,-0.2754313788834708,-5.37,sl
ADANIPORTS,2026-07-01 10:05:00+05:30,1857.699951171875,1850.8571166992188,-0.32100989349780573,-6.84,sl
ADANIPORTS,2026-07-01 10:45:00+05:30,1874.9000244140625,1866.5286080496653,-0.3678996081515354,-8.37,sl
ADANIPORTS,2026-07-10 09:35:00+05:30,1822.300048828125,1829.2536359514509,0.12894979762956824,6.95,tp
ADANIPORTS,2026-07-10 09:50:00+05:30,1839.199951171875,1847.9856785365514,0.18661573285966346,8.79,tp
ADANIPORTS,2026-07-14 11:10:00+05:30,1834.0,1840.5143040248327,0.11311790702833112,6.51,tp
ADANIPORTS,2026-07-15 09:15:00+05:30,1834.699951171875,1830.2785121372767,-0.24459385683552826,-4.42,sl
ADANIPORTS,2026-07-16 10:40:00+05:30,1838.300048828125,1844.878649030413,0.11471794682750797,6.58,tp
ADANIPORTS,2026-07-16 11:15:00+05:30,1855.199951171875,1850.53564453125,-0.2508508008857599,-4.66,sl
ADANIPORTS,2026-07-23 11:00:00+05:30,1821.0999755859373,1816.1571306501114,-0.2628525067955867,-4.94,sl
ADANIPORTS,2026-07-24 11:45:00+05:30,1780.199951171875,1776.2642299107142,-0.23264986077221136,-3.94,sl
ADANIPORTS,2026-07-31 11:55:00+05:30,1676.4000244140625,1680.7071881975446,0.05415761348443868,4.31,tp
ADANIPORTS,2026-08-05 09:35:00+05:30,1708.5,1704.1214425223213,-0.2537684803399005,-4.38,sl
ADANIPORTS,2026-08-20 09:15:00+05:30,1683.800048828125,1687.3357892717634,0.025991460070302203,3.54,tp
ADANIPORTS,2026-08-20 10:10:00+05:30,1695.4000244140625,1692.5643136160713,-0.2003554591420229,-2.84,sl
ALKEM,2026-06-08 11:15:00+05:30,5374.0,5355.5,-0.30655005582433936,-18.5,time
ALKEM,2026-06-10 10:45:00+05:30,5456.0,5437.857142857143,-0.2995182237117693,-18.14,sl
ALKEM,2026-06-19 11:20:00+05:30,5383.5,5394.107142857143,0.018218365641048936,10.61,tp
ALKEM,2026-06-23 09:25:00+05:30,5477.5,5502.785714285715,0.17697724457195443,25.29,tp
ALKEM,2026-06-29 09:30:00+05:30,5509.0,5495.821428571428,-0.24353136426108069,-13.18,sl
ALKEM,2026-06-30 11:15:00+05:30,5502.5,5512.892857142857,0.0133251119620923,10.39,tp
ALKEM,2026-07-15 10:30:00+05:30,5679.5,5662.678571428572,-0.2777067900846389,-16.82,sl
ALKEM,2026-07-28 11:45:00+05:30,5646.0,5647.5,-0.08405951115834219,1.5,time
ALKEM,2026-07-30 09:20:00+05:30,5715.0,5734.767857142857,0.10753655793025599,19.77,tp
ALKEM,2026-07-30 09:35:00+05:30,5799.0,5829.482142857143,0.21538688936516415,30.48,tp
ALKEM,2026-07-30 09:50:00+05:30,5835.0,5811.714285714285,-0.33944179214102493,-23.29,sl
ALKEM,2026-07-30 10:35:00+05:30,5848.5,5822.428571428572,-0.36746784889898376,-26.07,sl
ALKEM,2026-08-10 09:20:00+05:30,5658.5,5642.714285714285,-0.2673840871508139,-15.79,sl
ALKEM,2026-08-18 09:25:00+05:30,5459.0,5484.446428571428,0.17968230706827373,25.45,tp
ALKEM,2026-08-19 09:50:00+05:30,5482.5,5464.357142857143,-0.2985538401407046,-18.14,sl
ABBOTINDIA,2026-06-08 09:30:00+05:30,26130.0,26041.428571428572,-0.303378710841395,-88.57,sl
ABBOTINDIA,2026-06-30 11:55:00+05:30,25330.0,25377.678571428572,0.012937792566693564,47.68,tp
ABBOTINDIA,2026-07-02 11:50:00+05:30,25760.0,25715.0,-0.2048136645962733,-45.0,sl
ABBOTINDIA,2026-07-03 11:55:00+05:30,25970.0,26036.428571428572,0.05347378843721016,66.43,tp
ABBOTINDIA,2026-07-06 09:40:00+05:30,26450.0,26604.285714285714,0.24998649743451137,154.29,tp
ABBOTINDIA,2026-07-06 11:00:00+05:30,26800.0,26956.964285714286,0.2514125799573573,156.96,tp
ABBOTINDIA,2026-07-10 10:20:00+05:30,27195.0,27119.64285714286,-0.26625955401465257,-75.36,sl
ABBOTINDIA,2026-07-13 11:00:00+05:30,27460.0,27406.428571428572,-0.2170533763396086,-53.57,sl
ABBOTINDIA,2026-07-14 09:20:00+05:30,27505.0,27445.714285714286,-0.22932713532604349,-59.29,sl
ABBOTINDIA,2026-07-16 10:35:00+05:30,27805.0,27744.285714285714,-0.2310144629691485,-60.71,sl
ABBOTINDIA,2026-07-20 11:30:00+05:30,28250.0,28265.0,-0.06814159292035399,15.0,time
ABBOTINDIA,2026-07-21 09:35:00+05:30,28405.0,28344.64285714286,-0.22749264465511276,-60.36,sl
ABBOTINDIA,2026-07-21 10:20:00+05:30,28450.0,28480.0,-0.036731107205623906,30.0,time
ABBOTINDIA,2026-07-22 11:25:00+05:30,28635.0,28745.35714285714,0.1312355010102489,110.36,tp
ABBOTINDIA,2026-08-03 11:35:00+05:30,27850.0,27901.428571428572,0.010797640420622912,51.43,tp
ABBOTINDIA,2026-08-06 09:30:00+05:30,27855.0,27946.60714285714,0.09732287099007281,91.61,tp
ABBOTINDIA,2026-08-11 11:30:00+05:30,27705.0,27663.928571428572,-0.18894732771289122,-41.07,sl
APOLLOHOSP,2026-06-03 09:20:00+05:30,8185.5,8161.678571428572,-0.27461190083509945,-23.82,sl
APOLLOHOSP,2026-06-03 11:55:00+05:30,8300.0,8282.714285714286,-0.22495697074009952,-17.29,sl
APOLLOHOSP,2026-06-08 09:20:00+05:30,8340.5,8376.5,0.15897727953959592,36.0,tp
APOLLOHOSP,2026-06-08 09:50:00+05:30,8384.0,8431.035714285714,0.23661055070882944,47.04,tp
APOLLOHOSP,2026-06-08 10:55:00+05:30,8450.0,8481.392857142857,0.12290786136939799,31.39,tp
APOLLOHOSP,2026-06-09 11:00:00+05:30,8469.5,8455.714285714286,-0.19766135629527434,-13.79,sl
APOLLOHOSP,2026-06-19 10:35:00+05:30,8484.0,8472.785714285714,-0.17930895130329727,-11.21,sl
APOLLOHOSP,2026-06-23 09:45:00+05:30,8540.0,8524.32142857143,-0.2101538976246181,-15.68,sl
APOLLOHOSP,2026-06-24 09:20:00+05:30,8541.5,8571.660714285714,0.11186476112425522,30.16,tp
APOLLOHOSP,2026-06-25 10:55:00+05:30,8645.0,8629.464285714286,-0.2078245063207433,-15.54,sl
APOLLOHOSP,2026-06-25 11:10:00+05:30,8665.5,8690.517857142857,0.07322386804816952,25.02,tp
APOLLOHOSP,2026-07-03 09:30:00+05:30,8831.0,8803.464285714286,-0.2870844589675943,-27.54,sl
APOLLOHOSP,2026-07-03 10:45:00+05:30,8894.5,8871.642857142857,-0.25418838286902995,-22.86,sl
APOLLOHOSP,2026-07-08 09:20:00+05:30,8858.0,8879.642857142857,0.046598716253264054,21.64,tp
APOLLOHOSP,2026-07-09 09:40:00+05:30,8896.0,8864.57142857143,-0.3119732785200358,-31.43,sl
APOLLOHOSP,2026-07-15 09:20:00+05:30,8986.0,8970.92857142857,-0.20063273027885165,-15.07,sl
APOLLOHOSP,2026-07-28 10:45:00+05:30,8882.5,8869.82142857143,-0.18564191226729398,-12.68,sl
APOLLOHOSP,2026-07-30 10:05:00+05:30,8976.5,8954.607142857143,-0.2463344765299853,-21.89,sl
APOLLOHOSP,2026-08-05 11:00:00+05:30,8958.0,8938.892857142857,-0.22797818390584806,-19.11,sl
APOLLOHOSP,2026-08-06 09:30:00+05:30,8975.0,8998.035714285714,0.053999204138476406,23.04,tp
APOLLOHOSP,2026-08-06 10:25:00+05:30,9011.5,8997.357142857143,-0.1941653918405829,-14.14,sl
APOLLOHOSP,2026-08-13 09:20:00+05:30,8779.0,8740.67857142857,-0.3619074740045291,-38.32,sl
APOLLOHOSP,2026-08-14 09:35:00+05:30,8762.0,8812.732142857143,0.24740111520527128,50.73,tp
APOLLOHOSP,2026-08-14 10:00:00+05:30,8839.0,8897.232142857143,0.2952855041779145,58.23,tp
APOLLOHOSP,2026-08-18 10:25:00+05:30,8905.0,8885.57142857143,-0.2309055907596001,-19.43,sl
AMBER,2026-06-01 09:30:00+05:30,7750.0,7700.428571428572,-0.4837788018433169,-49.57,sl
AMBER,2026-06-04 09:20:00+05:30,7614.5,7580.392857142857,-0.3687541626408283,-34.11,sl
AMBER,2026-06-05 10:05:00+05:30,7707.0,7753.875,0.2649279875437914,46.88,tp
AMBER,2026-06-08 11:15:00+05:30,7719.5,7700.642857142857,-0.24656759782739646,-18.86,sl
AMBER,2026-06-10 09:25:00+05:30,7803.5,7779.392857142857,-0.28535638770149124,-24.11,sl
AMBER,2026-06-10 11:50:00+05:30,7769.5,7756.785714285715,-0.19818613074935573,-12.71,sl
AMBER,2026-06-16 09:25:00+05:30,7738.5,7706.285714285715,-0.3497715504112062,-32.21,sl
AMBER,2026-06-16 10:35:00+05:30,7798.0,7757.928571428572,-0.40832081486095234,-40.07,sl
AMBER,2026-06-17 11:30:00+05:30,7920.0,7899.25,-0.25719696969696965,-20.75,sl
AMBER,2026-06-18 09:25:00+05:30,7998.5,8041.892857142857,0.2255074612204054,43.39,tp
AMBER,2026-06-25 10:35:00+05:30,7916.0,7892.035714285715,-0.2816393560961495,-23.96,sl
AMBER,2026-06-30 11:55:00+05:30,7513.5,7494.178571428572,-0.2542936999115867,-19.32,sl
AMBER,2026-07-03 09:50:00+05:30,7516.5,7490.321428571428,-0.3089688399806151,-26.18,sl
AMBER,2026-07-06 09:45:00+05:30,7560.0,7537.75,-0.2765873015873016,-22.25,sl
AMBER,2026-07-06 10:20:00+05:30,7603.0,7572.714285714285,-0.33900340091317643,-30.29,sl
AMBER,2026-07-07 11:25:00+05:30,7604.0,7630.303571428572,0.1075505373111906,26.3,tp
AMBER,2026-07-07 11:55:00+05:30,7707.0,7679.0,-0.31798365122615807,-28.0,sl
AMBER,2026-07-09 09:20:00+05:30,7590.0,7648.875,0.3654150197628458,58.88,tp
AMBER,2026-07-09 11:20:00+05:30,7682.0,7657.071428571428,-0.2947037601815013,-24.93,sl
AMBER,2026-07-10 09:20:00+05:30,7715.0,7766.0,0.2966299416720674,51.0,tp
AMBER,2026-07-10 11:50:00+05:30,7780.5,7802.142857142857,0.06690076840452579,21.64,tp
AMBER,2026-07-13 09:25:00+05:30,7807.5,7787.75,-0.25177713736791546,-19.75,sl
AMBER,2026-07-13 10:00:00+05:30,7932.5,7900.785714285715,-0.33988113997568475,-31.71,sl
AMBER,2026-07-14 10:55:00+05:30,7780.0,7819.803571428572,0.20696841718692718,39.8,tp
AMBER,2026-07-16 09:15:00+05:30,7928.0,7909.642857142857,-0.2389289318149076,-18.36,sl
AMBER,2026-07-16 11:05:00+05:30,7935.0,7906.75,-0.3136105860113422,-28.25,sl
AMBER,2026-07-16 11:30:00+05:30,7979.0,8024.857142857143,0.24483376004870122,45.86,tp
AMBER,2026-07-20 11:10:00+05:30,7843.5,7871.410714285715,0.11350708958282403,27.91,tp
AMBER,2026-07-29 09:30:00+05:30,7343.0,7314.107142857143,-0.33608490107196143,-28.89,sl
AMBER,2026-07-30 09:30:00+05:30,7478.5,7452.464285714285,-0.3088845165665415,-26.04,sl
AMBER,2026-07-30 11:25:00+05:30,7518.0,7498.178571428572,-0.2581917683274417,-19.82,sl
AMBER,2026-08-04 11:10:00+05:30,7480.0,7502.875,0.08348930481283422,22.88,tp
AMBER,2026-08-05 09:35:00+05:30,7469.0,7499.053571428572,0.14142646749421517,30.05,tp
AMBER,2026-08-05 10:05:00+05:30,7517.0,7490.785714285715,-0.3092400083619954,-26.21,sl
AMBER,2026-08-07 10:50:00+05:30,7462.0,7505.232142857143,0.2476184094651014,43.23,tp
AMBER,2026-08-14 10:15:00+05:30,7332.5,7268.392857142857,-0.6245725975354364,-64.11,sl
AMBER,2026-08-20 09:45:00+05:30,7333.5,7314.678571428572,-0.2539900067206254,-18.82,sl
AMBUJACEM,2026-06-12 11:40:00+05:30,411.1499938964844,410.39998735700334,-0.20945006211088962,-0.75,sl
AMBUJACEM,2026-06-15 11:40:00+05:30,432.5499877929688,431.53927394321994,-0.24019843416099576,-1.01,sl
AMBUJACEM,2026-06-24 09:20:00+05:30,422.4500122070313,420.9750039236887,-0.30949341802169333,-1.48,sl
AMBUJACEM,2026-06-24 10:00:00+05:30,424.5,427.59642791748047,0.337657656180985,3.1,tp
AMBUJACEM,2026-06-25 09:35:00+05:30,432.6499938964844,431.34999084472656,-0.28028472022613976,-1.3,sl
AMBUJACEM,2026-06-29 11:00:00+05:30,424.7000122070313,426.37680053710943,0.13689026821982714,1.68,tp
AMBUJACEM,2026-06-30 11:20:00+05:30,423.9500122070313,423.0892987932478,-0.2218134292723919,-0.86,sl
AMBUJACEM,2026-07-02 09:45:00+05:30,426.2000122070313,424.8357282366072,-0.29206249620115454,-1.36,sl
AMBUJACEM,2026-07-02 10:40:00+05:30,429.4500122070313,428.039293561663,-0.2970965567962169,-1.41,sl
AMBUJACEM,2026-07-03 09:30:00+05:30,437.2000122070313,435.77858407156816,-0.2950724742601394,-1.42,sl
AMBUJACEM,2026-07-10 09:20:00+05:30,434.8999938964844,436.79642377580916,0.1616366851147176,1.9,tp
AMBUJACEM,2026-07-10 09:55:00+05:30,440.0,438.4107164655413,-0.3167204819716372,-1.59,sl
AMBUJACEM,2026-07-14 11:10:00+05:30,434.1499938964844,435.9392776489258,0.14728095509793285,1.79,tp
AMBUJACEM,2026-07-15 10:30:00+05:30,437.75,436.6607142857143,-0.249302439422372,-1.09,sl
AMBUJACEM,2026-07-21 10:30:00+05:30,443.7999877929688,442.63212803431924,-0.2578900122720651,-1.17,sl
AMBUJACEM,2026-07-24 11:15:00+05:30,421.1000061035156,420.2821415492466,-0.21653258737801673,-0.82,sl
AMBUJACEM,2026-07-27 09:25:00+05:30,430.3500061035156,432.62679181780135,0.2174326499818478,2.28,tp
AMBUJACEM,2026-08-03 09:55:00+05:30,438.4500122070313,436.9071568080358,-0.3111331311721357,-1.54,sl
AMBUJACEM,2026-08-03 10:35:00+05:30,441.0499877929688,439.6749877929688,-0.2870536272154392,-1.38,sl
AMBUJACEM,2026-08-03 11:00:00+05:30,443.0499877929688,441.4249877929688,-0.3200654614295135,-1.62,sl
AMBUJACEM,2026-08-05 10:00:00+05:30,448.25,448.9500122070313,-0.006300652711927694,0.7,time
AMBUJACEM,2026-08-20 09:15:00+05:30,409.3999938964844,410.6374958583287,0.08136326042406561,1.24,tp
AMBUJACEM,2026-08-20 11:35:00+05:30,413.0,414.4196395874023,0.10624303933205138,1.42,tp
APOLLOTYRE,2026-06-04 10:55:00+05:30,394.7999877929688,396.3857040405274,0.14099031863042544,1.59,tp
APOLLOTYRE,2026-06-04 11:20:00+05:30,397.3500061035156,396.11785888671875,-0.2860546920151624,-1.23,sl
APOLLOTYRE,2026-06-12 09:20:00+05:30,392.5499877929688,390.7321297781808,-0.3778537365406915,-1.82,sl
APOLLOTYRE,2026-06-15 09:50:00+05:30,414.3500061035156,411.75000653948103,-0.4764932340874697,-2.6,sl
APOLLOTYRE,2026-06-15 10:50:00+05:30,415.25,413.47857448032926,-0.3559555236128707,-1.77,sl
APOLLOTYRE,2026-06-16 09:25:00+05:30,418.7999877929688,417.06784711565297,-0.34815769739307345,-1.73,sl
APOLLOTYRE,2026-06-17 09:20:00+05:30,428.7000122070313,432.37501743861617,0.4143464138475599,3.68,tp
APOLLOTYRE,2026-06-17 11:05:00+05:30,440.4500122070313,442.66251809256426,0.20139709263892192,2.21,tp
APOLLOTYRE,2026-06-19 11:10:00+05:30,428.6499938964844,428.1499938964844,-0.16998717001555533,-0.5,time
APOLLOTYRE,2026-06-22 09:35:00+05:30,432.2000122070313,429.95715114048556,-0.41136432251714605,-2.24,sl
APOLLOTYRE,2026-06-22 11:40:00+05:30,432.0,431.278573172433,-0.20019817049541283,-0.72,sl
APOLLOTYRE,2026-06-24 11:50:00+05:30,427.2000122070313,426.1250108991351,-0.25098332544643165,-1.08,sl
APOLLOTYRE,2026-06-25 09:20:00+05:30,431.5499877929688,433.7571280343193,0.20686691745328062,2.21,tp
APOLLOTYRE,2026-06-25 09:35:00+05:30,435.7999877929688,433.73213195800787,-0.3846979200848385,-2.07,sl
APOLLOTYRE,2026-07-02 09:20:00+05:30,437.9500122070313,440.087516784668,0.19284226757271009,2.14,tp
APOLLOTYRE,2026-07-02 09:40:00+05:30,442.8999938964844,440.9642769949777,-0.3622330451364739,-1.94,sl
APOLLOTYRE,2026-07-02 10:50:00+05:30,446.2999877929688,448.49642617361894,0.19528636890786036,2.2,tp
APOLLOTYRE,2026-07-02 11:05:00+05:30,453.0,451.1785648890904,-0.34124968356418417,-1.82,sl
APOLLOTYRE,2026-07-06 10:20:00+05:30,455.0499877929688,458.22677612304693,0.3188711238717951,3.18,tp
APOLLOTYRE,2026-07-07 10:05:00+05:30,457.9500122070313,455.90715244838174,-0.36765276176815925,-2.04,sl
APOLLOTYRE,2026-07-08 11:00:00+05:30,453.8999938964844,452.51785060337613,-0.2827023544869382,-1.38,sl
APOLLOTYRE,2026-07-13 11:10:00+05:30,440.4500122070313,441.7678811209543,0.07952578645454317,1.32,tp
APOLLOTYRE,2026-07-15 11:00:00+05:30,433.0,432.0500030517578,-0.23163929998737007,-0.95,sl
APOLLOTYRE,2026-07-23 10:00:00+05:30,430.0,430.5,-0.030232558139534883,0.5,time
APOLLOTYRE,2026-07-29 09:20:00+05:30,429.2000122070313,430.81787000383656,0.12616837149923305,1.62,tp
APOLLOTYRE,2026-07-30 09:30:00+05:30,430.7999877929688,429.2107042585101,-0.3213486879515648,-1.59,sl
APOLLOTYRE,2026-07-31 09:45:00+05:30,429.0499877929688,427.6999882289342,-0.28878912981384497,-1.35,sl
APOLLOTYRE,2026-07-31 11:45:00+05:30,430.0,428.8142852783203,-0.26544856581577037,-1.19,sl
APOLLOTYRE,2026-08-05 09:35:00+05:30,447.0,449.93035779680525,0.2933366170208394,2.93,tp
APOLLOTYRE,2026-08-06 10:10:00+05:30,449.2000122070313,448.6499938964844,-0.1734663796438324,-0.55,time
APOLLOTYRE,2026-08-07 11:00:00+05:30,444.4500122070313,446.14823695591525,0.12925746908422453,1.7,tp
APOLLOTYRE,2026-08-10 11:15:00+05:30,449.5499877929688,451.4624884469169,0.15525534946678943,1.91,tp
APOLLOTYRE,2026-08-12 09:25:00+05:30,447.7999877929688,446.56070382254467,-0.266049665592724,-1.24,sl
APOLLOTYRE,2026-08-14 11:35:00+05:30,445.8500061035156,445.02857099260603,-0.21054414260371765,-0.82,sl
APLAPOLLO,2026-06-17 10:50:00+05:30,1850.5,1857.2928597586495,0.12024943827017961,6.79,tp
APLAPOLLO,2026-06-17 11:15:00+05:30,1866.800048828125,1862.35005405971,-0.24302532629164683,-4.45,sl
APLAPOLLO,2026-07-02 10:10:00+05:30,1800.0,1793.449994768415,-0.3183335077194973,-6.55,sl
APLAPOLLO,2026-07-07 09:20:00+05:30,1826.0999755859373,1821.0499616350444,-0.265927846834536,-5.05,sl
APLAPOLLO,2026-07-10 09:30:00+05:30,1823.800048828125,1818.4714878627233,-0.2753008275932079,-5.33,sl
APLAPOLLO,2026-07-15 10:45:00+05:30,1820.0999755859373,1816.2999965122765,-0.2252671542651101,-3.8,sl
APLAPOLLO,2026-07-15 11:55:00+05:30,1821.9000244140625,1819.864292689732,-0.16704204502061296,-2.04,sl
APLAPOLLO,2026-07-23 09:25:00+05:30,1839.0,1845.8785531180245,0.12442261396490881,6.88,tp
APLAPOLLO,2026-07-23 11:40:00+05:30,1845.300048828125,1841.7357700892858,-0.21589265630061896,-3.56,sl
APLAPOLLO,2026-07-27 09:55:00+05:30,1850.5999755859373,1858.4428274972097,0.154280298759516,7.84,tp
APLAPOLLO,2026-07-30 11:15:00+05:30,1881.9000244140625,1887.4285932268415,0.07626554251733947,5.53,tp
APLAPOLLO,2026-08-05 11:40:00+05:30,1945.9000244140625,1942.6500244140625,-0.20021069816200718,-3.25,sl
APLAPOLLO,2026-08-06 10:00:00+05:30,1974.0999755859373,1983.9571315220421,0.1995944296036715,9.86,tp
APLAPOLLO,2026-08-10 11:50:00+05:30,1980.0,1985.3143092564173,0.06103967443688927,5.31,tp
APLAPOLLO,2026-08-13 10:05:00+05:30,2028.0,2038.7999921526227,0.21952639504800994,10.8,tp
APLAPOLLO,2026-08-13 10:40:00+05:30,2047.4000244140625,2038.5571725027903,-0.3591438450471708,-8.84,sl
APLAPOLLO,2026-08-13 11:50:00+05:30,2053.89990234375,2046.928466796875,-0.3036545852771036,-6.97,sl
APLAPOLLO,2026-08-17 09:20:00+05:30,2109.199951171875,2101.2285505022323,-0.3267608814957654,-7.97,sl
APLAPOLLO,2026-08-17 11:40:00+05:30,2089.0,2095.032069614955,0.07325235849560063,6.03,tp
APLAPOLLO,2026-08-18 11:05:00+05:30,2099.10009765625,2107.050066266741,0.12723933802015858,7.95,tp
ASTRAL,2026-06-15 11:30:00+05:30,1535.0,1540.4535478864398,0.11316799556116346,5.45,tp
ASTRAL,2026-06-22 11:10:00+05:30,1560.800048828125,1558.1357683454241,-0.2024198000775787,-2.66,sl
ASTRAL,2026-06-23 09:20:00+05:30,1571.0999755859375,1567.3999633789062,-0.24130274067319007,-3.7,sl
ASTRAL,2026-06-24 10:05:00+05:30,1534.199951171875,1531.800048828125,-0.19385617599258315,-2.4,time
ASTRAL,2026-07-14 09:30:00+05:30,1363.0,1369.8464050292969,0.20138246644006785,6.85,tp
ASTRAL,2026-07-16 09:15:00+05:30,1367.5999755859375,1363.0214059012276,-0.3008731982938914,-4.58,sl
ASTRAL,2026-07-16 11:00:00+05:30,1378.300048828125,1385.5750383649554,0.21669401200482374,7.27,tp
ASTRAL,2026-07-20 10:20:00+05:30,1398.0,1395.0,-0.22875536480686692,-3.0,time
ASTRAL,2026-07-21 11:25:00+05:30,1411.300048828125,1408.2571759905134,-0.2293646736626259,-3.04,sl
ASTRAL,2026-07-23 11:50:00+05:30,1428.0,1433.2071533203125,0.11878795463497899,5.21,tp
ASTRAL,2026-07-24 11:05:00+05:30,1431.199951171875,1439.1392342703682,0.23283748054878597,7.94,tp
ASTRAL,2026-07-24 11:15:00+05:30,1455.4000244140625,1448.6500156947545,-0.3782743688090356,-6.75,sl
ASTRAL,2026-08-12 11:40:00+05:30,1445.699951171875,1445.5,-0.10829845107401108,-0.2,time
ASTRAL,2026-08-13 09:15:00+05:30,1548.0,1563.2357090541295,0.490531358687191,15.24,tp
ASTRAL,2026-08-13 09:30:00+05:30,1587.5,1573.7428588867188,-0.6199549397145668,-13.76,sl
ASTRAL,2026-08-19 09:50:00+05:30,1529.5,1524.5642961774554,-0.2936202872524855,-4.94,sl
ASTRAL,2026-08-19 11:55:00+05:30,1537.699951171875,1534.7928292410713,-0.21343390868634013,-2.91,sl
AXISBANK,2026-06-10 10:05:00+05:30,1305.0,1300.778555733817,-0.29408939154864233,-4.22,sl
AXISBANK,2026-06-10 11:30:00+05:30,1314.800048828125,1318.6250305175781,0.0745504204778048,3.82,tp
AXISBANK,2026-06-12 11:25:00+05:30,1332.5,1330.171421595982,-0.20485156040605879,-2.33,sl
AXISBANK,2026-06-18 11:15:00+05:30,1355.199951171875,1358.7249276297432,0.056064488704566644,3.52,tp
AXISBANK,2026-06-22 10:30:00+05:30,1362.5999755859375,1364.8392639160156,-0.001396372954643615,2.24,tp
AXISBANK,2026-06-24 11:00:00+05:30,1379.300048828125,1379.199951171875,-0.10435428054983589,-0.1,time
AXISBANK,2026-06-25 09:55:00+05:30,1392.199951171875,1396.410657610212,0.08146990027370515,4.21,tp
AXISBANK,2026-06-29 10:20:00+05:30,1390.300048828125,1386.0071847098213,-0.2852634956859318,-4.29,sl
AXISBANK,2026-07-01 11:10:00+05:30,1367.800048828125,1371.8607918875557,0.07812880162900059,4.06,tp
AXISBANK,2026-07-07 09:30:00+05:30,1350.800048828125,1355.4179033551898,0.1051164210900471,4.62,tp
AXISBANK,2026-07-15 09:15:00+05:30,1336.5,1343.260737827846,0.20351236039712747,6.76,tp
AXISBANK,2026-07-15 11:20:00+05:30,1345.9000244140625,1342.9500296456474,-0.23151027780236622,-2.95,sl
AXISBANK,2026-07-16 11:00:00+05:30,1308.699951171875,1306.5927995954241,-0.19660663200441073,-2.11,sl
AXISBANK,2026-07-21 09:45:00+05:30,1260.800048828125,1267.207236153739,0.2049105525449109,6.41,tp
AXISBANK,2026-07-29 11:30:00+05:30,1223.300048828125,1221.7143380301338,-0.1777753977616638,-1.59,sl
AXISBANK,2026-07-31 09:15:00+05:30,1238.5,1235.97855922154,-0.2221529646407712,-2.52,sl
AXISBANK,2026-08-03 09:25:00+05:30,1242.4000244140625,1240.0357230050224,-0.21418068396232334,-2.36,sl
AXISBANK,2026-08-03 11:45:00+05:30,1251.0,1249.3142787388392,-0.18084994058325082,-1.69,sl
AXISBANK,2026-08-18 11:35:00+05:30,1239.5999755859375,1237.557120186942,-0.19887974052418878,-2.04,sl
BAJAJ-AUTO,2026-06-01 10:45:00+05:30,10575.0,10550.0,-0.24184397163120572,-25.0,time
BAJAJ-AUTO,2026-06-04 10:00:00+05:30,10354.0,10399.42857142857,0.16325229724881582,45.43,tp
BAJAJ-AUTO,2026-06-04 10:10:00+05:30,10423.0,10384.57142857143,-0.32121407327201756,-38.43,sl
BAJAJ-AUTO,2026-06-09 11:15:00+05:30,10335.0,10313.785714285714,-0.22315985900891863,-21.21,sl
BAJAJ-AUTO,2026-06-17 10:10:00+05:30,10010.0,9990.57142857143,-0.2164549735978261,-19.43,sl
BAJAJ-AUTO,2026-06-30 11:25:00+05:30,9718.0,9693.0,-0.25435274747890513,-25.0,sl
BAJAJ-AUTO,2026-07-06 09:25:00+05:30,9895.5,9927.214285714286,0.09229519911648468,31.71,tp
BAJAJ-AUTO,2026-07-06 10:20:00+05:30,9962.5,10006.75,0.16649937264742787,44.25,tp
BAJAJ-AUTO,2026-07-07 09:20:00+05:30,10129.0,10111.0,-0.20662454339026556,-18.0,sl
BAJAJ-AUTO,2026-07-07 11:15:00+05:30,10173.5,10155.964285714286,-0.2034199495889149,-17.54,sl
BAJAJ-AUTO,2026-07-08 11:20:00+05:30,10200.5,10178.42857142857,-0.22982556877464447,-22.07,sl
BAJAJ-AUTO,2026-07-09 11:20:00+05:30,10172.0,10151.357142857143,-0.22176282231335165,-20.64,sl
BAJAJ-AUTO,2026-07-10 09:30:00+05:30,10257.0,10227.607142857143,-0.27193832783186245,-29.39,sl
BAJAJ-AUTO,2026-07-13 11:10:00+05:30,10223.5,10281.464285714286,0.2401826324504498,57.96,tp
BAJAJ-AUTO,2026-07-17 09:20:00+05:30,10440.0,10476.589285714286,0.11028325123153006,36.59,tp
BAJAJ-AUTO,2026-07-22 09:20:00+05:30,10830.5,10778.142857142857,-0.39005388222414356,-52.36,sl
BAJAJ-AUTO,2026-07-22 11:20:00+05:30,10870.0,10885.5,-0.01444342226310949,15.5,time
BAJAJ-AUTO,2026-07-23 09:15:00+05:30,11106.0,11080.892857142857,-0.23564096627305842,-25.11,sl
BAJAJ-AUTO,2026-07-23 10:05:00+05:30,11137.5,11203.339285714286,0.25468975468975746,65.84,tp
BAJAJ-AUTO,2026-07-23 11:30:00+05:30,11310.0,11281.035714285714,-0.2536566881394495,-28.96,sl
BAJAJ-AUTO,2026-07-27 11:30:00+05:30,11207.0,11232.82142857143,0.03824267995768368,25.82,tp
BAJAJ-AUTO,2026-07-29 09:30:00+05:30,11500.5,11465.714285714286,-0.28148279267360776,-34.79,sl
BAJAJ-AUTO,2026-07-31 11:00:00+05:30,11529.5,11511.25,-0.19497376295589575,-18.25,sl
BAJAJ-AUTO,2026-07-31 11:30:00+05:30,11557.5,11586.482142857143,0.050458885695746206,28.98,tp
BAJAJ-AUTO,2026-08-05 10:30:00+05:30,11705.0,11741.535714285714,0.08728260206260793,36.54,tp
BAJAJ-AUTO,2026-08-07 09:15:00+05:30,11636.0,11672.42857142857,0.0878406914501752,36.43,tp
BAJAJ-AUTO,2026-08-10 09:20:00+05:30,11736.0,11713.92857142857,-0.21283961437336069,-22.07,sl
BAJAJ-AUTO,2026-08-10 10:50:00+05:30,11760.0,11741.285714285714,-0.19548104956268486,-18.71,sl
BAJAJ-AUTO,2026-08-11 09:20:00+05:30,11806.0,11837.607142857143,0.06063260811693943,31.61,tp
BAJAJ-AUTO,2026-08-13 11:45:00+05:30,11681.0,11700.82142857143,0.0018136901194898414,19.82,tp
BAJAJ-AUTO,2026-08-14 10:45:00+05:30,11755.0,11733.357142857143,-0.21046970893844436,-21.64,sl
BAJAJ-AUTO,2026-08-17 11:30:00+05:30,11799.0,11779.42857142857,-0.19952417275072135,-19.57,sl
BAJAJ-AUTO,2026-08-20 10:45:00+05:30,11712.0,11698.785714285714,-0.1676961358313844,-13.21,sl
ASIANPAINT,2026-06-04 09:30:00+05:30,2691.39990234375,2682.671369280134,-0.2945872047334522,-8.73,sl
ASIANPAINT,2026-06-09 11:40:00+05:30,2689.199951171875,2685.049961635045,-0.19259236082512313,-4.15,sl
ASIANPAINT,2026-06-12 10:35:00+05:30,2736.60009765625,2730.971522739955,-0.2234065931909176,-5.63,sl
ASIANPAINT,2026-06-23 10:35:00+05:30,2693.10009765625,2688.6072823660716,-0.2000961374013936,-4.49,sl
ASIANPAINT,2026-06-25 09:55:00+05:30,2683.0,2675.171456473214,-0.2750699260555895,-7.83,sl
ASIANPAINT,2026-07-02 11:45:00+05:30,2746.0,2753.575020926339,0.06551393138395964,7.58,tp
ASIANPAINT,2026-07-03 11:50:00+05:30,2749.10009765625,2746.228672572545,-0.16266978243869407,-2.87,sl
ASIANPAINT,2026-07-06 11:50:00+05:30,2743.10009765625,2748.264404296875,0.012959202145867054,5.16,tp
ASIANPAINT,2026-07-09 10:40:00+05:30,2713.300048828125,2707.9786551339284,-0.2176735399351399,-5.32,sl
ASIANPAINT,2026-07-15 09:15:00+05:30,2679.10009765625,2673.1000627790177,-0.23437425983033627,-6.0,sl
ASIANPAINT,2026-07-15 11:25:00+05:30,2682.5,2679.164324079241,-0.17460971304586898,-3.34,sl
ASIANPAINT,2026-07-20 10:30:00+05:30,2703.39990234375,2698.4355991908483,-0.21017910776569568,-4.96,sl
ASIANPAINT,2026-07-27 09:25:00+05:30,2712.60009765625,2703.6715262276784,-0.2974910662936137,-8.93,sl
ASIANPAINT,2026-07-28 09:35:00+05:30,2731.199951171875,2739.3106602260045,0.07817902458550066,8.11,tp
ASIANPAINT,2026-07-29 11:45:00+05:30,2771.800048828125,2765.8929268973216,-0.22786900555761694,-5.91,sl
ASIANPAINT,2026-08-10 11:30:00+05:30,2743.39990234375,2738.807059151786,-0.20044856795483112,-4.59,sl
ASIANPAINT,2026-08-13 11:55:00+05:30,2739.0,2745.0857456752233,0.03331315827433251,6.09,tp
AUROPHARMA,2026-06-03 10:00:00+05:30,1455.5,1449.2357090541295,-0.3582325364151345,-6.26,sl
AUROPHARMA,2026-06-04 11:40:00+05:30,1462.5999755859375,1466.6392560686384,0.065702743749165,4.04,tp
AUROPHARMA,2026-06-05 09:20:00+05:30,1494.0999755859375,1488.449942452567,-0.326893777887442,-5.65,sl
AUROPHARMA,2026-06-09 09:25:00+05:30,1465.300048828125,1460.7357613699776,-0.2868949964943103,-4.56,sl
AUROPHARMA,2026-06-17 09:20:00+05:30,1424.0,1431.9393223353795,0.2345220085131824,7.94,tp
AUROPHARMA,2026-06-19 10:40:00+05:30,1473.5999755859375,1468.4571271623884,-0.30939936924893974,-5.14,sl
AUROPHARMA,2026-06-23 09:20:00+05:30,1524.699951171875,1519.2356567382812,-0.3150309415066457,-5.46,sl
AUROPHARMA,2026-06-23 11:50:00+05:30,1526.4000244140625,1523.3214547293526,-0.22101295736908885,-3.08,sl
AUROPHARMA,2026-06-25 09:45:00+05:30,1553.5,1548.7142769949776,-0.28483642117885105,-4.79,sl
AUROPHARMA,2026-06-25 11:35:00+05:30,1557.0999755859375,1559.0,-0.02678603388915269,1.9,time
AUROPHARMA,2026-06-29 09:40:00+05:30,1584.9000244140625,1578.9357386997767,-0.3257916192470541,-5.96,sl
AUROPHARMA,2026-07-02 11:30:00+05:30,1559.5999755859375,1563.0071105957031,0.031077265828459887,3.41,tp
AUROPHARMA,2026-07-03 09:20:00+05:30,1577.800048828125,1584.271493094308,0.1460937025951858,6.47,tp
AUROPHARMA,2026-07-03 09:30:00+05:30,1588.699951171875,1596.4035121372767,0.19093829680246413,7.7,tp
AUROPHARMA,2026-07-03 09:40:00+05:30,1603.699951171875,1597.7428152901787,-0.3228771988429604,-5.96,sl
AUROPHARMA,2026-07-03 10:35:00+05:30,1615.800048828125,1625.539297921317,0.261650530964726,9.74,tp
AUROPHARMA,2026-07-08 09:25:00+05:30,1606.5999755859375,1602.3356759207588,-0.2592543158214645,-4.26,sl
AUROPHARMA,2026-07-09 10:20:00+05:30,1597.0,1590.5428641183037,-0.34259746581200995,-6.46,sl
AUROPHARMA,2026-07-16 09:15:00+05:30,1564.0,1560.9285714285713,-0.21782974059189267,-3.07,sl
AUROPHARMA,2026-07-21 11:55:00+05:30,1560.0,1562.5500313895088,-0.001921869634275721,2.55,tp
AUROPHARMA,2026-07-23 10:35:00+05:30,1536.5,1532.7285679408483,-0.2472736241777437,-3.77,sl
AUROPHARMA,2026-07-24 09:30:00+05:30,1535.199951171875,1530.2642124720983,-0.2929027692845778,-4.94,sl
AUROPHARMA,2026-07-29 09:25:00+05:30,1571.9000244140625,1566.914306640625,-0.29030667457223164,-4.99,sl
AUROPHARMA,2026-07-31 11:30:00+05:30,1579.300048828125,1576.2357700892858,-0.2164165887709425,-3.06,sl
AUROPHARMA,2026-08-03 10:40:00+05:30,1589.699951171875,1584.9642421177455,-0.2787397320093714,-4.74,sl
AUROPHARMA,2026-08-04 11:00:00+05:30,1565.300048828125,1561.6429268973213,-0.24018227113229584,-3.66,sl
AUROPHARMA,2026-08-05 10:05:00+05:30,1593.9000244140625,1605.2679181780134,0.3279274831480038,11.37,tp
AUROPHARMA,2026-08-07 10:30:00+05:30,1610.0,1618.078574044364,0.2010648712185306,8.08,tp
AUROPHARMA,2026-08-07 10:40:00+05:30,1627.0,1636.642857142857,0.2556062867679328,9.64,tp
AUROPHARMA,2026-08-13 09:20:00+05:30,1676.0,1671.2714233398438,-0.26928078735642896,-4.73,sl
AUROPHARMA,2026-08-17 09:25:00+05:30,1649.800048828125,1644.4500383649554,-0.29456941343782095,-5.35,sl
AUROPHARMA,2026-08-20 10:55:00+05:30,1632.800048828125,1629.5643223353795,-0.21890224385041315,-3.24,sl
BAJAJFINSV,2026-06-05 10:05:00+05:30,1735.699951171875,1728.7713971819196,-0.33950754801637834,-6.93,sl
BAJAJFINSV,2026-06-24 11:05:00+05:30,1790.9000244140625,1786.7143031529017,-0.24023299583784108,-4.19,sl
BAJAJFINSV,2026-07-02 09:30:00+05:30,1816.0,1822.557137625558,0.11664551626292853,6.56,tp
BAJAJFINSV,2026-07-02 10:20:00+05:30,1841.0,1850.5571507045202,0.21147693768126521,9.56,tp
BAJAJFINSV,2026-07-03 09:25:00+05:30,1903.300048828125,1896.1786237444196,-0.32449718597202054,-7.12,sl
BAJAJFINSV,2026-07-03 09:35:00+05:30,1911.0,1902.0928606305804,-0.37965900688915577,-8.91,sl
BAJAJFINSV,2026-07-09 11:10:00+05:30,1879.5999755859373,1887.6035287039617,0.15548690855444816,8.0,tp
BAJAJFINSV,2026-07-21 10:25:00+05:30,1893.0,1887.7214181082588,-0.267308459326186,-5.28,sl
BAJAJFINSV,2026-07-23 09:45:00+05:30,1885.0999755859373,1893.8106820242742,0.17724916082382672,8.71,tp
BAJAJFINSV,2026-07-23 11:55:00+05:30,1899.5999755859373,1896.2142595563614,-0.20693986333195838,-3.39,sl
BAJAJFINSV,2026-07-27 09:45:00+05:30,1909.5,1903.4285714285713,-0.2907754460778843,-6.07,sl
BAJAJFINSV,2026-07-31 09:15:00+05:30,1963.0,1974.6892961774554,0.25728872676888603,11.69,tp
BAJAJFINSV,2026-07-31 09:40:00+05:30,1992.0,1980.5928519112722,-0.44358879785324723,-11.41,sl
BAJAJFINSV,2026-08-03 09:20:00+05:30,2076.0,2087.43215070452,0.2304089798994264,11.43,tp
BAJAJFINSV,2026-08-03 11:40:00+05:30,2089.199951171875,2083.642804827009,-0.2595963950242912,-5.56,sl
BAJAJFINSV,2026-08-10 11:40:00+05:30,2019.0,2023.3821585518974,0.030227594410027286,4.38,tp
BAJAJFINSV,2026-08-10 11:50:00+05:30,2034.0,2029.7999877929688,-0.22389416539915194,-4.2,sl
BANDHANBNK,2026-06-05 11:05:00+05:30,207.1300048828125,208.46607644217355,0.2870240509433536,1.34,tp
BANDHANBNK,2026-06-09 09:45:00+05:30,207.72999572753903,206.67499433244976,-0.40472288551135266,-1.06,sl
BANDHANBNK,2026-06-15 11:50:00+05:30,212.8699951171875,212.3264214651925,-0.25321285229393065,-0.54,sl
BANDHANBNK,2026-06-24 11:10:00+05:30,208.32000732421875,209.2382207598005,0.16446238574272526,0.92,tp
BANDHANBNK,2026-06-24 11:45:00+05:30,209.42999267578125,208.7757088797433,-0.2874470187422073,-0.65,sl
BANDHANBNK,2026-06-30 11:35:00+05:30,204.1499938964844,203.6257073538644,-0.2540886284481104,-0.52,sl
BANDHANBNK,2026-07-02 10:10:00+05:30,206.5,205.67142704554965,-0.34074758967080415,-0.83,sl
BANDHANBNK,2026-07-06 09:40:00+05:30,206.3000030517578,205.0828595842634,-0.45399227808709025,-1.22,sl
BANDHANBNK,2026-07-06 11:55:00+05:30,207.3000030517578,206.7664304460798,-0.2544349053033435,-0.53,sl
BANDHANBNK,2026-07-07 09:25:00+05:30,210.97999572753903,210.12499673025945,-0.34315072933750496,-0.85,sl
BANDHANBNK,2026-07-09 11:25:00+05:30,200.5800018310547,200.05571528843473,-0.2568311510122209,-0.52,sl
BANDHANBNK,2026-07-10 09:20:00+05:30,205.13999938964844,206.19214466639926,0.20773479961429106,1.05,tp
BANDHANBNK,2026-07-10 09:40:00+05:30,208.8000030517578,207.78928702218192,-0.390435636437807,-1.01,sl
BANDHANBNK,2026-07-10 11:00:00+05:30,210.75,209.71499960763114,-0.39466203341462136,-1.04,sl
BANDHANBNK,2026-07-15 09:15:00+05:30,211.8000030517578,212.8778632027762,0.20534281458579606,1.08,tp
BANDHANBNK,2026-07-15 09:30:00+05:30,214.91000366210935,216.3489347185407,0.3017303146186827,1.44,tp
BANDHANBNK,2026-07-15 10:00:00+05:30,217.1999969482422,218.98928560529436,0.3942786414896354,1.79,tp
BANDHANBNK,2026-07-15 11:05:00+05:30,220.1999969482422,219.5007106236049,-0.29054123551191097,-0.7,sl
BANDHANBNK,2026-07-21 09:30:00+05:30,215.3699951171875,214.55285317557198,-0.3276478507150152,-0.82,sl
BANDHANBNK,2026-07-27 09:20:00+05:30,169.8800048828125,169.19857788085938,-0.3406735280316917,-0.68,sl
BANDHANBNK,2026-07-28 10:40:00+05:30,169.6999969482422,169.12142290387834,-0.3045636021573919,-0.58,sl
BANDHANBNK,2026-07-29 10:15:00+05:30,170.3000030517578,169.69571794782365,-0.3129013833606936,-0.6,sl
BANDHANBNK,2026-07-31 09:50:00+05:30,175.2899932861328,174.6592799595424,-0.3158868220940159,-0.63,sl
BANDHANBNK,2026-08-04 10:00:00+05:30,174.8800048828125,174.39714704241072,-0.2656648537008019,-0.48,sl
BANDHANBNK,2026-08-06 09:20:00+05:30,176.39999389648438,175.34713854108537,-0.45811407885314687,-1.05,sl
BANDHANBNK,2026-08-07 10:20:00+05:30,176.13999938964844,177.00571714128768,0.19489647597561488,0.87,tp
BANDHANBNK,2026-08-12 10:15:00+05:30,175.0,175.83249882289343,0.18542816784917507,0.83,tp
BANDHANBNK,2026-08-12 10:30:00+05:30,176.32000732421875,175.745722089495,-0.2954237332809632,-0.57,sl
BANDHANBNK,2026-08-20 09:20:00+05:30,173.8000030517578,174.75143541608537,0.22845765740667612,0.95,tp
BANDHANBNK,2026-08-20 10:55:00+05:30,175.36000061035156,175.00642939976282,-0.22097555064716456,-0.35,sl
BANKBARODA,2026-06-03 11:30:00+05:30,264.6000061035156,264.1214403424944,-0.2085183106535547,-0.48,sl
BANKBARODA,2026-06-08 09:25:00+05:30,265.3999938964844,264.47141810825894,-0.30992670902342406,-0.93,sl
BANKBARODA,2026-06-09 10:10:00+05:30,265.0,266.58035714285717,0.257816711590302,1.58,tp
BANKBARODA,2026-06-09 11:50:00+05:30,269.25,270.51964024135043,0.18292818748756107,1.27,tp
BANKBARODA,2026-06-12 09:25:00+05:30,271.6499938964844,270.46070643833707,-0.362680835973182,-1.19,sl
BANKBARODA,2026-06-12 10:50:00+05:30,274.5,275.70536041259766,0.1634667568519467,1.21,tp
BANKBARODA,2026-06-17 10:20:00+05:30,276.70001220703125,275.9964381626674,-0.2525639349457106,-0.7,sl
BANKBARODA,2026-06-17 11:05:00+05:30,277.5,278.6196507045201,0.14208663881515618,1.12,tp
BANKBARODA,2026-06-22 10:30:00+05:30,282.75,283.74107142857144,0.11030693444486891,0.99,tp
BANKBARODA,2026-06-24 11:30:00+05:30,278.3999938964844,279.18212890625,0.06856358338637918,0.78,tp
BANKBARODA,2026-06-25 11:20:00+05:30,280.3500061035156,279.8535810198103,-0.2062439963397827,-0.5,sl
BANKBARODA,2026-07-15 09:15:00+05:30,248.1999969482422,248.88035311017717,0.06446966244166165,0.68,tp
BANKBARODA,2026-07-20 11:00:00+05:30,252.6999969482422,252.05714416503903,-0.252636198884044,-0.64,sl
BANKBARODA,2026-07-22 11:20:00+05:30,246.6999969482422,246.32856641496932,-0.19033576113520528,-0.37,sl
BANKBARODA,2026-07-29 11:35:00+05:30,243.6000061035156,244.21071679251534,0.05042134820150113,0.61,tp
BANKBARODA,2026-07-30 11:30:00+05:30,241.6499938964844,241.28213609967915,-0.19133651299726484,-0.37,sl
BANKBARODA,2026-08-03 11:05:00+05:30,247.5500030517578,248.13285882132394,0.04126982727871576,0.58,tp
BANKBARODA,2026-08-05 09:20:00+05:30,249.08999633789065,248.45642525809154,-0.25261257114629493,-0.63,sl
BANKBARODA,2026-08-12 10:20:00+05:30,250.8699951171875,250.0457098824637,-0.2971424046160828,-0.82,sl
BANKBARODA,2026-08-14 09:25:00+05:30,249.3300018310547,249.87750189644953,0.031753113072808745,0.55,tp
BANKBARODA,2026-08-19 09:50:00+05:30,245.1499938964844,244.70499529157368,-0.20891257172911656,-0.44,sl
BANKBARODA,2026-08-20 09:55:00+05:30,246.9900054931641,246.52786363874165,-0.2122657218861186,-0.46,sl
ASHOKLEY,2026-06-05 10:05:00+05:30,146.1999969482422,145.5942829677037,-0.34858303413765385,-0.61,sl
ASHOKLEY,2026-06-09 09:25:00+05:30,143.39999389648438,142.9507064819336,-0.28798637392206866,-0.45,sl
ASHOKLEY,2026-06-16 09:15:00+05:30,160.14999389648438,159.53284999302454,-0.3312122111695121,-0.62,sl
ASHOKLEY,2026-06-17 09:25:00+05:30,159.86000061035156,159.3835721697126,-0.2788171295458275,-0.48,sl
ASHOKLEY,2026-06-17 11:15:00+05:30,159.9199981689453,159.60214015415735,-0.21925638510281692,-0.32,sl
ASHOKLEY,2026-06-24 10:25:00+05:30,154.39999389648438,153.81570761544364,-0.3270542632660181,-0.58,sl
ASHOKLEY,2026-06-24 10:50:00+05:30,155.0,154.4171415056501,-0.3256226429741519,-0.58,sl
ASHOKLEY,2026-06-25 09:20:00+05:30,158.75999450683594,159.5978524344308,0.2166507772430455,0.84,tp
ASHOKLEY,2026-06-25 11:25:00+05:30,160.36000061035156,159.8971437726702,-0.2731816547466934,-0.46,sl
ASHOKLEY,2026-06-30 11:00:00+05:30,158.3699951171875,158.96356909615653,0.12488122647088999,0.59,tp
ASHOKLEY,2026-07-01 09:20:00+05:30,161.16000366210938,160.72000122070312,-0.2638132656023387,-0.44,time
ASHOKLEY,2026-07-02 11:00:00+05:30,164.5500030517578,164.23143332345145,-0.21616033633478116,-0.32,sl
ASHOKLEY,2026-07-02 11:55:00+05:30,165.0,164.66928645542689,-0.22025947075385993,-0.33,sl
ASHOKLEY,2026-07-03 10:10:00+05:30,166.22999572753906,166.99821145193917,0.17728415237136594,0.77,tp
ASHOKLEY,2026-07-06 10:45:00+05:30,165.83999633789062,166.45178440638952,0.12134156367891208,0.61,tp
ASHOKLEY,2026-07-06 11:05:00+05:30,167.14999389648438,166.71285138811385,-0.2569162516301074,-0.44,sl
ASHOKLEY,2026-07-08 11:25:00+05:30,162.33999633789062,162.04427882603235,-0.20929562099143026,-0.3,sl
ASHOKLEY,2026-07-15 09:15:00+05:30,157.14999389648438,157.68142155238561,0.10289952651908892,0.53,tp
ASHOKLEY,2026-07-16 10:45:00+05:30,158.02000427246094,157.77999877929688,-0.19112978863748442,-0.24,time
ASHOKLEY,2026-07-28 11:00:00+05:30,156.3300018310547,156.91714423043388,0.12534730090275778,0.59,tp
ASHOKLEY,2026-07-29 11:45:00+05:30,159.27999877929688,158.817143031529,-0.27435550652252627,-0.46,sl
ASHOKLEY,2026-07-31 09:30:00+05:30,161.52999877929688,162.72892597743444,0.34533914710506386,1.2,tp
ASHOKLEY,2026-07-31 09:45:00+05:30,164.60000610351562,166.12465013776506,0.4557632968581778,1.52,tp
ASHOKLEY,2026-08-03 11:25:00+05:30,173.9499969482422,174.80713817051478,0.1956509010555346,0.86,tp
ASHOKLEY,2026-08-05 09:20:00+05:30,175.75999450683594,176.69106946672713,0.21784535354715598,0.93,tp
ASHOKLEY,2026-08-05 10:50:00+05:30,177.39999389648438,176.86642129080636,-0.28046424713724577,-0.53,sl
ASHOKLEY,2026-08-06 11:20:00+05:30,176.85000610351562,176.45857783726282,-0.23280008574849162,-0.39,sl
ASHOKLEY,2026-08-10 10:25:00+05:30,178.0,177.4221463884626,-0.29478211624855927,-0.58,sl
ASHOKLEY,2026-08-13 09:25:00+05:30,180.72000122070312,181.8514278956822,0.2756396637903961,1.13,tp
ASHOKLEY,2026-08-13 09:45:00+05:30,182.3300018310547,181.45000239780973,-0.3895846293229441,-0.88,sl
ASHOKLEY,2026-08-14 09:20:00+05:30,178.58999633789062,178.05713871547155,-0.27902154656330613,-0.53,sl
ASHOKLEY,2026-08-18 11:25:00+05:30,176.00999450683594,175.6228506905692,-0.23197335208769393,-0.39,sl
BATAINDIA,2026-06-04 10:00:00+05:30,673.0,670.0678449358259,-0.3614105554984374,-2.93,sl
BATAINDIA,2026-06-04 11:25:00+05:30,673.5999755859375,672.0499747140067,-0.2380642156866947,-1.55,sl
BATAINDIA,2026-06-10 09:20:00+05:30,674.0499877929688,676.6053423200335,0.12746276151699562,2.56,tp
BATAINDIA,2026-06-10 09:30:00+05:30,678.7000122070312,676.4785897391183,-0.2963832999521419,-2.22,sl
BATAINDIA,2026-06-12 09:30:00+05:30,669.0999755859375,667.0964006696429,-0.2796659682619232,-2.0,sl
BATAINDIA,2026-06-15 09:30:00+05:30,690.3499755859375,686.35353742327,-0.4473401872094338,-4.0,sl
BATAINDIA,2026-06-23 10:05:00+05:30,747.4500122070312,742.8571646554129,-0.4686813145984278,-4.59,sl
BATAINDIA,2026-06-25 09:20:00+05:30,726.0,730.6928819928851,0.28784148701529566,4.69,tp
BATAINDIA,2026-06-30 11:20:00+05:30,686.5,685.0750034877232,-0.22454448759884932,-1.42,sl
BATAINDIA,2026-07-01 10:45:00+05:30,692.25,690.0178615025112,-0.2934681254594835,-2.23,sl
BATAINDIA,2026-07-02 09:20:00+05:30,695.2000122070312,692.2535792759487,-0.35429512767658783,-2.95,sl
BATAINDIA,2026-07-02 10:40:00+05:30,699.0,697.0000087193081,-0.27167307130402707,-2.0,sl
BATAINDIA,2026-07-10 09:20:00+05:30,686.7999877929688,684.460697719029,-0.3043643082863532,-2.34,sl
BATAINDIA,2026-07-10 10:00:00+05:30,693.2000122070312,698.4500318254743,0.3544160005186274,5.25,tp
BATAINDIA,2026-07-17 10:05:00+05:30,687.4500122070312,692.1857212611607,0.31332829762492326,4.74,tp
BATAINDIA,2026-07-20 11:20:00+05:30,710.75,708.9607195172991,-0.25104724440668535,-1.79,sl
BATAINDIA,2026-07-20 11:45:00+05:30,717.0,713.8107169015067,-0.3668856149366795,-3.19,sl
BATAINDIA,2026-07-24 11:40:00+05:30,675.8499755859375,678.0410483224051,0.09451708061997367,2.19,tp
BATAINDIA,2026-07-27 09:25:00+05:30,698.5499877929688,702.3000074114118,0.22209746050882062,3.75,tp
BATAINDIA,2026-07-28 09:20:00+05:30,703.8499755859375,706.1857081821987,0.09911055002737794,2.34,tp
BATAINDIA,2026-07-28 11:55:00+05:30,700.0,699.0178527832031,-0.18418404715401784,-0.98,sl
BATAINDIA,2026-08-03 11:00:00+05:30,705.8499755859375,707.671404157366,0.054828530234053575,1.82,tp
BATAINDIA,2026-08-03 11:40:00+05:30,712.0,709.028568812779,-0.3504015045410967,-2.97,sl
BATAINDIA,2026-08-04 09:25:00+05:30,719.3499755859375,716.7178301130023,-0.3195436626622184,-2.63,sl
BATAINDIA,2026-08-04 09:35:00+05:30,730.6500244140625,726.2428763253348,-0.46190908983506535,-4.41,sl
BATAINDIA,2026-08-05 09:20:00+05:30,719.75,723.6928558349609,0.22868544647121394,3.94,tp
BATAINDIA,2026-08-05 10:35:00+05:30,738.25,744.2875039236886,0.39068775539629924,6.04,tp
BATAINDIA,2026-08-06 11:25:00+05:30,734.6500244140625,737.1786128452846,0.10651371514529377,2.53,tp
BATAINDIA,2026-08-10 09:20:00+05:30,726.25,724.164284842355,-0.2723138168106058,-2.09,sl
BATAINDIA,2026-08-12 09:15:00+05:30,738.6500244140625,733.0643048967634,-0.5537239016593849,-5.59,sl
BATAINDIA,2026-08-13 11:10:00+05:30,737.0,734.5714242117746,-0.2977130899505099,-2.43,sl
BATAINDIA,2026-08-14 09:20:00+05:30,751.2000122070312,756.3268083844866,0.3094885059221038,5.13,tp
BAJFINANCE,2026-06-05 09:30:00+05:30,885.8499755859375,889.4714093889509,0.14528535775719778,3.62,tp
BAJFINANCE,2026-06-05 10:05:00+05:30,912.2999877929688,907.5214146205357,-0.4142764377752574,-4.78,sl
BAJFINANCE,2026-06-12 11:45:00+05:30,892.3499755859375,890.5963963099888,-0.217907502028939,-1.75,sl
BAJFINANCE,2026-06-19 11:00:00+05:30,968.7000122070312,966.3035757882255,-0.24843210830641788,-2.4,sl
BAJFINANCE,2026-06-23 11:05:00+05:30,974.1500244140624,976.351821899414,0.035613453585401036,2.2,tp
BAJFINANCE,2026-06-24 10:55:00+05:30,977.2999877929688,981.1732243129185,0.13779207418368866,3.87,tp
BAJFINANCE,2026-06-25 09:25:00+05:30,1002.7000122070312,999.3571515764509,-0.3000315502074718,-3.34,sl
BAJFINANCE,2026-07-02 09:55:00+05:30,1018.0,1023.43215070452,0.2201660533115937,5.43,tp
BAJFINANCE,2026-07-09 11:25:00+05:30,1007.4000244140624,1004.2714407784597,-0.2863361262526701,-3.13,sl
BAJFINANCE,2026-07-10 11:10:00+05:30,1011.9000244140624,1009.8214460100446,-0.22324804944370094,-2.08,sl
BAJFINANCE,2026-07-15 09:15:00+05:30,1032.300048828125,1028.6429094587054,-0.31256258043799706,-3.66,sl
BAJFINANCE,2026-07-15 11:55:00+05:30,1028.300048828125,1026.5000305175781,-0.20502877905713718,-1.8,sl
BAJFINANCE,2026-07-16 09:35:00+05:30,1032.699951171875,1030.057089669364,-0.25355059324901064,-2.64,sl
BAJFINANCE,2026-07-16 11:35:00+05:30,1042.0999755859375,1040.228550502232,-0.20774926365312413,-1.87,sl
BAJFINANCE,2026-07-17 10:15:00+05:30,1051.4000244140625,1057.6678684779577,0.2576855954928198,6.27,tp
BAJFINANCE,2026-07-21 09:35:00+05:30,1070.4000244140625,1070.5999755859375,-0.08879197492632047,0.2,time
BAJFINANCE,2026-07-27 11:25:00+05:30,1044.0999755859375,1041.7071097237724,-0.2375078585260323,-2.39,sl
BAJFINANCE,2026-07-27 11:35:00+05:30,1045.4000244140625,1042.721444266183,-0.2537352258651907,-2.68,sl
BAJFINANCE,2026-07-31 09:15:00+05:30,1095.9000244140625,1106.4214346749443,0.4760421585814202,10.52,tp
BAJFINANCE,2026-07-31 11:25:00+05:30,1134.300048828125,1130.5929129464287,-0.2960928707810391,-3.71,sl
BAJFINANCE,2026-08-03 11:45:00+05:30,1162.0,1159.1142839704241,-0.24900427002973463,-2.89,sl
BAJFINANCE,2026-08-18 10:25:00+05:30,1096.0,1094.2714233398438,-0.19463010913264142,-1.73,sl
BALRAMCHIN,2026-06-01 11:40:00+05:30,522.7000122070312,521.7392883300781,-0.2102801440041981,-0.96,sl
BALRAMCHIN,2026-06-02 11:50:00+05:30,533.9500122070312,535.3964407784598,0.06253527914905906,1.45,tp
BALRAMCHIN,2026-06-04 09:20:00+05:30,537.2000122070312,535.6321541922433,-0.2751144429442448,-1.57,sl
BALRAMCHIN,2026-06-05 11:10:00+05:30,538.5499877929688,540.5964202880859,0.12799359853338824,2.05,tp
BALRAMCHIN,2026-06-08 10:05:00+05:30,543.0,548.6517987932477,0.524508153950026,5.65,tp
BALRAMCHIN,2026-06-15 09:20:00+05:30,558.6500244140625,563.5250440325055,0.4235857233039081,4.88,tp
BALRAMCHIN,2026-06-23 10:05:00+05:30,539.5999755859375,538.4963989257812,-0.22271053114387984,-1.1,sl
BALRAMCHIN,2026-06-24 10:55:00+05:30,537.5,536.0214189801898,-0.26505090453695657,-1.48,sl
BALRAMCHIN,2026-06-25 09:55:00+05:30,539.25,538.1785757882254,-0.21921270784696187,-1.07,sl
BALRAMCHIN,2026-06-30 09:40:00+05:30,535.2000122070312,538.9446563720703,0.319803147940571,3.74,tp
BALRAMCHIN,2026-06-30 11:20:00+05:30,542.5999755859375,541.5428336007254,-0.2168973865954005,-1.06,sl
BALRAMCHIN,2026-07-02 09:35:00+05:30,555.7999877929688,559.1482086181641,0.26144881958246813,3.35,tp
BALRAMCHIN,2026-07-02 11:45:00+05:30,560.6500244140625,562.5571528843471,0.10409828455223498,1.91,tp
BALRAMCHIN,2026-07-07 11:00:00+05:30,569.7999877929688,568.3392726353237,-0.2538134632086841,-1.46,sl
BALRAMCHIN,2026-07-09 09:20:00+05:30,578.9500122070312,575.4607195172991,-0.46161595469327116,-3.49,sl
BALRAMCHIN,2026-07-13 09:20:00+05:30,580.7000122070312,584.7446812220982,0.31790965352605255,4.04,tp
BALRAMCHIN,2026-07-13 09:35:00+05:30,586.0,590.891093662807,0.40079457298364696,4.89,tp
BALRAMCHIN,2026-07-13 11:00:00+05:30,597.7000122070312,604.1553758893695,0.5480204333777587,6.46,tp
BALRAMCHIN,2026-07-14 09:45:00+05:30,594.5,591.6714215959821,-0.3854746917427643,-2.83,sl
BALRAMCHIN,2026-07-16 11:25:00+05:30,595.9000244140625,594.817866734096,-0.20896032578926818,-1.08,sl
BALRAMCHIN,2026-07-17 09:35:00+05:30,607.4000244140625,610.7161036900112,0.22756791004224422,3.32,tp
BALRAMCHIN,2026-07-21 09:20:00+05:30,606.6500244140625,609.5857413155692,0.19035359268390348,2.94,tp
BALRAMCHIN,2026-07-21 10:10:00+05:30,616.2999877929688,620.5107073102679,0.3099353821873153,4.21,tp
BALRAMCHIN,2026-07-21 11:45:00+05:30,629.4000244140625,627.0714503696987,-0.32198035786842244,-2.33,sl
BALRAMCHIN,2026-07-22 11:20:00+05:30,617.7999877929688,616.5464128766741,-0.22174570486214024,-1.25,sl
BALRAMCHIN,2026-07-23 11:10:00+05:30,628.1500244140625,625.0678841727121,-0.39440166726655274,-3.08,sl
BALRAMCHIN,2026-07-28 11:40:00+05:30,610.2999877929688,609.0178484235491,-0.22605007980316874,-1.28,sl
BALRAMCHIN,2026-07-31 09:55:00+05:30,604.5,601.8249991280692,-0.3655087714075256,-2.68,sl
BALRAMCHIN,2026-08-03 09:25:00+05:30,610.5499877929688,617.7232230050223,0.6049285420167031,7.17,tp
BALRAMCHIN,2026-08-03 11:30:00+05:30,630.4000244140625,627.57859148298,-0.36853738786304546,-2.82,sl
BALRAMCHIN,2026-08-04 09:25:00+05:30,662.3499755859375,656.1499720982143,-0.6616369336079552,-6.2,sl
BALRAMCHIN,2026-08-06 11:55:00+05:30,635.4500122070312,637.3892953055246,0.08310958167342007,1.94,tp
BALRAMCHIN,2026-08-10 09:25:00+05:30,643.2000122070312,646.9285692487445,0.24781315027522724,3.73,tp
BALRAMCHIN,2026-08-10 10:15:00+05:30,647.5,643.9964338030134,-0.42465478273235274,-3.5,sl
BALRAMCHIN,2026-08-13 09:20:00+05:30,616.5,613.2071489606585,-0.4204721206171762,-3.29,sl
BALRAMCHIN,2026-08-13 09:50:00+05:30,620.5,622.3499755859375,0.07888563280620468,1.85,time
BALRAMCHIN,2026-08-14 09:20:00+05:30,626.5499877929688,624.2571280343192,-0.31957000750023484,-2.29,sl
BALRAMCHIN,2026-08-17 11:20:00+05:30,646.6500244140625,649.8750283377511,0.19923486911896565,3.23,tp
BALRAMCHIN,2026-08-18 11:35:00+05:30,664.6500244140625,667.4303894042969,0.15099209100477828,2.78,tp
BALRAMCHIN,2026-08-19 09:30:00+05:30,662.75,659.9964294433594,-0.3492859047882874,-2.75,sl
BALRAMCHIN,2026-08-20 09:15:00+05:30,658.3499755859375,662.1160627092634,0.243229643471074,3.77,tp
BALRAMCHIN,2026-08-20 09:35:00+05:30,669.4000244140625,674.7196698869977,0.3768131412237351,5.32,tp
BALRAMCHIN,2026-08-20 10:45:00+05:30,681.0,688.9660557338169,0.6018551307327679,7.97,tp
BALRAMCHIN,2026-08-20 11:10:00+05:30,700.1500244140625,708.3250100272043,0.6005629074982772,8.17,tp
BALRAMCHIN,2026-08-20 11:50:00+05:30,721.2000122070312,731.3410797119141,0.7436828064255495,10.14,tp
BEL,2026-06-17 09:45:00+05:30,410.8999938964844,410.06785365513394,-0.22150989345987668,-0.83,sl
BEL,2026-06-17 10:15:00+05:30,412.2000122070313,410.9857286725726,-0.2767516009459278,-1.21,sl
BEL,2026-06-18 09:40:00+05:30,426.8999938964844,425.3321358816964,-0.3203595273653011,-1.57,sl
BEL,2026-06-18 11:55:00+05:30,428.8999938964844,427.8214154924665,-0.25088529998135733,-1.08,sl
BEL,2026-06-19 11:05:00+05:30,430.5499877929688,429.4285518101284,-0.25627955145310405,-1.12,sl
BEL,2026-07-01 10:45:00+05:30,415.7000122070313,415.010724748884,-0.1994882036910818,-0.69,sl
BEL,2026-07-03 09:50:00+05:30,423.9500122070313,422.50715637207037,-0.30420178701488065,-1.44,sl
BEL,2026-07-06 09:20:00+05:30,428.4500122070313,427.13929966517867,-0.28355175696239054,-1.31,sl
BEL,2026-07-14 11:10:00+05:30,408.4500122070313,409.2803693498884,0.021976807644636807,0.83,tp
BEL,2026-07-15 11:00:00+05:30,413.1499938964844,414.0875004359654,0.03615005010251977,0.94,tp
BEL,2026-07-31 09:15:00+05:30,387.2999877929688,388.1624799455916,0.03361613939691173,0.86,tp
BEL,2026-07-31 09:25:00+05:30,388.8500061035156,388.01786586216514,-0.22840018952638977,-0.83,sl
BEL,2026-08-04 09:45:00+05:30,392.6499938964844,392.2000122070313,-0.16876073293484348,-0.45,time
BEL,2026-08-06 09:50:00+05:30,396.2000122070313,395.0785849434989,-0.2698274450753508,-1.12,sl
BEL,2026-08-06 11:10:00+05:30,397.1499938964844,397.8999938964844,0.013307316357983049,0.75,time
BEL,2026-08-10 11:20:00+05:30,402.4500122070313,403.2696576799666,0.022198352303238716,0.82,tp
BEL,2026-08-13 10:10:00+05:30,407.2999877929688,406.10712541852683,-0.2757224272319359,-1.19,sl
BEL,2026-08-17 09:20:00+05:30,412.7000122070313,412.01072256905695,-0.2002117205116881,-0.69,sl
BEL,2026-08-18 09:25:00+05:30,414.3500061035156,413.5999995640346,-0.20860478268611343,-0.75,sl
BEL,2026-08-20 09:15:00+05:30,410.3999938964844,411.76071275983537,0.09893550929645652,1.36,tp
BHEL,2026-06-05 11:25:00+05:30,399.1499938964844,397.06070818219865,-0.4140602399449203,-2.09,sl
BHEL,2026-06-08 11:40:00+05:30,387.6000061035156,388.9982223510742,0.11644214017661929,1.4,tp
BHEL,2026-06-09 10:55:00+05:30,389.7000122070313,391.3500180925642,0.15404246864477578,1.65,tp
BHEL,2026-06-12 09:20:00+05:30,378.6000061035156,377.1392931256975,-0.33149175186522123,-1.46,sl
BHEL,2026-06-15 09:50:00+05:30,389.0499877929688,390.6499938964844,0.14675586485822034,1.6,time
BHEL,2026-06-18 10:45:00+05:30,397.6499938964844,396.4285648890904,-0.28429709938010345,-1.22,sl
BHEL,2026-06-19 09:20:00+05:30,409.7999877929688,412.09284428187783,0.23570374190455706,2.29,tp
BHEL,2026-06-19 11:10:00+05:30,416.2000122070313,417.9839401245118,0.15717364706751888,1.78,tp
BHEL,2026-06-19 11:25:00+05:30,422.25,420.7071446010045,-0.31923344923559893,-1.54,sl
BHEL,2026-06-29 11:40:00+05:30,408.3500061035156,406.8285805838449,-0.32354727517036924,-1.52,sl
BHEL,2026-07-06 09:25:00+05:30,390.5499877929688,392.64463261195596,0.22179923970667595,2.09,tp
BHEL,2026-07-10 09:25:00+05:30,391.7000122070313,394.1321531023298,0.27255156796058805,2.43,tp
BHEL,2026-07-10 10:45:00+05:30,394.7999877929688,393.75356183733265,-0.2590313051658289,-1.05,sl
BHEL,2026-07-13 09:20:00+05:30,397.6000061035156,399.46429443359375,0.18133123261463263,1.86,tp
BHEL,2026-07-13 09:30:00+05:30,403.0,405.37856946672713,0.2541294491405154,2.38,tp
BHEL,2026-07-13 11:20:00+05:30,411.2000122070313,409.5857304164342,-0.33554694688836684,-1.61,sl
BHEL,2026-07-14 11:10:00+05:30,408.0,406.7321450369699,-0.28644925926913495,-1.27,sl
BHEL,2026-07-15 09:15:00+05:30,407.2999877929688,405.88569641113287,-0.30834148159437075,-1.41,sl
BHEL,2026-07-16 11:30:00+05:30,422.4500122070313,420.3642970493862,-0.3962312838030566,-2.09,sl
BHEL,2026-07-30 11:25:00+05:30,404.8999938964844,403.89285060337613,-0.24924326623216392,-1.01,sl
BHEL,2026-07-31 09:15:00+05:30,409.8500061035156,411.7785742623466,0.18233277493384126,1.93,tp
BHEL,2026-08-03 10:00:00+05:30,414.0,412.6035701206752,-0.30238114193112825,-1.4,sl
BHEL,2026-08-05 09:30:00+05:30,413.25,411.7928488595145,-0.31156459389989216,-1.46,sl
BHEL,2026-08-07 09:40:00+05:30,416.0499877929688,414.63927350725453,-0.3034439601641712,-1.41,sl
BHEL,2026-08-07 10:45:00+05:30,418.6000061035156,417.32857622419084,-0.2822403049383195,-1.27,sl
BHEL,2026-08-10 11:05:00+05:30,406.3999938964844,407.72320883614674,0.09535653930143584,1.32,tp
BHEL,2026-08-12 09:20:00+05:30,408.0,409.4785701206752,0.11743678245223749,1.48,tp
BHEL,2026-08-12 09:30:00+05:30,410.6499938964844,409.3785640171596,-0.2857684010552233,-1.27,sl
BHEL,2026-08-17 09:35:00+05:30,427.0,429.48571232386996,0.24928042021591965,2.49,tp
BHEL,2026-08-17 09:50:00+05:30,430.6000061035156,428.73572431291853,-0.3597698696012911,-1.86,sl
BOSCHLTD,2026-06-03 11:55:00+05:30,37220.0,37359.28571428572,0.1245336608582226,139.29,tp
BOSCHLTD,2026-06-08 11:25:00+05:30,37030.0,36920.0,-0.2782338644342425,-110.0,sl
BOSCHLTD,2026-06-09 09:55:00+05:30,37600.0,37419.28571428572,-0.38837386018236586,-180.71,sl
BOSCHLTD,2026-06-10 11:00:00+05:30,37935.0,37858.21428571428,-0.2214483420889164,-76.79,sl
BOSCHLTD,2026-06-11 09:20:00+05:30,38140.0,38038.92857142857,-0.2590006742078042,-101.07,sl
BOSCHLTD,2026-06-12 11:15:00+05:30,39240.0,39137.5,-0.2567278287461774,-102.5,sl
BOSCHLTD,2026-06-15 10:35:00+05:30,39685.0,39577.142857142855,-0.2630698896668438,-107.86,sl
BOSCHLTD,2026-06-16 09:20:00+05:30,39695.0,39563.21428571428,-0.2991974520000767,-131.79,sl
BOSCHLTD,2026-06-17 11:10:00+05:30,39360.0,39266.07142857143,-0.24318379790940922,-93.93,sl
BOSCHLTD,2026-06-18 09:30:00+05:30,39735.0,39903.21428571428,0.1540042064390828,168.21,tp
BOSCHLTD,2026-06-18 09:40:00+05:30,40225.0,40450.53571428572,0.23641125810175373,225.54,tp
BOSCHLTD,2026-06-19 09:20:00+05:30,40195.0,40112.857142857145,-0.22261653012989932,-82.14,sl
BOSCHLTD,2026-06-23 11:10:00+05:30,40450.0,40385.357142857145,-0.19588557301783194,-64.64,sl
BOSCHLTD,2026-06-25 09:20:00+05:30,40935.0,40836.07142857143,-0.2450034026069219,-98.93,sl
BOSCHLTD,2026-06-25 10:25:00+05:30,41340.0,41225.357142857145,-0.26639021356002185,-114.64,sl
BOSCHLTD,2026-06-30 11:10:00+05:30,40260.0,40165.0,-0.2415797317436662,-95.0,sl
BOSCHLTD,2026-07-02 09:20:00+05:30,41165.0,41052.142857142855,-0.2644948031441442,-112.86,sl
BOSCHLTD,2026-07-03 10:00:00+05:30,42485.0,42320.357142857145,-0.33251904033356017,-164.64,sl
BOSCHLTD,2026-07-06 09:55:00+05:30,42145.0,42021.78571428572,-0.2754148094164659,-123.21,sl
BOSCHLTD,2026-07-14 11:30:00+05:30,41840.0,41781.78571428572,-0.18348128926522358,-58.21,sl
BOSCHLTD,2026-07-15 09:20:00+05:30,41890.0,41804.28571428572,-0.2227705214336824,-85.71,sl
BOSCHLTD,2026-07-22 09:20:00+05:30,41130.0,41058.21428571428,-0.204720225070339,-71.79,sl
BOSCHLTD,2026-07-22 11:30:00+05:30,41245.0,41156.42857142857,-0.22884678662348532,-88.57,sl
BOSCHLTD,2026-07-23 10:00:00+05:30,41790.0,41942.142857142855,0.11843913444774595,152.14,tp
BOSCHLTD,2026-07-23 10:15:00+05:30,42375.0,42596.78571428572,0.21403286978508657,221.79,tp
BOSCHLTD,2026-07-23 11:25:00+05:30,42805.0,42651.42857142857,-0.3152619019807418,-153.57,sl
BOSCHLTD,2026-07-27 09:55:00+05:30,42095.0,41961.07142857143,-0.29089474487978023,-133.93,sl
BOSCHLTD,2026-07-28 11:05:00+05:30,41210.0,41297.857142857145,0.027916247790067836,87.86,tp
BOSCHLTD,2026-08-03 11:35:00+05:30,41585.0,41520.71428571428,-0.1927532248922218,-64.29,sl
BOSCHLTD,2026-08-04 09:30:00+05:30,41345.0,41528.21428571428,0.1658811740925615,183.21,tp
BOSCHLTD,2026-08-05 09:25:00+05:30,42275.0,42483.92857142857,0.19652783644504662,208.93,tp
BOSCHLTD,2026-08-05 09:55:00+05:30,42515.0,42813.92857142857,0.3218679121654556,298.93,tp
BOSCHLTD,2026-08-05 10:40:00+05:30,43150.0,43422.67857142857,0.2791590796225805,272.68,tp
BOSCHLTD,2026-08-05 11:00:00+05:30,43565.0,43366.78571428572,-0.37299109704710104,-198.21,sl
BOSCHLTD,2026-08-12 09:20:00+05:30,45800.0,46016.42857142857,0.18353087960074999,216.43,tp
BOSCHLTD,2026-08-12 09:30:00+05:30,46505.0,46640.0,0.07417481991183743,135.0,time
BOSCHLTD,2026-08-13 09:20:00+05:30,47140.0,47010.0,-0.26546457361052184,-130.0,sl
BOSCHLTD,2026-08-14 11:35:00+05:30,46690.0,46758.03571428572,-0.012569225591281995,68.04,tp
BOSCHLTD,2026-08-18 09:20:00+05:30,47280.0,47396.78571428572,0.04820522117476829,116.79,tp
BOSCHLTD,2026-08-18 10:20:00+05:30,47500.0,47706.78571428572,0.1612030075188009,206.79,tp
BOSCHLTD,2026-08-18 11:45:00+05:30,48250.0,48335.0,0.005699481865284982,85.0,time
BOSCHLTD,2026-08-20 11:20:00+05:30,48585.0,48496.07142857143,-0.2098222555462457,-88.93,sl
BPCL,2026-06-11 11:40:00+05:30,284.04998779296875,283.2571323939732,-0.267475183890535,-0.79,sl
BPCL,2026-06-12 09:20:00+05:30,298.8999938964844,297.4964141845703,-0.38174902788391885,-1.4,sl
BPCL,2026-06-17 09:30:00+05:30,318.29998779296875,318.0,-0.15654812525419332,-0.3,time
BPCL,2026-06-18 09:20:00+05:30,320.3999938964844,319.7678527832031,-0.21837848788826447,-0.63,sl
BPCL,2026-06-23 09:20:00+05:30,311.20001220703125,310.3892931256975,-0.25630830003844307,-0.81,sl
BPCL,2026-06-29 11:40:00+05:30,303.29998779296875,302.624991280692,-0.23353047268914376,-0.67,sl
BPCL,2026-06-30 11:35:00+05:30,302.6000061035156,303.1839294433594,0.015781228301230868,0.58,tp
BPCL,2026-07-02 09:20:00+05:30,308.3500061035156,309.4214412144252,0.10848420749826103,1.07,tp
BPCL,2026-07-02 09:40:00+05:30,312.3500061035156,314.1339438302176,0.24268052348507646,1.78,tp
BPCL,2026-07-06 09:45:00+05:30,309.20001220703125,308.2678745814732,-0.2808805152828834,-0.93,sl
BPCL,2026-07-09 11:25:00+05:30,307.29998779296875,308.1624864850725,0.06840196414550684,0.86,tp
BPCL,2026-07-10 11:50:00+05:30,311.8500061035156,311.4000004359654,-0.18658117532327514,-0.45,sl
BPCL,2026-07-15 09:15:00+05:30,307.45001220703125,308.3500082833426,0.07563754247737549,0.9,tp
BPCL,2026-07-16 09:35:00+05:30,316.8500061035156,315.90000915527344,-0.2798952684126169,-0.95,sl
BPCL,2026-07-17 09:50:00+05:30,314.29998779296875,313.3642774309431,-0.2786275020746109,-0.94,sl
BPCL,2026-07-21 10:20:00+05:30,320.8999938964844,319.99284798758373,-0.26961282508343176,-0.91,sl
BPCL,2026-07-22 10:55:00+05:30,319.6000061035156,320.9607151576451,0.15545225809953533,1.36,tp
BPCL,2026-07-24 11:15:00+05:30,310.1000061035156,311.150014604841,0.10316191176884607,1.05,tp
BPCL,2026-07-27 11:10:00+05:30,316.0,317.1357116699219,0.11564145631428008,1.14,tp
BPCL,2026-08-05 09:20:00+05:30,327.70001220703125,326.66429356166293,-0.28963416663786695,-1.04,sl
BPCL,2026-08-10 11:20:00+05:30,319.79998779296875,319.2321341378348,-0.20653915137136786,-0.57,sl
BPCL,2026-08-14 09:20:00+05:30,316.29998779296875,317.124989100865,0.05649725066120964,0.83,tp
BPCL,2026-08-20 11:00:00+05:30,308.1000061035156,308.8018035888672,0.03666941995108669,0.7,tp
BPCL,2026-08-20 11:35:00+05:30,309.8500061035156,310.6321476527623,0.05145551728380983,0.78,tp
BANKINDIA,2026-06-02 09:20:00+05:30,137.52000427246094,137.00072043282645,-0.32656362281911516,-0.52,sl
BANKINDIA,2026-06-05 09:20:00+05:30,141.6699981689453,141.2471422467913,-0.2790877084574025,-0.42,sl
BANKINDIA,2026-06-05 09:50:00+05:30,142.55999755859375,142.04213932582311,-0.31795380540370294,-0.52,sl
BANKINDIA,2026-06-08 09:25:00+05:30,142.77999877929688,143.86321313040597,0.35519583710746955,1.08,tp
BANKINDIA,2026-06-09 09:20:00+05:30,142.38999938964844,141.84214237758093,-0.3308548413860048,-0.55,sl
BANKINDIA,2026-06-09 10:50:00+05:30,143.2899932861328,143.93606294904436,0.17052956655029783,0.65,tp
BANKINDIA,2026-06-09 11:05:00+05:30,144.89999389648438,144.4364231654576,-0.2919547621339237,-0.46,sl
BANKINDIA,2026-06-09 11:55:00+05:30,145.3699951171875,144.79785374232702,-0.33614558467829225,-0.57,sl
BANKINDIA,2026-06-16 09:25:00+05:30,148.17999267578125,147.71356637137276,-0.28886205728017406,-0.47,sl
BANKINDIA,2026-06-17 10:20:00+05:30,146.44000244140625,146.03571319580078,-0.26564705225291163,-0.4,sl
BANKINDIA,2026-06-18 11:45:00+05:30,147.8000030517578,147.46785954066686,-0.23483498142065734,-0.33,sl
BANKINDIA,2026-06-22 11:35:00+05:30,146.1999969482422,146.01856667654855,-0.1744583893902019,-0.18,sl
BANKINDIA,2026-07-03 11:30:00+05:30,146.83999633789062,146.41285269601005,-0.27453431729772776,-0.43,sl
BANKINDIA,2026-07-22 11:25:00+05:30,144.10000610351562,143.86072104317802,-0.19963291472689382,-0.24,sl
BANKINDIA,2026-08-03 09:35:00+05:30,140.10000610351562,140.62714876447404,0.12575701841251677,0.53,tp
BANKINDIA,2026-08-03 09:45:00+05:30,140.91000366210938,141.56250163487024,0.177836046754568,0.65,tp
BANKINDIA,2026-08-05 09:20:00+05:30,142.0500030517578,142.58036150251115,0.12401623626580151,0.53,tp
BANKINDIA,2026-08-06 09:20:00+05:30,141.85000610351562,141.5550046648298,-0.22478030003208524,-0.3,sl
BANKINDIA,2026-08-11 11:40:00+05:30,142.10000610351562,142.63679122924805,0.12665099338900376,0.54,tp
BANKINDIA,2026-08-12 09:20:00+05:30,143.92999267578125,144.46999195643835,0.12510913977749277,0.54,tp
BANKINDIA,2026-08-12 09:40:00+05:30,145.6199951171875,145.05713762555803,-0.33191491986104527,-0.56,sl
BANKINDIA,2026-08-13 09:45:00+05:30,145.89999389648438,145.50499616350447,-0.26243910192079334,-0.39,sl
BANKINDIA,2026-08-18 11:50:00+05:30,142.7899932861328,143.02463803972518,-0.0014028582007850898,0.23,tp
BRITANNIA,2026-06-10 09:35:00+05:30,5217.5,5198.75,-0.3156205079060853,-18.75,sl
BRITANNIA,2026-06-23 11:05:00+05:30,5264.0,5271.982142857143,-0.009018128528003988,7.98,tp
BRITANNIA,2026-06-30 11:20:00+05:30,5152.5,5143.392857142857,-0.2060511540860916,-9.11,sl
BRITANNIA,2026-07-06 10:55:00+05:30,5436.0,5425.5,-0.2158940397350993,-10.5,sl
BRITANNIA,2026-07-13 11:45:00+05:30,5361.0,5352.464285714285,-0.19553121752338753,-8.54,sl
BRITANNIA,2026-07-16 11:05:00+05:30,5364.0,5354.285714285715,-0.20866091403003717,-9.71,sl
BRITANNIA,2026-07-17 11:05:00+05:30,5362.5,5378.142857142857,0.07502497502497212,15.64,tp
BRITANNIA,2026-07-20 09:25:00+05:30,5423.5,5438.017857142857,0.060610570401293064,14.52,tp
BRITANNIA,2026-07-20 09:35:00+05:30,5475.0,5461.392857142857,-0.24911937377691085,-13.61,sl
BRITANNIA,2026-07-22 11:00:00+05:30,5481.0,5494.5,0.04778325123152708,13.5,tp
BRITANNIA,2026-07-24 10:55:00+05:30,5380.0,5369.25,-0.21988847583643123,-10.75,sl
BRITANNIA,2026-07-28 09:55:00+05:30,5461.5,5447.25,-0.25655039824224113,-14.25,sl
BRITANNIA,2026-07-29 09:20:00+05:30,5552.0,5574.071428571428,0.13852408398517765,22.07,tp
BRITANNIA,2026-08-07 09:15:00+05:30,5646.0,5616.75,-0.41083953241232735,-29.25,sl
BRITANNIA,2026-08-10 11:50:00+05:30,5579.0,5593.410714285715,0.054981691547388516,14.41,tp
BRITANNIA,2026-08-12 11:55:00+05:30,5602.5,5595.142857142857,-0.17879135589979242,-7.36,sl
BRITANNIA,2026-08-13 10:00:00+05:30,5672.0,5654.392857142857,-0.2862532742292995,-17.61,sl
BRITANNIA,2026-08-17 11:45:00+05:30,5537.0,5529.892857142857,-0.17701437085580404,-7.11,sl
BRITANNIA,2026-08-20 09:20:00+05:30,5523.0,5509.571428571428,-0.2458834484364102,-13.43,sl
BHARATFORG,2026-06-04 10:10:00+05:30,1984.300048828125,1976.4000418526784,-0.33887537512621924,-7.9,sl
BHARATFORG,2026-06-09 09:35:00+05:30,1938.4000244140625,1929.7500261579241,-0.3677465377793649,-8.65,sl
BHARATFORG,2026-06-09 10:50:00+05:30,1941.5999755859373,1936.5999755859373,-0.2545117448353211,-5.0,sl
BHARATFORG,2026-06-09 11:35:00+05:30,1946.9000244140625,1953.7250322614398,0.1103346169333368,6.83,tp
BHARATFORG,2026-06-15 09:45:00+05:30,1979.0,1971.9285714285716,-0.31439399408070057,-7.07,sl
BHARATFORG,2026-06-15 10:20:00+05:30,1989.9000244140625,2002.8535853794642,0.2905792494037273,12.95,tp
BHARATFORG,2026-06-15 10:30:00+05:30,2012.4000244140625,2011.800048828125,-0.11788835953067107,-0.6,time
BHARATFORG,2026-06-19 09:30:00+05:30,2043.0999755859373,2051.8750043596538,0.15769748554374804,8.78,tp
BHARATFORG,2026-06-23 11:20:00+05:30,2147.89990234375,2143.1356375558034,-0.23308622388076494,-4.76,sl
BHARATFORG,2026-06-25 11:20:00+05:30,2161.300048828125,2157.207205636161,-0.21362170266502498,-4.09,sl
BHARATFORG,2026-07-06 09:55:00+05:30,2172.39990234375,2162.6927664620534,-0.3681035624580105,-9.71,sl
BHARATFORG,2026-07-09 11:40:00+05:30,2113.0,2122.0214494977677,0.15616988635402734,9.02,tp
BHARATFORG,2026-07-13 09:45:00+05:30,2129.60009765625,2127.5,-0.15916878925469474,-2.1,time
BHARATFORG,2026-07-13 11:20:00+05:30,2142.699951171875,2138.478533063616,-0.21820837833921547,-4.22,sl
BHARATFORG,2026-07-16 10:30:00+05:30,2115.60009765625,2109.9643903459823,-0.25983287152929707,-5.64,sl
BHARATFORG,2026-07-17 09:30:00+05:30,2127.60009765625,2121.135811941964,-0.2822979531183551,-6.46,sl
BHARATFORG,2026-07-17 10:30:00+05:30,2152.0,2145.54288155692,-0.2800311833572536,-6.46,sl
BHARATFORG,2026-07-22 11:55:00+05:30,2207.60009765625,2203.2715890066966,-0.2176438247348033,-4.33,sl
BHARATFORG,2026-07-24 11:45:00+05:30,2147.699951171875,2143.3213936941966,-0.22232316181660244,-4.38,sl
BHARATFORG,2026-07-31 09:15:00+05:30,2191.0,2202.2821219308034,0.2089581541981773,11.28,tp
BHARATFORG,2026-08-06 10:05:00+05:30,2216.5,2207.1214425223216,-0.35387477945441304,-9.38,sl
BHARATFORG,2026-08-07 10:40:00+05:30,2242.300048828125,2251.407217843192,0.14369180261562145,9.11,tp
BHARATFORG,2026-08-10 10:45:00+05:30,2290.0,2281.764229910714,-0.31578436915159247,-8.24,sl
BHARATFORG,2026-08-18 11:20:00+05:30,2087.89990234375,2087.10009765625,-0.1229839951599841,-0.8,time
BHARTIARTL,2026-06-11 11:20:00+05:30,1792.300048828125,1789.65718296596,-0.18847399844327703,-2.64,sl
BHARTIARTL,2026-06-24 11:05:00+05:30,1886.4000244140625,1890.19287109375,0.020637615477096957,3.79,tp
BHARTIARTL,2026-06-30 11:20:00+05:30,1875.800048828125,1872.2643171037946,-0.2130951582991784,-3.54,sl
BHARTIARTL,2026-07-01 11:15:00+05:30,1867.5999755859373,1871.0499834333145,0.010837691983633675,3.45,tp
BHARTIARTL,2026-07-01 11:25:00+05:30,1873.199951171875,1876.7999616350446,0.015311036419281603,3.6,tp
BHARTIARTL,2026-07-03 11:40:00+05:30,1902.5,1906.2714102608818,0.01894066525777009,3.77,tp
BHARTIARTL,2026-07-06 11:55:00+05:30,1924.9000244140625,1927.5357360839844,-0.017843681131724777,2.64,tp
BHARTIARTL,2026-07-07 10:25:00+05:30,1937.800048828125,1943.5000305175781,0.07648823033832085,5.7,tp
BHARTIARTL,2026-07-07 11:50:00+05:30,1952.4000244140625,1948.942879813058,-0.20624291818605334,-3.46,sl
BHARTIARTL,2026-07-09 10:05:00+05:30,1954.199951171875,1951.9000244140625,-0.17061488533248514,-2.3,time
BHARTIARTL,2026-07-14 09:25:00+05:30,1932.5,1927.2928466796875,-0.2616709957147478,-5.21,sl
BHARTIARTL,2026-07-15 11:25:00+05:30,1941.0999755859373,1938.22855922154,-0.1887563670242311,-2.87,sl
BHARTIARTL,2026-07-16 09:15:00+05:30,1927.199951171875,1924.0499529157366,-0.19806968667333982,-3.15,sl
BHARTIARTL,2026-07-16 11:30:00+05:30,1928.0,1931.653555733817,0.013699867234969777,3.65,tp
BHARTIARTL,2026-07-24 11:40:00+05:30,1892.5999755859373,1889.349966866629,-0.203033142594288,-3.25,sl
BHARTIARTL,2026-07-28 11:45:00+05:30,1899.199951171875,1898.0427856445312,-0.1365574628399628,-1.16,sl
BHARTIARTL,2026-07-29 10:25:00+05:30,1955.0,1950.135724748884,-0.24928721998309797,-4.86,sl
BHARTIARTL,2026-08-14 10:45:00+05:30,1972.0999755859373,1978.9999520438055,0.10992778895455735,6.9,tp
BHARTIARTL,2026-08-14 11:00:00+05:30,1989.0,1997.421399797712,0.15403920958407105,8.42,tp
CAMS,2026-06-05 10:10:00+05:30,773.4000244140625,769.8785967145648,-0.3731906585210374,-3.52,sl
CAMS,2026-06-05 11:05:00+05:30,776.4000244140625,773.2535836356027,-0.343156157613548,-3.15,sl
CAMS,2026-06-09 09:20:00+05:30,750.0,754.0767844063895,0.2261427525111594,4.08,tp
CAMS,2026-06-12 11:45:00+05:30,739.4000244140625,737.8214460100446,-0.22809670153328712,-1.58,sl
CAMS,2026-06-15 09:40:00+05:30,785.5499877929688,780.8607003348214,-0.4581659370644531,-4.69,sl
CAMS,2026-06-17 10:50:00+05:30,799.9500122070312,797.5821489606585,-0.27760084082053266,-2.37,sl
CAMS,2026-06-17 11:55:00+05:30,804.25,807.8071441650391,0.1653760023653637,3.56,tp
CAMS,2026-06-18 10:10:00+05:30,821.5999755859375,827.3267429896763,0.31821574298280514,5.73,tp
CAMS,2026-06-18 10:20:00+05:30,832.7999877929688,828.2571411132812,-0.4272944341697207,-4.54,sl
CAMS,2026-06-19 11:55:00+05:30,825.0,827.5017896379743,0.08194833730722165,2.5,tp
CAMS,2026-06-25 11:00:00+05:30,808.2000122070312,811.7571629115513,0.1640794840974708,3.56,tp
CAMS,2026-06-30 11:20:00+05:30,796.0999755859375,794.5963963099888,-0.21332088848580055,-1.5,sl
CAMS,2026-07-03 09:20:00+05:30,807.3499755859375,805.1892656598773,-0.2605779395354852,-2.16,sl
CAMS,2026-07-07 11:35:00+05:30,780.2999877929688,778.2821350097656,-0.25515977045524496,-2.02,sl
CAMS,2026-07-09 11:30:00+05:30,765.5,769.0839298793247,0.18090893894119353,3.58,tp
CAMS,2026-07-09 11:55:00+05:30,772.1500244140625,772.4500122070312,-0.07668941655245877,0.3,time
CAMS,2026-07-10 09:40:00+05:30,786.1500244140625,790.3821541922433,0.22300169026911623,4.23,tp
CAMS,2026-07-20 10:20:00+05:30,765.7999877929688,762.3856985909598,-0.36750764610343545,-3.41,sl
CAMS,2026-07-21 09:55:00+05:30,780.3499755859375,783.5374821254185,0.14508284532879678,3.19,tp
CAMS,2026-07-27 09:20:00+05:30,769.4500122070312,772.932148524693,0.17152924263453365,3.48,tp
CAMS,2026-07-27 09:40:00+05:30,779.7000122070312,784.1035810198102,0.23886639044528218,4.4,tp
CAMS,2026-07-27 10:00:00+05:30,787.3499755859375,788.2000122070312,-0.03522296456836784,0.85,time
CAMS,2026-07-30 10:15:00+05:30,796.0,792.8571384974888,-0.33689910822948815,-3.14,sl
CAMS,2026-07-31 09:20:00+05:30,796.25,799.726787022182,0.1619870911534281,3.48,tp
CAMS,2026-07-31 09:30:00+05:30,804.5499877929688,801.6535557338169,-0.3160038856328087,-2.9,sl
CAMS,2026-08-04 09:45:00+05:30,816.9000244140625,824.5178854806082,0.45951970906181344,7.62,tp
CAMS,2026-08-04 10:15:00+05:30,825.5999755859375,820.0714024135044,-0.5017858529011748,-5.53,sl
CAMS,2026-08-10 10:15:00+05:30,792.5999755859375,789.4035382952009,-0.3419710362751632,-3.2,sl
CAMS,2026-08-10 11:10:00+05:30,796.5499877929688,793.9821210588727,-0.29342414965400226,-2.57,sl
CAMS,2026-08-11 10:40:00+05:30,795.3499755859375,793.3606741768973,-0.25006989150214043,-1.99,sl
CAMS,2026-08-20 11:05:00+05:30,759.7999877929688,758.403560093471,-0.21027331312973666,-1.4,sl
CHOLAFIN,2026-06-05 10:05:00+05:30,1538.4000244140625,1528.3786010742188,-0.4908511380969584,-10.02,sl
CHOLAFIN,2026-06-18 10:30:00+05:30,1686.5,1681.2714233398438,-0.2860151791339312,-5.23,sl
CHOLAFIN,2026-06-19 10:15:00+05:30,1702.4000244140625,1697.7428937639509,-0.26413759104759926,-4.66,sl
CHOLAFIN,2026-06-23 11:25:00+05:30,1740.4000244140625,1737.2500174386162,-0.20859596407464448,-3.15,sl
CHOLAFIN,2026-06-24 11:00:00+05:30,1753.5999755859375,1759.6106872558594,0.10565847697095766,6.01,tp
CHOLAFIN,2026-06-24 11:15:00+05:30,1769.5,1776.624986921038,0.14159322704847846,7.12,tp
CHOLAFIN,2026-06-25 11:50:00+05:30,1814.699951171875,1811.1213902064733,-0.2183190961048123,-3.58,sl
CHOLAFIN,2026-07-03 09:20:00+05:30,1818.0,1812.4214128766741,-0.2841117862483782,-5.58,sl
CHOLAFIN,2026-07-06 09:45:00+05:30,1827.300048828125,1836.9643031529017,0.21732897936410228,9.66,tp
CHOLAFIN,2026-07-09 11:25:00+05:30,1803.5999755859373,1796.871390206473,-0.3238385053407965,-6.73,sl
CHOLAFIN,2026-07-13 11:15:00+05:30,1815.9000244140625,1812.914297921317,-0.19865278217755,-2.99,sl
CHOLAFIN,2026-07-15 09:20:00+05:30,1811.5,1820.2107456752233,0.188514899538171,8.71,tp
CHOLAFIN,2026-07-24 11:50:00+05:30,1713.5,1722.7892543247767,0.2252729848185604,9.29,tp
CHOLAFIN,2026-07-27 09:40:00+05:30,1778.5999755859375,1769.6571219308037,-0.40168178717716624,-8.94,sl
CHOLAFIN,2026-07-27 11:20:00+05:30,1788.0,1795.232142857143,0.14268935762224463,7.23,tp
CHOLAFIN,2026-07-29 11:30:00+05:30,1807.699951171875,1801.8713640485491,-0.29345866949481425,-5.83,sl
CHOLAFIN,2026-07-31 09:15:00+05:30,1807.0,1815.7642778669085,0.19101088656032697,8.76,tp
CHOLAFIN,2026-07-31 09:50:00+05:30,1830.9000244140625,1846.039289202009,0.39612533462469746,15.14,tp
CHOLAFIN,2026-08-03 09:20:00+05:30,1900.800048828125,1892.3857683454241,-0.3656022811411986,-8.41,sl
CHOLAFIN,2026-08-06 10:25:00+05:30,1905.0,1913.517870221819,0.16827937706516746,8.52,tp
CHOLAFIN,2026-08-06 11:15:00+05:30,1923.0,1931.453600202288,0.16376287682645999,8.45,tp
CHOLAFIN,2026-08-06 11:30:00+05:30,1935.4000244140625,1945.0643179757255,0.19960607956245793,9.66,tp
CHOLAFIN,2026-08-11 10:45:00+05:30,1921.0,1916.7214181082588,-0.2336360819908746,-4.28,sl
CHOLAFIN,2026-08-18 11:55:00+05:30,1876.4000244140625,1879.8714425223213,0.01100249615514175,3.47,tp
CIPLA,2026-06-12 11:10:00+05:30,1393.4000244140625,1395.9393179757255,0.009342336034370607,2.54,tp
CIPLA,2026-06-15 11:20:00+05:30,1382.199951171875,1384.9963902064733,0.021390788600189094,2.8,tp
CIPLA,2026-06-22 09:20:00+05:30,1387.5999755859375,1382.5357055664062,-0.31897968183774766,-5.06,sl
CIPLA,2026-06-22 11:20:00+05:30,1406.0999755859375,1409.1535862513952,0.030301289459244055,3.05,tp
CIPLA,2026-06-23 09:25:00+05:30,1428.5999755859375,1425.8785574776787,-0.21429727655466244,-2.72,sl
CIPLA,2026-06-23 09:35:00+05:30,1434.0999755859375,1438.8571079799108,0.09902932047800785,4.76,tp
CIPLA,2026-06-29 09:40:00+05:30,1467.0,1474.0928649902344,0.19009672761694782,7.09,tp
CIPLA,2026-06-29 10:05:00+05:30,1481.199951171875,1489.7713928222656,0.24720936806442068,8.57,tp
CIPLA,2026-06-30 10:25:00+05:30,1471.9000244140625,1467.028599330357,-0.2985770094260832,-4.87,sl
CIPLA,2026-07-03 09:35:00+05:30,1469.5,1466.1071515764509,-0.23853072841983555,-3.39,sl
CIPLA,2026-07-10 10:15:00+05:30,1449.0,1452.800048828125,0.057351918348861275,3.8,time
CIPLA,2026-07-14 09:30:00+05:30,1449.699951171875,1446.199951171875,-0.24485756161490177,-3.5,sl
CIPLA,2026-07-15 09:15:00+05:30,1447.699951171875,1444.4070783342634,-0.23647328653756514,-3.29,sl
CIPLA,2026-07-15 11:45:00+05:30,1445.0999755859375,1448.153573172433,0.026784207518542505,3.05,tp
CIPLA,2026-07-15 11:55:00+05:30,1450.0,1447.5356968470983,-0.2019711649476574,-2.46,sl
CIPLA,2026-07-16 11:50:00+05:30,1442.9000244140625,1440.9643031529017,-0.18049294733140683,-1.94,sl
CIPLA,2026-07-20 11:40:00+05:30,1446.0999755859375,1449.8714381626673,0.056481404068969995,3.77,tp
CIPLA,2026-07-23 11:55:00+05:30,1422.9000244140625,1417.4786028180804,-0.32860727400217465,-5.42,sl
CIPLA,2026-07-29 10:15:00+05:30,1462.9000244140625,1469.9607543945312,0.18959176413836462,7.06,tp
CIPLA,2026-07-29 11:05:00+05:30,1479.5999755859375,1485.749991280692,0.14939236805484768,6.15,tp
CIPLA,2026-08-06 09:25:00+05:30,1477.199951171875,1482.4177900041852,0.11193497176211846,5.22,tp
CIPLA,2026-08-12 10:50:00+05:30,1467.199951171875,1464.6642368861608,-0.2036960620270839,-2.54,sl
CIPLA,2026-08-14 09:25:00+05:30,1469.9000244140625,1466.6500331333705,-0.23266172773842442,-3.25,sl
COALINDIA,2026-06-01 11:25:00+05:30,474.3999938964844,472.5892748151507,-0.3290116911420674,-1.81,sl
COALINDIA,2026-06-04 10:50:00+05:30,477.5,476.52142769949774,-0.22296196446101754,-0.98,sl
COALINDIA,2026-06-04 11:25:00+05:30,481.7000122070313,481.5499877929688,-0.11868686862287485,-0.15,time
COALINDIA,2026-06-09 11:05:00+05:30,465.0499877929688,463.9285627092634,-0.24468445713039685,-1.12,sl
COALINDIA,2026-06-15 11:25:00+05:30,445.6000061035156,444.51428658621654,-0.2461920335405287,-1.09,sl
COALINDIA,2026-06-16 10:45:00+05:30,451.0,449.6035701206752,-0.28577781099664545,-1.4,sl
COALINDIA,2026-06-17 11:10:00+05:30,453.3500061035156,454.89285932268416,0.10419365149181192,1.54,tp
COALINDIA,2026-06-29 11:35:00+05:30,439.0499877929688,440.673201424735,0.12182626264391656,1.62,tp
COALINDIA,2026-07-03 10:20:00+05:30,442.4500122070313,444.1000148228237,0.12375444505857529,1.65,tp
COALINDIA,2026-07-09 09:20:00+05:30,434.6000061035156,433.39285714285717,-0.26665654998232075,-1.21,sl
COALINDIA,2026-07-14 09:20:00+05:30,434.6000061035156,433.5500030517578,-0.2449613028547979,-1.05,sl
COALINDIA,2026-07-14 11:25:00+05:30,436.2999877929688,435.54284449986056,-0.20412239023039153,-0.76,sl
COALINDIA,2026-08-18 09:25:00+05:30,410.8500061035156,410.32500130789623,-0.17667101684118527,-0.53,sl
COALINDIA,2026-08-18 09:35:00+05:30,412.0,411.25356837681363,-0.20870363444461665,-0.75,sl
BSOFT,2026-06-02 09:20:00+05:30,340.0,343.0267824445452,0.4341380784491488,3.03,tp
BSOFT,2026-06-02 09:30:00+05:30,346.3999938964844,343.9107099260603,-0.5311692865389535,-2.49,sl
BSOFT,2026-06-02 10:25:00+05:30,351.45001220703125,355.8857192993164,0.6572696437419125,4.44,tp
BSOFT,2026-06-09 11:45:00+05:30,323.29998779296875,322.71427263532365,-0.20870062105047238,-0.59,sl
BSOFT,2026-06-15 09:45:00+05:30,323.6499938964844,326.64999716622486,0.45615695837769815,3.0,tp
BSOFT,2026-06-16 09:35:00+05:30,324.5,326.1982182094029,0.21400028525169362,1.7,tp
BSOFT,2026-06-16 10:20:00+05:30,326.95001220703125,325.21429661342074,-0.4185286182240148,-1.74,sl
BSOFT,2026-06-17 09:35:00+05:30,331.3500061035156,329.8607155936105,-0.36967686418690243,-1.49,sl
BSOFT,2026-06-18 10:30:00+05:30,325.45001220703125,327.28751482282365,0.2387621840905318,1.84,tp
BSOFT,2026-07-03 09:20:00+05:30,290.6499938964844,288.25356837681363,-0.5947033689993955,-2.4,sl
BSOFT,2026-07-10 10:05:00+05:30,289.29998779296875,286.55713544573103,-0.6688598264028779,-2.74,sl
BSOFT,2026-07-13 10:25:00+05:30,297.3999938964844,295.5892813546317,-0.46530852300211156,-1.81,sl
BSOFT,2026-07-13 11:10:00+05:30,302.0,300.46785845075334,-0.4043989832940384,-1.53,sl
BSOFT,2026-07-16 09:15:00+05:30,291.1000061035156,290.35357448032926,-0.25385055462780076,-0.75,sl
BSOFT,2026-07-20 09:20:00+05:30,291.8500061035156,290.97142900739397,-0.28062232196288656,-0.88,sl
BSOFT,2026-07-20 09:40:00+05:30,293.6000061035156,292.4178553989955,-0.34158392641925944,-1.18,sl
BSOFT,2026-07-27 09:30:00+05:30,292.79998779296875,291.06070382254467,-0.4564106645360692,-1.74,sl
BSOFT,2026-07-28 09:25:00+05:30,303.8999938964844,306.3642796107701,0.38653223371734263,2.46,tp
BSOFT,2026-07-28 10:10:00+05:30,308.1000061035156,305.71072169712613,-0.5652939355515765,-2.39,sl
BSOFT,2026-07-29 10:35:00+05:30,309.95001220703125,313.14823041643416,0.5191098080551115,3.2,tp
BSOFT,2026-07-29 10:55:00+05:30,321.29998779296875,318.5535583496094,-0.6128719977037256,-2.75,sl
BSOFT,2026-08-03 09:35:00+05:30,310.79998779296875,313.0660618373326,0.33746604891246,2.27,tp
BSOFT,2026-08-03 10:30:00+05:30,315.1000061035156,317.32321384974887,0.3233337422728354,2.22,tp
BSOFT,2026-08-10 10:20:00+05:30,323.8999938964844,322.2821371895926,-0.39969559815591915,-1.62,sl
BSOFT,2026-08-19 09:20:00+05:30,311.25,310.23928615025113,-0.29483640477086603,-1.01,sl
CANBK,2026-06-04 10:45:00+05:30,132.63999938964844,133.28071321759904,0.18982833122688117,0.64,tp
CANBK,2026-06-05 09:50:00+05:30,135.4499969482422,134.95857129778182,-0.3176857858393989,-0.49,sl
CANBK,2026-06-09 09:40:00+05:30,133.27999877929688,134.0374995640346,0.24101176095841104,0.76,tp
CANBK,2026-06-09 11:40:00+05:30,135.52000427246094,136.14571816580636,0.1770279841878244,0.63,tp
CANBK,2026-06-17 11:00:00+05:30,134.08999633789062,134.711430140904,0.17806718770315297,0.62,tp
CANBK,2026-06-24 11:40:00+05:30,130.52999877929688,130.9167845589774,0.07779167239610092,0.39,tp
CANBK,2026-07-03 10:20:00+05:30,127.83999633789062,127.23999568394252,-0.3816023174917438,-0.6,sl
CANBK,2026-07-15 09:15:00+05:30,126.69000244140624,127.05536161150249,0.07303299221194631,0.37,tp
CANBK,2026-07-16 11:00:00+05:30,127.0,126.78642817905971,-0.20090007288517553,-0.21,sl
CANBK,2026-07-20 09:20:00+05:30,127.5999984741211,127.19428416660854,-0.29077475503019123,-0.41,sl
CANBK,2026-07-22 11:25:00+05:30,126.98999786376952,126.76499720982142,-0.20630789403877628,-0.23,sl
CANBK,2026-08-03 09:40:00+05:30,126.55999755859376,126.9660690852574,0.09251178942649932,0.41,tp
CANBK,2026-08-04 09:20:00+05:30,128.1199951171875,127.87499455043248,-0.2147364546170626,-0.25,sl
CANBK,2026-08-04 10:00:00+05:30,128.5,128.13785770961215,-0.2690936764456892,-0.36,sl
CANBK,2026-08-05 09:20:00+05:30,129.39999389648438,129.14142118181502,-0.2198946183302938,-0.26,sl
CANBK,2026-08-05 09:30:00+05:30,129.97000122070312,129.6542865208217,-0.24574810967892868,-0.32,sl
CANBK,2026-08-10 11:10:00+05:30,131.72000122070312,131.40785653250558,-0.24218555358553423,-0.31,sl
CANBK,2026-08-11 10:55:00+05:30,129.36000061035156,129.80464444841658,0.10623554543927774,0.44,tp
CANBK,2026-08-12 09:20:00+05:30,131.07000732421875,131.51036616734095,0.10158334562364643,0.44,tp
CANBK,2026-08-12 09:35:00+05:30,132.5,132.05928584507532,-0.2995686739281558,-0.44,sl
CANBK,2026-08-13 09:45:00+05:30,132.1999969482422,131.78214045933314,-0.28964742748336736,-0.42,sl
COFORGE,2026-06-02 10:30:00+05:30,1533.5999755859375,1545.0749729701452,0.34894356677947025,11.47,tp
COFORGE,2026-06-10 09:50:00+05:30,1429.800048828125,1423.3500366210938,-0.3706677291968648,-6.45,sl
COFORGE,2026-06-11 11:30:00+05:30,1401.5999755859375,1409.0464041573662,0.21876835193218505,7.45,tp
COFORGE,2026-06-12 11:05:00+05:30,1401.0,1396.449994768415,-0.29486103775524275,-4.55,sl
COFORGE,2026-06-15 10:55:00+05:30,1408.800048828125,1407.699951171875,-0.14685253910227028,-1.1,time
COFORGE,2026-06-16 09:30:00+05:30,1420.800048828125,1427.1321890694755,0.16740456181318217,6.33,tp
COFORGE,2026-06-16 10:10:00+05:30,1443.4000244140625,1437.300040108817,-0.3535673078315921,-6.1,sl
COFORGE,2026-06-17 09:35:00+05:30,1495.800048828125,1489.242885044643,-0.36302300719749053,-6.56,sl
COFORGE,2026-06-19 11:30:00+05:30,1447.800048828125,1443.1500592912946,-0.29270573477024703,-4.65,sl
COFORGE,2026-07-02 09:20:00+05:30,1432.0,1432.4000244140625,-0.08323920052810754,0.4,time
COFORGE,2026-07-03 11:15:00+05:30,1486.800048828125,1481.5143432617188,-0.31330530237360577,-5.29,sl
COFORGE,2026-07-07 09:20:00+05:30,1504.0,1499.4857264927455,-0.2800906984277073,-4.51,sl
COFORGE,2026-07-13 10:50:00+05:30,1509.199951171875,1517.6964111328125,0.23778665130515425,8.5,tp
COFORGE,2026-07-13 11:55:00+05:30,1528.5,1522.7499825613838,-0.32571216638336287,-5.75,sl
COFORGE,2026-07-14 09:25:00+05:30,1567.5,1561.69287109375,-0.32228244617224877,-5.81,sl
COFORGE,2026-07-15 09:25:00+05:30,1548.4000244140625,1558.9750453404017,0.309778639612498,10.58,tp
COFORGE,2026-07-21 09:25:00+05:30,1526.9000244140625,1522.3999982561384,-0.27682989400636077,-4.5,sl
COFORGE,2026-07-21 10:05:00+05:30,1529.199951171875,1523.1070818219866,-0.3390610598131081,-6.09,sl
COFORGE,2026-07-27 09:35:00+05:30,1519.199951171875,1530.7499433244977,0.35616084217406707,11.55,tp
COFORGE,2026-07-28 09:20:00+05:30,1630.0999755859375,1646.7285810198102,0.5120583651157569,16.63,tp
COFORGE,2026-07-28 09:40:00+05:30,1671.0,1671.300048828125,-0.08922625392728904,0.3,time
COFORGE,2026-07-29 09:30:00+05:30,1750.5,1738.5142822265625,-0.5108215175128534,-11.99,sl
COFORGE,2026-08-05 09:20:00+05:30,1761.0999755859375,1755.971400669643,-0.2747285782996486,-5.13,sl
COFORGE,2026-08-07 09:15:00+05:30,1791.0,1796.914293561663,0.09813378766040347,5.91,tp
COFORGE,2026-08-07 09:40:00+05:30,1807.9000244140625,1802.2571672712054,-0.2872733137891057,-5.64,sl
COFORGE,2026-08-10 10:20:00+05:30,1816.9000244140625,1808.4000244140625,-0.38069788824207396,-8.5,time
COFORGE,2026-08-13 09:20:00+05:30,1806.199951171875,1812.1356680733816,0.09717806650328271,5.94,tp
COFORGE,2026-08-19 10:45:00+05:30,1815.0,1810.0214320591517,-0.2645807583751497,-4.98,sl
COFORGE,2026-08-20 09:30:00+05:30,1852.5999755859373,1862.0285470145088,0.20536235192131547,9.43,tp
COFORGE,2026-08-20 09:40:00+05:30,1872.5,1883.9000244140625,0.26528783169225634,11.4,time
COFORGE,2026-08-20 11:00:00+05:30,1888.5,1882.528581891741,-0.2897193997858319,-5.97,sl
CANFINHOME,2026-06-05 09:30:00+05:30,822.4000244140625,819.4964512416294,-0.3118365578479987,-2.9,sl
CANFINHOME,2026-06-08 11:05:00+05:30,821.0999755859375,821.0499877929688,-0.10365274347497663,-0.05,time
CANFINHOME,2026-06-10 10:25:00+05:30,836.0999755859375,833.4356951032366,-0.2911934381412034,-2.66,sl
CANFINHOME,2026-06-11 10:40:00+05:30,853.5,850.9107099260602,-0.2820239067795968,-2.59,sl
CANFINHOME,2026-06-12 09:45:00+05:30,860.4500122070312,856.1464407784598,-0.40009214021855133,-4.3,sl
CANFINHOME,2026-06-19 10:05:00+05:30,888.1500244140625,885.0643092564175,-0.3084590490000227,-3.09,sl
CANFINHOME,2026-06-30 09:25:00+05:30,883.2999877929688,873.4964032854352,-0.765928991940481,-9.8,sl
CANFINHOME,2026-07-01 11:15:00+05:30,881.5,878.6892918178013,-0.29131309237881176,-2.81,sl
CANFINHOME,2026-07-01 11:45:00+05:30,885.8499755859375,889.2196066720145,0.12823036714641306,3.37,tp
CANFINHOME,2026-07-03 09:20:00+05:30,897.0,894.1964285714286,-0.28752986144290604,-2.8,sl
CANFINHOME,2026-07-03 09:35:00+05:30,900.2000122070312,905.5089460100446,0.2538502820054878,5.31,tp
CANFINHOME,2026-07-03 09:45:00+05:30,909.4500122070312,905.4214433942523,-0.36578055475545396,-4.03,sl
CANFINHOME,2026-07-08 11:00:00+05:30,914.0499877929688,918.5821228027344,0.19749806270718848,4.53,tp
CANFINHOME,2026-07-10 09:25:00+05:30,925.9000244140624,922.0643136160713,-0.3485610128643258,-3.84,sl
CANFINHOME,2026-07-10 09:40:00+05:30,930.2999877929688,925.8107038225446,-0.3895378283992752,-4.49,sl
CANFINHOME,2026-07-13 09:35:00+05:30,931.9500122070312,937.312504359654,0.24524333380864632,5.36,tp
CANFINHOME,2026-07-13 10:20:00+05:30,938.4500122070312,934.2357264927456,-0.36944124840754666,-4.21,sl
CANFINHOME,2026-07-15 09:15:00+05:30,901.75,905.4517844063895,0.14630669740323762,3.7,tp
CANFINHOME,2026-07-15 09:35:00+05:30,909.25,911.0499877929688,0.018778408114517444,1.8,time
CANFINHOME,2026-08-05 10:15:00+05:30,817.9500122070312,815.0928693498884,-0.30958318830024434,-2.86,sl
CANFINHOME,2026-08-06 09:45:00+05:30,821.2000122070312,818.317866734096,-0.3105805233871786,-2.88,sl
CANFINHOME,2026-08-07 11:05:00+05:30,812.0,810.8535723005023,-0.18471140636682773,-1.15,sl
CANFINHOME,2026-08-10 11:00:00+05:30,817.5499877929688,819.7303357805524,0.060015755866109355,2.18,tp
CANFINHOME,2026-08-10 11:15:00+05:30,821.0499877929688,823.6696188790457,0.09143519578768038,2.62,tp
CANFINHOME,2026-08-10 11:40:00+05:30,828.4000244140625,831.2875191824777,0.10913771245655542,2.89,tp
CANFINHOME,2026-08-11 11:05:00+05:30,822.2000122070312,820.4964468819754,-0.22431758451204156,-1.7,sl
CANFINHOME,2026-08-18 10:45:00+05:30,817.9500122070312,816.2821524483817,-0.22234437804940713,-1.67,sl
CANFINHOME,2026-08-20 09:25:00+05:30,822.2999877929688,825.7928357805524,0.15485939725902592,3.49,tp
CUMMINSIND,2026-06-03 11:45:00+05:30,5713.5,5698.571428571428,-0.25677155608896357,-14.93,sl
CUMMINSIND,2026-06-04 09:20:00+05:30,5786.0,5787.5,-0.08444521258209471,1.5,time
CUMMINSIND,2026-06-04 11:50:00+05:30,5832.0,5851.285714285715,0.09841269841270243,19.29,tp
CUMMINSIND,2026-06-15 10:30:00+05:30,5726.0,5712.571428571428,-0.24071154134025383,-13.43,sl
CUMMINSIND,2026-06-18 11:35:00+05:30,5880.0,5867.321428571428,-0.22937317784256692,-12.68,sl
CUMMINSIND,2026-06-23 10:55:00+05:30,5831.0,5817.928571428572,-0.23450278070411704,-13.07,sl
CUMMINSIND,2026-07-08 09:50:00+05:30,5506.5,5483.928571428572,-0.3459431061991658,-22.57,sl
CUMMINSIND,2026-07-10 09:20:00+05:30,5645.0,5671.517857142857,0.18185499177527242,26.52,tp
CUMMINSIND,2026-07-10 09:30:00+05:30,5700.0,5677.285714285715,-0.3390977443608981,-22.71,sl
CUMMINSIND,2026-07-15 09:15:00+05:30,5540.5,5554.428571428572,0.050837340621657505,13.93,tp
CUMMINSIND,2026-07-16 10:40:00+05:30,5598.0,5619.803571428572,0.1336931557188806,21.8,tp
CUMMINSIND,2026-07-21 11:50:00+05:30,5548.0,5560.214285714285,0.03209393346379225,12.21,tp
CUMMINSIND,2026-07-23 10:45:00+05:30,5643.0,5632.392857142857,-0.21278195488722082,-10.61,sl
CUMMINSIND,2026-07-24 11:50:00+05:30,5630.5,5644.642857142857,0.05070978218122955,14.14,tp
CUMMINSIND,2026-07-31 09:20:00+05:30,5541.0,5519.928571428572,-0.32816923195916015,-21.07,sl
CUMMINSIND,2026-08-04 09:35:00+05:30,5562.5,5591.482142857143,0.21261637239165607,28.98,tp
CUMMINSIND,2026-08-14 11:45:00+05:30,5397.5,5386.464285714285,-0.22267584199034382,-11.04,sl
CUMMINSIND,2026-08-17 09:50:00+05:30,5449.5,5430.428571428572,-0.30997994573551824,-19.07,sl
DABUR,2026-06-04 11:45:00+05:30,428.7000122070313,427.40358843122215,-0.28144488997818085,-1.3,sl
DABUR,2026-06-10 09:20:00+05:30,434.1000061035156,435.90535736083984,0.14953023247279762,1.81,tp
DABUR,2026-06-10 09:40:00+05:30,437.1000061035156,435.4964359828404,-0.32011943696410544,-1.6,sl
DABUR,2026-06-18 10:00:00+05:30,431.1499938964844,430.0499965122768,-0.25307861298103573,-1.1,sl
DABUR,2026-06-25 09:50:00+05:30,428.5,430.32678767613004,0.15579290680934024,1.83,tp
DABUR,2026-06-29 09:20:00+05:30,427.7999877929688,426.7321275983538,-0.24977001754358588,-1.07,sl
DABUR,2026-07-01 09:20:00+05:30,430.7000122070313,432.59643554687506,0.16418713063776272,1.9,tp
DABUR,2026-07-01 09:30:00+05:30,439.6000061035156,437.6964372907366,-0.35981375609864696,-1.9,sl
DABUR,2026-07-02 09:20:00+05:30,449.25,447.53214154924666,-0.3294301770622157,-1.72,sl
DABUR,2026-07-06 11:45:00+05:30,444.3999938964844,443.4392830984933,-0.22970893040311383,-0.96,sl
DABUR,2026-07-15 09:50:00+05:30,436.8500061035156,435.55714416503906,-0.277570596829092,-1.29,sl
DABUR,2026-07-16 10:50:00+05:30,433.5,432.77856881277904,-0.19985206743542672,-0.72,sl
DABUR,2026-07-20 10:50:00+05:30,429.7000122070313,429.0642939976284,-0.18876679422991752,-0.64,sl
DABUR,2026-07-22 11:10:00+05:30,425.0,426.0553643362863,0.04899261218159368,1.06,tp
DABUR,2026-07-28 09:25:00+05:30,430.5,431.9249954223633,0.09860563377885453,1.42,tp
DABUR,2026-07-28 09:35:00+05:30,432.8999938964844,434.6946302141462,0.14873684587174196,1.79,tp
DABUR,2026-07-28 09:55:00+05:30,436.2999877929688,434.81784929547996,-0.3038237734068623,-1.48,sl
DABUR,2026-07-29 11:45:00+05:30,432.7999877929688,432.0107029506139,-0.20942026773796393,-0.79,sl
DABUR,2026-07-30 11:35:00+05:30,425.3500061035156,424.19643511090965,-0.26272307173663073,-1.15,sl
DABUR,2026-08-13 11:30:00+05:30,409.3500061035156,410.1267983572824,0.013857419154940506,0.78,tp
DALBHARAT,2026-06-09 09:40:00+05:30,1675.800048828125,1668.7357439313616,-0.3529289184006187,-7.06,sl
DALBHARAT,2026-06-10 11:45:00+05:30,1662.800048828125,1667.182168143136,0.058123136384297246,4.38,tp
DALBHARAT,2026-06-10 11:55:00+05:30,1668.5,1665.4714529854912,-0.20890789383909494,-3.03,sl
DALBHARAT,2026-06-15 10:35:00+05:30,1719.5,1712.692836216518,-0.33752825065945136,-6.81,sl
DALBHARAT,2026-06-17 09:35:00+05:30,1721.0,1728.8321402413505,0.17305544130216885,7.83,tp
DALBHARAT,2026-06-17 09:45:00+05:30,1737.0,1730.0214146205358,-0.3410564897915102,-6.98,sl
DALBHARAT,2026-06-24 09:30:00+05:30,1700.199951171875,1694.2856706891741,-0.30871476247100466,-5.91,sl
DALBHARAT,2026-06-24 10:10:00+05:30,1710.800048828125,1703.8500453404017,-0.3437457314482989,-6.95,sl
DALBHARAT,2026-06-30 10:45:00+05:30,1712.9000244140625,1708.9285975864955,-0.2391123861624866,-3.97,sl
DALBHARAT,2026-07-01 11:00:00+05:30,1727.9000244140625,1722.5928955078125,-0.2842859713385212,-5.31,sl
DALBHARAT,2026-07-03 09:20:00+05:30,1772.0999755859375,1780.7892456054688,0.1942024763583052,8.69,tp
DALBHARAT,2026-07-07 11:15:00+05:30,1781.300048828125,1776.378627232143,-0.2657695434035315,-4.92,sl
DALBHARAT,2026-07-07 11:25:00+05:30,1786.9000244140625,1781.1500331333705,-0.2930715049123409,-5.75,sl
DALBHARAT,2026-07-09 11:35:00+05:30,1744.199951171875,1752.4499250139509,0.18379683773754102,8.25,tp
DALBHARAT,2026-07-14 11:10:00+05:30,1770.800048828125,1766.8572038922991,-0.23359537476075218,-3.94,sl
DALBHARAT,2026-07-15 09:30:00+05:30,1791.199951171875,1785.207066127232,-0.30074425663272614,-5.99,sl
DALBHARAT,2026-07-15 10:20:00+05:30,1805.9000244140625,1816.8714556012835,0.2645195538700137,10.97,tp
DALBHARAT,2026-07-22 11:40:00+05:30,1869.199951171875,1866.1071254185267,-0.19927752517035746,-3.09,sl
DALBHARAT,2026-07-23 09:15:00+05:30,1877.0,1883.3214024135045,0.10206933660643139,6.32,tp
DALBHARAT,2026-07-24 11:45:00+05:30,1851.5999755859373,1846.785705566406,-0.2560035671746359,-4.81,sl
DALBHARAT,2026-08-03 09:55:00+05:30,1823.800048828125,1832.8643450055804,0.1982003268377895,9.06,tp
DALBHARAT,2026-08-05 09:45:00+05:30,1834.5999755859373,1830.0285382952006,-0.24950738095185923,-4.57,sl
DALBHARAT,2026-08-05 10:35:00+05:30,1837.5999755859373,1844.3071289062498,0.11899717270644357,6.71,tp
DALBHARAT,2026-08-07 11:05:00+05:30,1830.0999755859373,1826.949968610491,-0.20327327525714445,-3.15,sl
DALBHARAT,2026-08-10 09:50:00+05:30,1833.699951171875,1827.1856776646207,-0.3131517810127392,-6.51,sl
DALBHARAT,2026-08-20 09:20:00+05:30,1894.800048828125,1888.942905970982,-0.28547000336311007,-5.86,sl
DALBHARAT,2026-08-20 10:15:00+05:30,1904.4000244140625,1915.8214634486608,0.25984369527969453,11.42,tp
DALBHARAT,2026-08-20 11:50:00+05:30,1921.199951171875,1916.5356706891741,-0.24566772645988627,-4.66,sl
COLPAL,2026-06-08 11:05:00+05:30,2015.0,2015.0,-0.1,0.0,time
COLPAL,2026-06-10 09:20:00+05:30,2080.0,2092.6964416503906,0.2662435091458834,12.7,tp
COLPAL,2026-06-29 09:20:00+05:30,2022.0,2015.9000156947545,-0.28100843635743233,-6.1,sl
COLPAL,2026-06-30 11:15:00+05:30,1995.0,1999.9928806849887,0.05016182511244139,4.99,tp
COLPAL,2026-07-01 09:30:00+05:30,2029.800048828125,2024.0214669363838,-0.2708123485880498,-5.78,sl
COLPAL,2026-07-02 11:55:00+05:30,2048.60009765625,2054.0965314592636,0.060981163946108786,5.5,tp
COLPAL,2026-07-09 11:50:00+05:30,2052.0,2057.250013078962,0.05350915435561939,5.25,tp
COLPAL,2026-07-16 10:50:00+05:30,2023.0,2019.557163783482,-0.2021108121557456,-3.44,sl
COLPAL,2026-07-20 10:20:00+05:30,2061.5,2071.2499476841517,0.18377242835270594,9.75,tp
COLPAL,2026-07-20 10:40:00+05:30,2080.300048828125,2089.03213936942,0.15185089659197382,8.73,tp
COLPAL,2026-07-20 10:55:00+05:30,2110.89990234375,2103.0999494280136,-0.3217050531029745,-7.8,sl
COLPAL,2026-07-20 11:10:00+05:30,2117.0,2107.242902483259,-0.3765355932945,-9.76,sl
COLPAL,2026-07-22 11:10:00+05:30,2088.800048828125,2095.5714721679688,0.09450660230430502,6.77,tp
COLPAL,2026-07-27 09:20:00+05:30,2116.60009765625,2127.828595842634,0.218298148020051,11.23,tp
COLPAL,2026-07-27 11:05:00+05:30,2132.699951171875,2140.360613141741,0.11552010536662405,7.66,tp
COLPAL,2026-07-29 09:20:00+05:30,2157.39990234375,2151.085606166295,-0.2756085045872707,-6.31,sl
COLPAL,2026-07-29 11:45:00+05:30,2178.699951171875,2198.842782156808,0.4547206527663044,20.14,tp
COLPAL,2026-08-03 09:30:00+05:30,2101.800048828125,2110.9500122070312,0.16120363021233777,9.15,tp
COLPAL,2026-08-17 11:00:00+05:30,1972.0999755859373,1969.8071027483256,-0.16975932861406978,-2.29,sl
DEEPAKNTR,2026-06-01 11:30:00+05:30,1674.0,1671.5999755859375,-0.18602238043234767,-2.4,time
DEEPAKNTR,2026-06-03 09:35:00+05:30,1702.0,1712.778555733817,0.2799725875611173,10.78,tp
DEEPAKNTR,2026-06-05 09:20:00+05:30,1710.4000244140625,1702.9571707589287,-0.36109168202392494,-7.44,sl
DEEPAKNTR,2026-06-10 09:20:00+05:30,1695.5999755859375,1689.8571079799108,-0.3032154171519917,-5.74,sl
DEEPAKNTR,2026-06-12 09:50:00+05:30,1661.0,1674.8321271623884,0.3996554062271533,13.83,tp
DEEPAKNTR,2026-06-18 09:20:00+05:30,1652.0,1647.2999877929688,-0.27070262253140137,-4.7,sl
DEEPAKNTR,2026-06-18 10:05:00+05:30,1661.699951171875,1664.5,0.0011030478571175508,2.8,time
DEEPAKNTR,2026-06-19 10:50:00+05:30,1677.300048828125,1685.3357761928014,0.18745223147011908,8.04,tp
DEEPAKNTR,2026-06-24 11:55:00+05:30,1632.0,1628.2499825613838,-0.23786828818441796,-3.75,sl
DEEPAKNTR,2026-07-02 09:20:00+05:30,1576.4000244140625,1569.9000418526787,-0.34739846970504196,-6.5,sl
DEEPAKNTR,2026-07-06 09:20:00+05:30,1590.800048828125,1599.6286359514509,0.23298668037492853,8.83,tp
DEEPAKNTR,2026-07-06 09:30:00+05:30,1607.800048828125,1618.675048828125,0.3058340466375696,10.88,tp
DEEPAKNTR,2026-07-06 11:40:00+05:30,1598.9000244140625,1604.857177734375,0.12354693461821323,5.96,tp
DEEPAKNTR,2026-07-09 10:10:00+05:30,1632.0,1622.27144077846,-0.45766761843897363,-9.73,sl
DEEPAKNTR,2026-07-10 09:20:00+05:30,1646.199951171875,1654.2892499651227,0.1948353432092826,8.09,tp
DEEPAKNTR,2026-07-14 10:00:00+05:30,1679.5,1672.2642822265625,-0.3584954250707056,-7.24,sl
DEEPAKNTR,2026-07-15 09:30:00+05:30,1723.199951171875,1734.5677926199776,0.2958162176259973,11.37,tp
DEEPAKNTR,2026-07-16 09:25:00+05:30,1730.199951171875,1742.1463797433037,0.3142791206300964,11.95,tp
DEEPAKNTR,2026-07-16 10:10:00+05:30,1751.0,1740.57856968471,-0.457102123882013,-10.42,sl
DEEPAKNTR,2026-07-21 09:30:00+05:30,1706.5999755859375,1715.1607055664062,0.20097492451432417,8.56,tp
DEEPAKNTR,2026-07-21 11:05:00+05:30,1720.4000244140625,1716.2571585518974,-0.2444849733797022,-4.14,sl
DEEPAKNTR,2026-07-27 09:35:00+05:30,1678.300048828125,1687.9321812220983,0.24435317096125664,9.63,tp
DEEPAKNTR,2026-07-27 09:55:00+05:30,1693.5,1686.221435546875,-0.35787650852524355,-7.28,sl
DEEPAKNTR,2026-07-29 09:45:00+05:30,1681.199951171875,1674.2213745117188,-0.34905699010847063,-6.98,sl
DEEPAKNTR,2026-07-31 09:20:00+05:30,1670.800048828125,1664.185756138393,-0.33752546671415096,-6.61,sl
DEEPAKNTR,2026-08-03 09:25:00+05:30,1690.0,1702.4285714285713,0.3412510566356685,12.43,tp
DEEPAKNTR,2026-08-03 09:50:00+05:30,1706.9000244140625,1697.3571602957588,-0.4354454501778862,-9.54,sl
DEEPAKNTR,2026-08-04 10:40:00+05:30,1750.0,1743.4499773297991,-0.32457220583545804,-6.55,sl
DEEPAKNTR,2026-08-05 09:15:00+05:30,1800.699951171875,1786.6213814871653,-0.569103239844512,-14.08,sl
DEEPAKNTR,2026-08-07 09:15:00+05:30,1807.0,1817.328574044364,0.24295209887207203,10.33,tp
DEEPAKNTR,2026-08-07 09:25:00+05:30,1828.4000244140625,1819.0714634486608,-0.406122101537092,-9.33,sl
DEEPAKNTR,2026-08-07 11:50:00+05:30,1790.0,1798.3250078473773,0.1790505423701876,8.33,tp
DEEPAKNTR,2026-08-14 11:20:00+05:30,1722.0,1718.3428606305804,-0.2274264588647948,-3.66,sl
DEEPAKNTR,2026-08-17 11:40:00+05:30,1755.800048828125,1761.7464773995537,0.10320406900765829,5.95,tp
DEEPAKNTR,2026-08-18 11:05:00+05:30,1779.0999755859375,1774.092808314732,-0.26886630340904716,-5.01,sl
DEEPAKNTR,2026-08-19 09:25:00+05:30,1800.0,1808.8607482910156,0.1953582763671875,8.86,tp
COROMANDEL,2026-06-04 11:20:00+05:30,1757.0999755859375,1752.7642735072545,-0.24805197674322943,-4.34,sl
COROMANDEL,2026-06-08 10:55:00+05:30,1779.0,1774.2071358816963,-0.26164803097145595,-4.79,sl
COROMANDEL,2026-06-09 10:00:00+05:30,1783.9000244140625,1792.9000244140625,0.20270754672889682,9.0,time
COROMANDEL,2026-06-09 11:50:00+05:30,1802.0999755859373,1807.189274379185,0.06944560886283772,5.09,tp
COROMANDEL,2026-06-10 10:15:00+05:30,1859.9000244140625,1855.699951171875,-0.23549351643814337,-4.2,time
COROMANDEL,2026-06-10 11:50:00+05:30,1870.5,1878.664306640625,0.16188633971531674,8.16,tp
COROMANDEL,2026-06-16 11:25:00+05:30,2051.89990234375,2044.7284545898438,-0.30970168415276333,-7.17,sl
COROMANDEL,2026-06-16 11:55:00+05:30,2074.39990234375,2064.8856288364955,-0.37519110938555894,-9.51,sl
COROMANDEL,2026-06-18 09:20:00+05:30,2055.199951171875,2048.285670689174,-0.30185716174502336,-6.91,sl
COROMANDEL,2026-06-24 11:30:00+05:30,1982.699951171875,1979.864249093192,-0.18581334993245738,-2.84,sl
COROMANDEL,2026-07-01 11:25:00+05:30,1977.0,1987.8000183105469,0.22776990320324356,10.8,tp
COROMANDEL,2026-07-02 10:55:00+05:30,2006.5,2000.5071498325892,-0.2792030949636914,-5.99,sl
COROMANDEL,2026-07-06 11:00:00+05:30,2054.5,2046.4642857142858,-0.3346764941070106,-8.04,sl
COROMANDEL,2026-07-15 09:25:00+05:30,2092.0,2097.800048828125,0.0663493927760516,5.8,time
COROMANDEL,2026-07-21 09:30:00+05:30,2028.4000244140625,2035.5571594238281,0.11170779699136765,7.16,tp
COROMANDEL,2026-07-21 11:15:00+05:30,2045.5999755859373,2053.5499965122767,0.13318403464672293,7.95,tp
COROMANDEL,2026-07-23 11:15:00+05:30,2060.60009765625,2055.814435686384,-0.23934761942336724,-4.79,sl
COROMANDEL,2026-07-30 11:20:00+05:30,2058.60009765625,2053.6143711635045,-0.24531408499655089,-4.99,sl
COROMANDEL,2026-08-03 11:45:00+05:30,2099.5,2106.421465192522,0.09780324436834079,6.92,tp
COROMANDEL,2026-08-14 10:50:00+05:30,2097.89990234375,2099.300048828125,-0.059955768638605536,1.4,time
CONCOR,2026-06-01 10:45:00+05:30,466.0,468.35714285714283,0.2034947884733261,2.36,tp
CONCOR,2026-06-09 11:05:00+05:30,448.1499938964844,446.99642290387834,-0.25444440588868894,-1.15,sl
CONCOR,2026-06-22 09:20:00+05:30,476.5,475.3428519112723,-0.24570595031198675,-1.16,sl
CONCOR,2026-06-23 09:20:00+05:30,479.2000122070313,480.9571609497071,0.12001027102436267,1.76,tp
CONCOR,2026-06-23 09:45:00+05:30,484.2000122070313,482.31072780064176,-0.3341120642824446,-1.89,sl
CONCOR,2026-06-25 09:20:00+05:30,480.3999938964844,479.1178501674107,-0.26013452273481,-1.28,sl
CONCOR,2026-06-30 11:20:00+05:30,473.3999938964844,474.66964067731584,0.06091847873269192,1.27,tp
CONCOR,2026-07-01 10:45:00+05:30,479.8999938964844,481.5660640171596,0.10830216401727112,1.67,tp
CONCOR,2026-07-03 10:00:00+05:30,483.6499938964844,485.7767835344587,0.1638424064691908,2.13,tp
CONCOR,2026-07-08 11:25:00+05:30,465.9500122070313,465.232151576451,-0.1924383232244285,-0.72,sl
CONCOR,2026-07-09 11:45:00+05:30,458.5499877929688,457.61070687430254,-0.2229023151679176,-0.94,sl
CONCOR,2026-07-10 10:00:00+05:30,467.4500122070313,465.7535814557757,-0.3177470155466716,-1.7,sl
CONCOR,2026-07-10 11:50:00+05:30,469.8999938964844,468.37142072405135,-0.2951785306176992,-1.53,sl
CONCOR,2026-07-20 10:05:00+05:30,492.0,490.6571371895926,-0.26376375736675395,-1.34,sl
CONCOR,2026-07-22 11:25:00+05:30,484.7999877929688,483.68212890625006,-0.2383488756022154,-1.12,sl
CONCOR,2026-07-27 09:50:00+05:30,488.2999877929688,492.1999805995397,0.3792127262830584,3.9,tp
CONCOR,2026-07-28 11:20:00+05:30,523.5999755859375,521.8856855119977,-0.29644272198691896,-1.71,sl
CONCOR,2026-07-28 11:40:00+05:30,525.4000244140625,523.4571620396206,-0.321872358297886,-1.94,sl
CONCOR,2026-07-30 10:50:00+05:30,529.5,528.096418108259,-0.2590461067128675,-1.4,sl
CONCOR,2026-08-12 09:45:00+05:30,518.2999877929688,520.721413748605,0.1803117128303037,2.42,tp
CONCOR,2026-08-12 09:55:00+05:30,522.9500122070312,521.0392979213169,-0.3192233568539893,-1.91,sl
CONCOR,2026-08-13 09:20:00+05:30,524.4000244140625,522.1250261579241,-0.36029727119257776,-2.27,sl
CONCOR,2026-08-13 09:30:00+05:30,526.2000122070312,523.3642970493862,-0.42334265585642056,-2.84,sl
CONCOR,2026-08-20 11:25:00+05:30,517.7000122070312,518.9214303152902,0.04155898158686841,1.22,tp
CONCOR,2026-08-20 11:40:00+05:30,520.5,519.5892944335938,-0.20498046875000003,-0.91,sl
DIVISLAB,2026-06-04 11:15:00+05:30,6697.5,6684.5,-0.21646136618141099,-13.0,sl
DIVISLAB,2026-06-08 09:20:00+05:30,6649.0,6631.071428571428,-0.26178587542702564,-17.93,sl
DIVISLAB,2026-06-08 09:50:00+05:30,6707.0,6681.607142857143,-0.3271613878889836,-25.39,sl
DIVISLAB,2026-06-09 09:30:00+05:30,6616.0,6651.678571428572,0.22356624632924627,35.68,tp
DIVISLAB,2026-06-09 09:45:00+05:30,6773.0,6734.142857142857,-0.4442239142814981,-38.86,sl
DIVISLAB,2026-06-16 11:50:00+05:30,6658.5,6677.089285714285,0.06750876967141538,18.59,tp
DIVISLAB,2026-06-23 09:25:00+05:30,6865.0,6847.571428571428,-0.2523254604099481,-17.43,sl
DIVISLAB,2026-06-30 11:20:00+05:30,6596.5,6585.428571428572,-0.20070275362475654,-11.07,sl
DIVISLAB,2026-07-02 11:55:00+05:30,6633.0,6647.625,0.032293080054274094,14.62,tp
DIVISLAB,2026-07-06 09:25:00+05:30,6816.0,6797.321428571428,-0.26442404426559474,-18.68,sl
DIVISLAB,2026-07-07 09:30:00+05:30,6918.0,6945.214285714285,0.13603023169371486,27.21,tp
DIVISLAB,2026-07-09 09:25:00+05:30,6876.0,6914.839285714285,0.23891174270755078,38.84,tp
DIVISLAB,2026-07-14 09:50:00+05:30,6987.5,7020.446428571428,0.18290314336825853,32.95,tp
DIVISLAB,2026-07-15 09:20:00+05:30,7302.5,7279.428571428572,-0.2895632611140988,-23.07,sl
DIVISLAB,2026-07-20 10:55:00+05:30,7341.0,7361.035714285715,0.06375737054119064,20.04,tp
DIVISLAB,2026-07-22 10:35:00+05:30,7345.0,7373.446428571428,0.13237382086939503,28.45,tp
DIVISLAB,2026-07-22 11:10:00+05:30,7391.0,7371.392857142857,-0.25917041962232273,-19.61,sl
DIVISLAB,2026-07-27 09:20:00+05:30,7311.0,7337.892857142857,0.12070461340054889,26.89,tp
DIVISLAB,2026-07-27 10:20:00+05:30,7372.0,7349.071428571428,-0.28661344081854223,-22.93,sl
DIVISLAB,2026-07-28 09:30:00+05:30,7446.0,7474.767857142857,0.131811902843327,28.77,tp
DIVISLAB,2026-07-29 09:30:00+05:30,7554.5,7597.678571428572,0.24293656571769054,43.18,tp
DIVISLAB,2026-07-29 11:05:00+05:30,7637.0,7663.892857142857,0.11128341345703978,26.89,tp
DIVISLAB,2026-07-31 09:15:00+05:30,8060.5,8025.428571428572,-0.3610614371671368,-35.07,sl
DIVISLAB,2026-08-03 11:40:00+05:30,8478.5,8461.5,-0.22030429910951232,-17.0,sl
DIVISLAB,2026-08-06 09:50:00+05:30,8440.0,8426.535714285714,-0.1957176709546415,-13.46,sl
DIVISLAB,2026-08-11 09:35:00+05:30,8334.5,8317.857142857143,-0.2198117977768808,-16.64,sl
DIVISLAB,2026-08-11 10:20:00+05:30,8358.5,8387.535714285714,0.10842769122962562,29.04,tp
DIVISLAB,2026-08-11 10:30:00+05:30,8397.5,8428.035714285714,0.1181771785820573,30.54,tp
DIVISLAB,2026-08-11 11:50:00+05:30,8456.5,8478.464285714286,0.055839548614340914,21.96,tp
DIVISLAB,2026-08-14 09:30:00+05:30,8558.5,8536.32142857143,-0.25548452248808073,-22.18,sl
DIVISLAB,2026-08-18 09:25:00+05:30,8591.0,8621.107142857143,0.11026988376540413,30.11,tp
DMART,2026-06-03 10:20:00+05:30,4136.0,4167.157174246652,0.35198995522222687,31.16,tp
DMART,2026-06-09 09:25:00+05:30,4107.2001953125,4093.014491489955,-0.3072317366765051,-14.19,sl
DMART,2026-06-09 11:50:00+05:30,4128.0,4141.210588727678,0.0920143710418378,13.21,tp
DMART,2026-06-10 09:50:00+05:30,4198.0,4180.828543526785,-0.34542338932655564,-17.17,sl
DMART,2026-06-17 09:20:00+05:30,4240.0,4229.264229910715,-0.25192127484837723,-10.74,sl
DMART,2026-06-18 11:15:00+05:30,4314.39990234375,4322.3712158203125,0.010856392411359522,7.97,tp
DMART,2026-06-22 11:10:00+05:30,4339.5,4347.0,0.003698582786035255,7.5,time
DMART,2026-06-30 11:10:00+05:30,4377.0,4369.007219587053,-0.20956518729193363,-7.99,sl
DMART,2026-07-01 11:35:00+05:30,4290.0,4304.614170619419,0.1043939946771942,14.61,tp
DMART,2026-07-06 11:15:00+05:30,4050.0,4059.5678100585938,0.04174533420138887,9.57,tp
DMART,2026-07-07 09:40:00+05:30,4087.699951171875,4075.9285191127233,-0.2727832110932269,-11.77,sl
DMART,2026-07-09 11:25:00+05:30,4040.10009765625,4054.2001342773438,0.10940129620956897,14.1,tp
DMART,2026-07-16 09:35:00+05:30,3957.39990234375,3968.8963623046875,0.07430323310204937,11.5,tp
DMART,2026-07-17 10:10:00+05:30,3967.10009765625,3959.5572509765625,-0.21408101374821054,-7.54,sl
DMART,2026-07-20 11:15:00+05:30,3993.699951171875,3986.892822265625,-0.2022680069530899,-6.81,sl
DMART,2026-07-21 09:50:00+05:30,4002.39990234375,3993.621355329241,-0.23159924888117941,-8.78,sl
DMART,2026-07-23 09:15:00+05:30,4045.60009765625,4036.4072614397323,-0.23633828348743677,-9.19,sl
DMART,2026-07-23 09:25:00+05:30,4052.60009765625,4068.714346749442,0.13857645025244048,16.11,tp
DMART,2026-07-23 10:45:00+05:30,4084.300048828125,4102.482212611607,0.167103252446383,18.18,tp
DMART,2026-07-24 09:20:00+05:30,4060.60009765625,4046.4858049665177,-0.30855478033228156,-14.11,sl
DMART,2026-07-27 11:50:00+05:30,4058.0,4070.439296177455,0.08392256546261942,12.44,tp
DMART,2026-07-28 11:05:00+05:30,4074.60009765625,4087.6715262276784,0.09248164126261993,13.07,tp
DMART,2026-07-30 09:45:00+05:30,3872.89990234375,3886.4856480189733,0.11047400166993683,13.59,tp
DMART,2026-07-30 10:15:00+05:30,3967.0,3947.3428780691966,-0.3973096334379145,-19.66,sl
DMART,2026-08-03 10:35:00+05:30,3989.0,3978.692853655134,-0.25503353740084145,-10.31,sl
DMART,2026-08-10 09:45:00+05:30,3930.60009765625,3944.442897251674,0.11130818579602854,13.84,tp
DMART,2026-08-10 10:25:00+05:30,3953.0,3967.035661969866,0.11303812754666241,14.04,tp
DMART,2026-08-10 11:20:00+05:30,3985.0,3977.021414620536,-0.22012926543735342,-7.98,sl
DMART,2026-08-10 11:45:00+05:30,3997.199951171875,4009.2856968470983,0.081413176566462,12.09,tp
DMART,2026-08-13 11:40:00+05:30,4044.199951171875,4052.299961635045,0.020172254996779625,8.1,tp
DMART,2026-08-14 09:35:00+05:30,4079.0,4095.746407645089,0.14633107592678432,16.75,tp
DMART,2026-08-18 11:20:00+05:30,4015.0,4006.628592354911,-0.2251019822429273,-8.37,sl
DMART,2026-08-20 09:25:00+05:30,4059.199951171875,4045.364240373884,-0.30450893226873377,-13.84,sl
DRREDDY,2026-06-08 09:25:00+05:30,1292.800048828125,1288.2357526506696,-0.31183304478953666,-4.56,sl
DRREDDY,2026-06-11 11:40:00+05:30,1283.0999755859375,1280.9571097237724,-0.2002041572568743,-2.14,sl
DRREDDY,2026-06-15 11:55:00+05:30,1288.199951171875,1286.6285138811384,-0.1731922380205233,-1.57,sl
DRREDDY,2026-06-18 09:20:00+05:30,1278.800048828125,1276.2285940987724,-0.22065004525339332,-2.57,sl
DRREDDY,2026-06-22 10:50:00+05:30,1284.5,1282.5071498325892,-0.19308759053689897,-1.99,sl
DRREDDY,2026-06-22 11:50:00+05:30,1289.699951171875,1292.5606994628906,0.03308901601878313,2.86,tp
DRREDDY,2026-06-23 09:20:00+05:30,1310.5,1315.728550502232,0.13938422749631943,5.23,tp
DRREDDY,2026-06-23 09:30:00+05:30,1322.0,1328.5892726353236,0.19905927240500432,6.59,tp
DRREDDY,2026-06-24 09:20:00+05:30,1332.300048828125,1339.2428981236048,0.21267052650429719,6.94,tp
DRREDDY,2026-06-24 09:35:00+05:30,1340.9000244140625,1335.4571707589287,-0.3435462848550046,-5.44,sl
DRREDDY,2026-06-29 09:40:00+05:30,1412.0,1402.82856968471,-0.48972083492734053,-9.17,sl
DRREDDY,2026-06-30 11:20:00+05:30,1359.0999755859375,1356.199994768415,-0.22802505494588832,-2.9,sl
DRREDDY,2026-07-02 11:35:00+05:30,1349.0,1346.6285749162946,-0.20547479986829012,-2.37,sl
DRREDDY,2026-07-07 09:45:00+05:30,1378.4000244140625,1374.357186453683,-0.27597959469413447,-4.04,sl
DRREDDY,2026-08-04 11:05:00+05:30,1167.0999755859375,1165.3142613002233,-0.19180263849209886,-1.79,sl
DRREDDY,2026-08-11 11:15:00+05:30,1167.699951171875,1165.814252580915,-0.1968929692461224,-1.89,sl
DRREDDY,2026-08-11 11:25:00+05:30,1170.5999755859375,1174.199959891183,0.08451995798702377,3.6,tp
DRREDDY,2026-08-11 11:50:00+05:30,1183.300048828125,1189.1607578822545,0.19717107135761475,5.86,tp
DRREDDY,2026-08-13 11:00:00+05:30,1199.0999755859375,1203.9214172363281,0.14125302719823532,4.82,tp
DRREDDY,2026-08-20 11:55:00+05:30,1177.0,1179.6678597586495,0.035999647849589936,2.67,tp
EICHERMOT,2026-06-03 11:45:00+05:30,7133.0,7116.821428571428,-0.23608780116560965,-16.18,sl
EICHERMOT,2026-06-09 11:10:00+05:30,7140.0,7155.589285714285,0.031002400960380875,15.59,tp
EICHERMOT,2026-06-15 09:20:00+05:30,7423.5,7453.714285714285,0.1442051785353431,30.21,tp
EICHERMOT,2026-06-15 09:35:00+05:30,7484.0,7520.964285714285,0.19634649156295017,36.96,tp
EICHERMOT,2026-06-18 09:55:00+05:30,7596.0,7625.089285714285,0.12977318889640857,29.09,tp
EICHERMOT,2026-06-18 10:40:00+05:30,7654.5,7632.392857142857,-0.27328742196467265,-22.11,sl
EICHERMOT,2026-06-23 11:30:00+05:30,7668.5,7657.392857142857,-0.18690468428357396,-11.11,sl
EICHERMOT,2026-06-25 09:20:00+05:30,7676.5,7709.821428571428,0.1604423518902764,33.32,tp
EICHERMOT,2026-06-25 11:35:00+05:30,7710.5,7731.660714285715,0.06466414073573445,21.16,tp
EICHERMOT,2026-07-06 09:25:00+05:30,7356.5,7338.607142857143,-0.2459350817061664,-17.89,sl
EICHERMOT,2026-07-06 10:25:00+05:30,7413.5,7443.125,0.13976529304646923,29.62,tp
EICHERMOT,2026-07-06 11:00:00+05:30,7482.5,7465.714285714285,-0.2345997804400776,-16.79,sl
EICHERMOT,2026-07-07 09:35:00+05:30,7588.0,7563.857142857143,-0.29090292943745555,-24.14,sl
EICHERMOT,2026-07-14 11:40:00+05:30,7261.0,7279.75,0.05493733645503373,18.75,tp
EICHERMOT,2026-07-15 09:15:00+05:30,7350.0,7334.0,-0.2306122448979592,-16.0,sl
EICHERMOT,2026-07-15 09:35:00+05:30,7423.5,7400.464285714285,-0.28618479923794443,-23.04,sl
EICHERMOT,2026-07-20 11:10:00+05:30,7552.5,7540.285714285715,-0.19703504043126377,-12.21,sl
EICHERMOT,2026-07-21 09:30:00+05:30,7634.0,7617.107142857143,-0.23277068752572874,-16.89,sl
EICHERMOT,2026-07-23 10:15:00+05:30,7695.0,7724.892857142857,0.13308270676691525,29.89,tp
EICHERMOT,2026-07-23 11:00:00+05:30,7756.0,7785.946428571428,0.13166396522507817,29.95,tp
EICHERMOT,2026-07-27 10:45:00+05:30,7733.0,7712.678571428572,-0.2576730524098935,-20.32,sl
EICHERMOT,2026-07-27 11:25:00+05:30,7751.0,7777.892857142857,0.10817590357004425,26.89,tp
EICHERMOT,2026-07-27 11:35:00+05:30,7795.0,7825.267857142857,0.1329790158526508,30.27,tp
EICHERMOT,2026-08-03 09:30:00+05:30,7955.0,7986.982142857143,0.14122295052527806,31.98,tp
EICHERMOT,2026-08-03 10:45:00+05:30,8044.5,8016.035714285715,-0.31230121733571004,-28.46,sl
EICHERMOT,2026-08-05 09:35:00+05:30,7973.0,7953.642857142857,-0.24567020838186215,-19.36,sl
EICHERMOT,2026-08-06 09:35:00+05:30,8040.0,8025.357142857143,-0.20927505330490212,-14.64,sl
EICHERMOT,2026-08-07 09:15:00+05:30,7990.0,8013.303571428572,0.07499553012694535,23.3,tp
EICHERMOT,2026-08-07 09:35:00+05:30,8024.5,8056.214285714285,0.1371309293858956,31.71,tp
EICHERMOT,2026-08-11 09:20:00+05:30,8047.0,8067.892857142857,0.055781213939531886,20.89,tp
EICHERMOT,2026-08-11 09:35:00+05:30,8097.0,8078.142857142857,-0.23973429312443953,-18.86,sl
EICHERMOT,2026-08-12 11:50:00+05:30,7990.5,8004.053571428572,0.001772640725147801,13.55,tp
EICHERMOT,2026-08-14 09:50:00+05:30,8109.5,8101.0,-0.16288920401997656,-8.5,time
EICHERMOT,2026-08-18 11:20:00+05:30,8064.0,8078.785714285715,0.010012755102043715,14.79,tp
EICHERMOT,2026-08-20 11:10:00+05:30,8042.0,8057.535714285715,0.01590933314385484,15.54,tp
EICHERMOT,2026-08-20 11:30:00+05:30,8062.5,8079.160714285715,0.023986710963458044,16.66,tp
DEVYANI,2026-06-01 11:00:00+05:30,116.5500030517578,117.1007180895124,0.18350837752103885,0.55,tp
DEVYANI,2026-06-04 09:55:00+05:30,116.05999755859376,116.96642603193013,0.3685999443755346,0.91,tp
DEVYANI,2026-06-15 09:20:00+05:30,113.48999786376952,112.79999869210378,-0.46478941826784936,-0.69,sl
DEVYANI,2026-06-15 09:50:00+05:30,114.68000030517578,113.90142931256976,-0.5073444317409277,-0.78,sl
DEVYANI,2026-06-16 09:15:00+05:30,120.37999725341795,119.41356876918246,-0.5816889049437421,-0.97,sl
DEVYANI,2026-06-18 11:20:00+05:30,112.91000366210938,113.59250395638601,0.26267838392020415,0.68,tp
DEVYANI,2026-06-22 09:55:00+05:30,118.6500015258789,118.13642937796456,-0.3597077832159975,-0.51,sl
DEVYANI,2026-06-30 10:50:00+05:30,112.8000030517578,112.45357404436383,-0.28427074362844174,-0.35,sl
DEVYANI,2026-07-03 10:55:00+05:30,115.43000030517578,115.22642953055245,-0.20581518188605707,-0.2,sl
DEVYANI,2026-07-07 09:20:00+05:30,115.12999725341795,114.85499681745256,-0.24331648181667867,-0.28,sl
DEVYANI,2026-07-13 09:50:00+05:30,113.18000030517578,113.86785970415387,0.2646542130005462,0.69,tp
DEVYANI,2026-07-16 09:15:00+05:30,111.66999816894533,111.41142763410298,-0.23892927684183782,-0.26,sl
DEVYANI,2026-07-27 11:30:00+05:30,115.97000122070312,116.05999755859376,-0.05343812868327904,0.09,time
DEVYANI,2026-07-29 10:45:00+05:30,116.7699966430664,117.46535437447683,0.25729609560713174,0.7,tp
DEVYANI,2026-07-29 11:55:00+05:30,119.62999725341795,119.0949979509626,-0.3683269989492919,-0.53,sl
DEVYANI,2026-08-04 09:45:00+05:30,118.45999908447266,119.24106979370117,0.295612383217161,0.78,tp
DEVYANI,2026-08-04 10:05:00+05:30,119.6500015258789,119.05000196184432,-0.40087733709129153,-0.6,sl
DEVYANI,2026-08-04 10:45:00+05:30,120.75,120.05785751342775,-0.44392173245826155,-0.69,sl
DEVYANI,2026-08-05 09:45:00+05:30,121.6999969482422,122.54642486572267,0.3173021883511367,0.85,tp
DEVYANI,2026-08-05 11:55:00+05:30,122.47000122070312,123.03142956324986,0.17505266773125133,0.56,tp
DEVYANI,2026-08-07 11:00:00+05:30,126.13999938964844,126.7142835344587,0.17316512490361968,0.57,tp
DEVYANI,2026-08-07 11:20:00+05:30,128.0,128.6589287349156,0.20887284449168994,0.66,tp
DEVYANI,2026-08-11 09:20:00+05:30,136.1699981689453,135.55142865862166,-0.3725576200226707,-0.62,sl
DEVYANI,2026-08-11 09:30:00+05:30,137.8699951171875,139.16642107282365,0.4641949669473228,1.3,tp
DEVYANI,2026-08-11 10:05:00+05:30,140.16000366210938,142.31143406459265,0.820989018095275,2.15,tp
DEVYANI,2026-08-12 11:05:00+05:30,140.11000061035156,140.2899932861328,-0.022920844337808756,0.18,time
DEVYANI,2026-08-13 09:25:00+05:30,141.27999877929688,142.1874989100865,0.2854049286370521,0.91,tp
DEVYANI,2026-08-13 09:45:00+05:30,143.1699981689453,142.47071293422155,-0.3930580053085901,-0.7,sl
DEVYANI,2026-08-14 09:20:00+05:30,142.83999633789062,144.1278523036412,0.4409644352149601,1.29,tp
DEVYANI,2026-08-14 11:40:00+05:30,144.6199951171875,144.21928187779017,-0.26624806510578164,-0.4,sl
DEVYANI,2026-08-17 11:15:00+05:30,144.69000244140625,144.28071812220983,-0.2697218794486483,-0.41,sl
DEVYANI,2026-08-20 09:15:00+05:30,144.33999633789062,144.80821337018693,0.09463088991643435,0.47,tp
DEVYANI,2026-08-20 11:20:00+05:30,145.86000061035156,146.37857164655412,0.11331593337416575,0.52,tp
DEVYANI,2026-08-20 11:30:00+05:30,146.86000061035156,146.41000148228235,-0.28384820626406426,-0.45,sl
ESCORTS,2026-06-03 09:20:00+05:30,2780.0,2770.9500034877233,-0.2953236657325911,-9.05,sl
ESCORTS,2026-06-04 11:45:00+05:30,2785.10009765625,2779.6072300502233,-0.2183340076857376,-5.49,sl
ESCORTS,2026-06-05 09:20:00+05:30,2790.0,2782.828595842634,-0.25422374531969766,-7.17,sl
ESCORTS,2026-06-05 09:40:00+05:30,2797.5,2788.885724748884,-0.2847565737504759,-8.61,sl
ESCORTS,2026-06-08 10:55:00+05:30,2797.0,2805.4107404436386,0.08042346321713092,8.41,tp
ESCORTS,2026-06-11 09:45:00+05:30,2760.10009765625,2747.871564592634,-0.36582803443976214,-12.23,sl
ESCORTS,2026-06-15 10:40:00+05:30,2821.5,2816.36434500558,-0.20921116415565846,-5.14,sl
ESCORTS,2026-06-15 11:35:00+05:30,2828.10009765625,2821.428693498884,-0.24153821845757395,-6.67,sl
ESCORTS,2026-06-22 10:50:00+05:30,2896.699951171875,2910.467782156808,0.1851761911901809,13.77,tp
ESCORTS,2026-06-22 11:25:00+05:30,2925.0,2915.2999965122767,-0.29897443051740064,-9.7,sl
ESCORTS,2026-06-23 10:50:00+05:30,2974.0,2966.778581891741,-0.24569101765149412,-7.22,sl
ESCORTS,2026-06-25 09:30:00+05:30,3013.39990234375,3002.3856375558034,-0.31930573727131123,-11.01,sl
ESCORTS,2026-06-29 10:05:00+05:30,2979.60009765625,2964.492937360491,-0.40421183650065656,-15.11,sl
ESCORTS,2026-07-03 11:15:00+05:30,2963.10009765625,2973.2679181780136,0.10588883642114123,10.17,tp
ESCORTS,2026-07-06 11:00:00+05:30,2991.0,3006.6106567382812,0.21315259254325475,15.61,tp
ESCORTS,2026-07-10 11:15:00+05:30,2942.699951171875,2935.699951171875,-0.24272607026507845,-7.0,sl
ESCORTS,2026-07-13 09:20:00+05:30,2974.699951171875,2966.9500034877233,-0.2563172315466368,-7.75,sl
ESCORTS,2026-07-13 09:50:00+05:30,2989.800048828125,2979.4858049665177,-0.3069886352229491,-10.31,sl
ESCORTS,2026-07-15 09:15:00+05:30,2939.10009765625,2933.8572126116073,-0.20703041482983592,-5.24,sl
ESCORTS,2026-07-16 11:05:00+05:30,2958.699951171875,2952.8284912109375,-0.21906837579684846,-5.87,sl
ESCORTS,2026-07-20 09:20:00+05:30,3010.0,3000.721418108259,-0.28495512076560015,-9.28,sl
ESCORTS,2026-07-20 10:15:00+05:30,3027.5,3012.850027901786,-0.3903380102040803,-14.65,sl
ESCORTS,2026-07-22 11:25:00+05:30,2963.10009765625,2958.6143798828125,-0.19083158095777342,-4.49,sl
ESCORTS,2026-07-28 09:25:00+05:30,2969.89990234375,2978.3963361467636,0.07165091246964533,8.5,tp
ESCORTS,2026-07-28 09:35:00+05:30,2990.0,2982.9785679408483,-0.2408983021903355,-7.02,sl
ESCORTS,2026-07-28 10:25:00+05:30,3003.0,3017.0035400390625,0.17979100977147852,14.0,tp
ESCORTS,2026-07-29 09:25:00+05:30,3032.699951171875,3024.285661969866,-0.26647125012332984,-8.41,sl
ESCORTS,2026-07-31 10:00:00+05:30,3031.300048828125,3049.5679059709823,0.26158460426745683,18.27,tp
ESCORTS,2026-07-31 10:35:00+05:30,3059.10009765625,3074.4215262276784,0.2005085433425416,15.32,tp
ESCORTS,2026-08-03 09:55:00+05:30,3131.39990234375,3119.7713623046875,-0.32281165743843043,-11.63,sl
ESCORTS,2026-08-06 11:55:00+05:30,3084.39990234375,3090.4641462053573,0.017966101418936366,6.06,tp
ESCORTS,2026-08-07 11:30:00+05:30,3080.0,3074.2357177734375,-0.212291212205763,-5.76,sl
ESCORTS,2026-08-10 10:15:00+05:30,3093.60009765625,3108.396510532924,0.18697463944128767,14.8,tp
ESCORTS,2026-08-10 11:35:00+05:30,3127.0,3122.5785784040177,-0.18483699896352423,-4.42,sl
ESCORTS,2026-08-11 09:50:00+05:30,3125.800048828125,3127.5,-0.06736929147123819,1.7,time
ESCORTS,2026-08-14 09:30:00+05:30,3111.60009765625,3105.357247488839,-0.22037890419362846,-6.24,sl
ESCORTS,2026-08-20 09:15:00+05:30,3075.60009765625,3068.87149483817,-0.23126419439005097,-6.73,sl
ESCORTS,2026-08-20 11:05:00+05:30,3082.10009765625,3076.164306640625,-0.21555350236948126,-5.94,sl
DLF,2026-06-01 11:05:00+05:30,597.3499755859375,600.3874860491071,0.2050985774485182,3.04,tp
DLF,2026-06-05 11:00:00+05:30,585.0499877929688,582.5821315220425,-0.35309183718498827,-2.47,sl
DLF,2026-06-09 09:20:00+05:30,569.6500244140625,567.3286045619419,-0.34451011174888074,-2.32,sl
DLF,2026-06-15 09:30:00+05:30,604.6500244140625,601.2535967145648,-0.43703076778561795,-3.4,sl
DLF,2026-06-15 11:50:00+05:30,612.7999877929688,615.4410749162946,0.15859208641676453,2.64,tp
DLF,2026-06-16 09:55:00+05:30,622.4500122070312,621.25,-0.21567311592874874,-1.2,time
DLF,2026-06-18 09:25:00+05:30,631.1500244140625,629.4607282366071,-0.26059219951931456,-1.69,sl
DLF,2026-06-23 10:30:00+05:30,635.2999877929688,633.7571236746652,-0.24571359810631788,-1.54,sl
DLF,2026-06-25 11:55:00+05:30,628.7999877929688,627.2214224679129,-0.25062646523863097,-1.58,sl
DLF,2026-07-01 11:35:00+05:30,631.75,634.2946297781808,0.14167437545049336,2.54,tp
DLF,2026-07-03 11:45:00+05:30,670.9500122070312,672.1500244140625,0.007311619512510186,1.2,time
DLF,2026-07-06 10:55:00+05:30,682.0,679.6999991280692,-0.3023461177651747,-2.3,sl
DLF,2026-07-08 10:50:00+05:30,664.5,662.3428475516183,-0.29477674477486954,-2.16,sl
DLF,2026-07-09 11:25:00+05:30,647.5,650.6285727364676,0.18990635395838926,3.13,tp
DLF,2026-07-10 10:05:00+05:30,683.5999755859375,691.3464093889509,0.5799093691927317,7.75,tp
DLF,2026-07-15 09:15:00+05:30,676.5499877929688,678.682126726423,0.08908925920548952,2.13,tp
DLF,2026-07-17 10:10:00+05:30,656.7999877929688,660.346433367048,0.22397493666188734,3.55,tp
DLF,2026-07-17 10:20:00+05:30,664.9500122070312,669.476804460798,0.3084630878109388,4.53,tp
DLF,2026-07-17 10:30:00+05:30,672.0,668.5142822265625,-0.4112248011997768,-3.49,sl
DLF,2026-07-20 11:40:00+05:30,661.1500244140625,659.5857238769531,-0.24196177684443593,-1.56,sl
DLF,2026-07-21 09:55:00+05:30,672.5999755859375,670.3821193150112,-0.297846240091894,-2.22,sl
DLF,2026-07-24 11:45:00+05:30,638.4500122070312,640.7750135149274,0.1184980433965979,2.33,tp
DLF,2026-07-28 09:35:00+05:30,658.8499755859375,661.4642704554966,0.13807801166577766,2.61,tp
DLF,2026-07-29 11:15:00+05:30,670.7999877929688,669.3285609654018,-0.23161241988761458,-1.47,sl
DLF,2026-08-05 09:20:00+05:30,659.25,663.0214298793247,0.24324731552443488,3.77,tp
DLF,2026-08-10 10:15:00+05:30,651.7999877929688,655.7857033865793,0.2668961952981647,3.99,tp
DLF,2026-08-13 10:45:00+05:30,663.7999877929688,662.1714215959821,-0.24720393735480783,-1.63,sl
DLF,2026-08-17 11:40:00+05:30,663.5,664.9303610665457,0.029346893734355027,1.43,tp
DLF,2026-08-18 11:15:00+05:30,671.0,669.5464215959821,-0.22997720453215106,-1.45,sl
DLF,2026-08-19 11:55:00+05:30,673.5999755859375,672.0499572753906,-0.23806576900765858,-1.55,sl
DLF,2026-08-20 09:15:00+05:30,675.7000122070312,673.9178597586496,-0.2582494375775418,-1.78,sl
DIXON,2026-06-04 09:20:00+05:30,11390.0,11346.07142857143,-0.33140599523391034,-43.93,sl
DIXON,2026-06-04 11:45:00+05:30,11442.0,11498.892857142857,0.19833695407895585,56.89,tp
DIXON,2026-06-05 09:35:00+05:30,11624.0,11584.642857142857,-0.30315111591780686,-39.36,sl
DIXON,2026-06-08 09:55:00+05:30,11556.0,11489.857142857143,-0.4434208574395477,-66.14,sl
DIXON,2026-06-09 09:20:00+05:30,11561.0,11511.857142857143,-0.3550446698876752,-49.14,sl
DIXON,2026-06-09 11:45:00+05:30,11620.0,11593.07142857143,-0.2390459798377142,-26.93,sl
DIXON,2026-06-10 11:15:00+05:30,11786.0,11752.214285714286,-0.27199583040410874,-33.79,sl
DIXON,2026-06-10 11:25:00+05:30,11850.0,11805.42857142857,-0.32567811934900937,-44.57,sl
DIXON,2026-06-15 09:20:00+05:30,11795.0,11757.07142857143,-0.29293889662689604,-37.93,sl
DIXON,2026-06-15 09:30:00+05:30,11870.0,11940.285714285714,0.2552774100373063,70.29,tp
DIXON,2026-06-16 09:30:00+05:30,12205.0,12150.357142857143,-0.36862527067361023,-54.64,sl
DIXON,2026-06-17 09:20:00+05:30,12590.0,12725.964285714286,0.547963236128449,135.96,tp
DIXON,2026-06-25 10:20:00+05:30,12213.0,12251.0,0.08668631785802014,38.0,time
DIXON,2026-06-30 11:50:00+05:30,11995.0,12039.67857142857,0.12348597629964474,44.68,tp
DIXON,2026-07-01 11:40:00+05:30,11986.0,11955.857142857143,-0.25089032442611486,-30.14,sl
DIXON,2026-07-02 09:35:00+05:30,12114.0,12078.214285714286,-0.27724474633835444,-35.79,sl
DIXON,2026-07-02 10:40:00+05:30,12170.0,12226.357142857143,0.17784951285362258,56.36,tp
DIXON,2026-07-02 11:45:00+05:30,12270.0,12237.714285714286,-0.25787635347537297,-32.29,sl
DIXON,2026-07-02 11:55:00+05:30,12367.0,12327.42857142857,-0.29198558375400346,-39.57,sl
DIXON,2026-07-06 09:45:00+05:30,12584.0,12655.142857142857,0.23920624829715612,71.14,tp
DIXON,2026-07-06 09:55:00+05:30,12690.0,12637.42857142857,-0.3485646740965927,-52.57,sl
DIXON,2026-07-06 10:35:00+05:30,12828.0,12913.285714285714,0.29890418281437686,85.29,tp
DIXON,2026-07-06 11:05:00+05:30,13026.0,12965.07142857143,-0.38064749621635485,-60.93,sl
DIXON,2026-07-07 09:25:00+05:30,13423.0,13377.642857142857,-0.30274369153159403,-45.36,sl
DIXON,2026-07-08 09:40:00+05:30,13293.0,13247.357142857143,-0.3060160557113829,-45.64,sl
DIXON,2026-07-09 09:30:00+05:30,13423.0,13548.25,0.45985994189078444,125.25,tp
DIXON,2026-07-10 09:20:00+05:30,13962.0,13893.142857142857,-0.39590521210633045,-68.86,sl
DIXON,2026-07-15 09:15:00+05:30,13538.0,13585.892857142857,0.11225967119008812,47.89,tp
DIXON,2026-07-15 11:50:00+05:30,13635.0,13613.357142857143,-0.1952380952380941,-21.64,sl
DIXON,2026-07-16 09:15:00+05:30,14634.0,14529.214285714286,-0.5296257248286746,-104.79,sl
DIXON,2026-07-29 11:45:00+05:30,14152.0,14204.5,0.12258338044092709,52.5,tp
DIXON,2026-07-30 09:30:00+05:30,14398.0,14465.392857142857,0.18084257734209006,67.39,tp
DIXON,2026-07-31 11:20:00+05:30,14433.0,14478.0,0.08707129494907503,45.0,tp
DIXON,2026-07-31 11:45:00+05:30,14582.0,14544.42857142857,-0.25459372612026887,-37.57,sl
DIXON,2026-08-04 09:45:00+05:30,14026.0,13973.0,-0.32672180236703263,-53.0,sl
DIXON,2026-08-05 09:30:00+05:30,14114.0,14177.0,0.167819186623211,63.0,tp
DIXON,2026-08-07 09:20:00+05:30,14275.0,14246.42857142857,-0.22009006755066626,-28.57,sl
DIXON,2026-08-10 11:35:00+05:30,14130.0,14170.607142857143,0.0724294813466799,40.61,tp
DIXON,2026-08-13 11:10:00+05:30,13770.0,13744.857142857143,-0.20955493308434373,-25.14,sl
DIXON,2026-08-13 11:40:00+05:30,13848.0,13809.5,-0.2668110918544194,-38.5,sl
DIXON,2026-08-19 11:20:00+05:30,14224.0,14206.07142857143,-0.17562670737586045,-17.93,sl
DIXON,2026-08-20 09:35:00+05:30,14687.0,14772.392857142857,0.24885078154636164,85.39,tp
GAIL,2026-06-05 11:35:00+05:30,169.5500030517578,169.11214665004186,-0.25494770645882625,-0.44,sl
GAIL,2026-06-15 10:00:00+05:30,175.89999389648438,176.3000030517578,0.03644428737462244,0.4,time
GAIL,2026-06-15 11:40:00+05:30,177.05999755859375,176.74642399379186,-0.2062601047528363,-0.31,sl
GAIL,2026-06-22 10:55:00+05:30,176.94000244140625,177.36964307512557,0.04569027731134742,0.43,tp
GAIL,2026-06-22 11:25:00+05:30,178.02000427246094,177.68929181780135,-0.2114635816388698,-0.33,sl
GAIL,2026-06-29 11:45:00+05:30,173.57000732421875,173.06572069440568,-0.27432273153198217,-0.5,sl
GAIL,2026-07-01 11:25:00+05:30,174.1199951171875,174.6310702732631,0.07611136127070467,0.51,tp
GAIL,2026-07-02 11:00:00+05:30,174.32000732421875,173.99214935302734,-0.21284693348421724,-0.33,sl
GAIL,2026-07-06 11:30:00+05:30,175.3699951171875,175.1171384538923,-0.18651080698026085,-0.25,sl
GAIL,2026-07-08 10:55:00+05:30,174.17999267578125,174.4600067138672,-0.003543213964709777,0.28,time
GAIL,2026-07-15 10:45:00+05:30,174.19000244140625,173.81000082833427,-0.23089210898879464,-0.38,sl
GAIL,2026-07-16 09:25:00+05:30,174.25,174.76964514596122,0.07893089674417926,0.52,tp
GAIL,2026-07-16 09:45:00+05:30,175.52999877929688,175.0892824445452,-0.25064650070640265,-0.44,sl
GAIL,2026-07-20 11:30:00+05:30,172.82000732421875,173.28072030203683,0.059951264307178155,0.46,tp
GAIL,2026-07-21 09:20:00+05:30,174.85000610351562,175.5078615461077,0.1257439243791434,0.66,tp
GAIL,2026-07-21 09:50:00+05:30,175.9499969482422,175.35499790736608,-0.3028982271768257,-0.59,sl
GAIL,2026-07-24 11:40:00+05:30,170.83999633789062,170.41356767926897,-0.24976422422004546,-0.43,sl
GAIL,2026-07-28 10:50:00+05:30,175.11000061035156,175.757139478411,0.12173680514093528,0.65,tp
GAIL,2026-07-28 11:05:00+05:30,176.2899932861328,175.749995640346,-0.28378728221188376,-0.54,sl
GAIL,2026-07-31 10:45:00+05:30,176.25,176.82856913975306,0.09695970714997683,0.58,tp
GAIL,2026-07-31 11:35:00+05:30,177.11000061035156,176.68500409807478,-0.24397713651815248,-0.42,sl
GAIL,2026-08-04 09:50:00+05:30,176.22000122070312,175.56571524483817,-0.32277356872067126,-0.65,sl
GAIL,2026-08-06 09:25:00+05:30,177.0399932861328,176.8699951171875,-0.1576134801374153,-0.17,time
GAIL,2026-08-18 11:50:00+05:30,173.07000732421875,173.4246482849121,0.022947112388686755,0.35,tp
GAIL,2026-08-20 11:05:00+05:30,173.10000610351562,172.81500462123327,-0.19878733872900736,-0.29,sl
GAIL,2026-08-20 11:35:00+05:30,173.33999633789062,173.07499476841517,-0.19172778645693264,-0.27,sl
GMRAIRPORT,2026-06-04 09:20:00+05:30,99.93000030517578,99.47428621564592,-0.37361998687370745,-0.46,sl
GMRAIRPORT,2026-06-04 10:45:00+05:30,100.1999969482422,100.8021400996617,0.26056477231064057,0.6,tp
GMRAIRPORT,2026-06-04 10:55:00+05:30,101.26000213623048,100.80571583339147,-0.3691801066098141,-0.45,sl
GMRAIRPORT,2026-06-04 11:50:00+05:30,103.08999633789062,103.98999568394251,0.42381378098143824,0.9,tp
GMRAIRPORT,2026-06-16 09:20:00+05:30,108.83999633789062,109.50535501752582,0.2667909051942285,0.67,tp
GMRAIRPORT,2026-06-16 09:30:00+05:30,110.2300033569336,109.69214466639927,-0.392765312975284,-0.54,sl
GMRAIRPORT,2026-06-17 11:25:00+05:30,108.4499969482422,108.68999835423061,0.03278086458754774,0.24,tp
GMRAIRPORT,2026-06-22 11:55:00+05:30,107.9800033569336,108.16321672712053,0.0018040550978568092,0.18,tp
GMRAIRPORT,2026-06-23 09:20:00+05:30,108.9000015258789,108.6764313834054,-0.22317914013272616,-0.22,sl
GMRAIRPORT,2026-06-23 11:05:00+05:30,109.44000244140624,109.72393362862721,0.05566402460909353,0.28,tp
GMRAIRPORT,2026-06-29 09:25:00+05:30,110.8000030517578,111.45678765433175,0.2556595222838472,0.66,tp
GMRAIRPORT,2026-07-13 09:20:00+05:30,113.37000274658205,113.09357397896905,-0.2462973066504572,-0.28,sl
GMRAIRPORT,2026-07-13 10:00:00+05:30,114.13999938964844,113.72714178902761,-0.3170269508473123,-0.41,sl
GMRAIRPORT,2026-07-15 09:15:00+05:30,114.37000274658205,114.05285862513952,-0.2663779560162696,-0.32,sl
GMRAIRPORT,2026-07-20 09:55:00+05:30,111.47000122070312,111.12571443830218,-0.28531628884758575,-0.34,sl
GMRAIRPORT,2026-07-20 10:05:00+05:30,111.68000030517578,111.26714215959822,-0.3218077423617763,-0.41,sl
GMRAIRPORT,2026-07-31 11:45:00+05:30,104.88999938964844,104.71071243286133,-0.2025571309926825,-0.18,sl
GMRAIRPORT,2026-08-04 09:35:00+05:30,106.5500030517578,106.27500425066265,-0.2548561951489955,-0.27,sl
GMRAIRPORT,2026-08-05 10:10:00+05:30,107.58000183105467,107.19143077305382,-0.3167155891730142,-0.39,sl
GMRAIRPORT,2026-08-07 10:35:00+05:30,106.8000030517578,107.11821828569683,0.07877259822819324,0.32,tp
GMRAIRPORT,2026-08-14 11:30:00+05:30,102.4800033569336,102.80250276838031,0.08881697943946877,0.32,tp
GMRAIRPORT,2026-08-14 11:40:00+05:30,103.1500015258789,102.88357271466936,-0.2549755543974707,-0.27,sl
GMRAIRPORT,2026-08-18 11:40:00+05:30,102.0500030517578,101.84143120901923,-0.22262920323448537,-0.21,sl
GODREJCP,2026-06-04 11:25:00+05:30,995.5999755859376,999.0928562709264,0.11049904202336701,3.49,tp
GODREJCP,2026-06-09 11:05:00+05:30,1005.7000122070312,1004.442879813058,-0.17500044021364625,-1.26,sl
GODREJCP,2026-06-09 11:25:00+05:30,1007.2999877929688,1005.7142682756697,-0.1944536604695129,-1.59,sl
GODREJCP,2026-06-10 09:30:00+05:30,1032.5,1037.5999908447266,0.196367506715345,5.1,tp
GODREJCP,2026-06-12 11:20:00+05:30,1023.9000244140624,1021.7285897391182,-0.22724492371333657,-2.17,sl
GODREJCP,2026-06-30 11:15:00+05:30,1018.0,1016.4071393694196,-0.19388176604599547,-1.59,sl
GODREJCP,2026-07-02 11:15:00+05:30,1054.800048828125,1058.346474783761,0.10173070486161709,3.55,tp
GODREJCP,2026-07-06 09:15:00+05:30,1102.300048828125,1097.050040108817,-0.3857665873219918,-5.25,sl
GODREJCP,2026-07-07 11:50:00+05:30,1099.199951171875,1102.2535618373327,0.06668181228731769,3.05,tp
GODREJCP,2026-07-16 10:50:00+05:30,1065.5,1063.699951171875,-0.201363613033787,-1.8,time
GODREJCP,2026-07-22 11:15:00+05:30,1058.5999755859375,1062.3392900739398,0.11193923526774384,3.74,tp
GODREJCP,2026-07-28 09:40:00+05:30,1089.5,1085.7928641183037,-0.3041561752196235,-3.71,sl
GODREJCP,2026-08-13 10:55:00+05:30,920.0999755859376,923.7428261893137,0.13755139876335468,3.64,tp
GODREJCP,2026-08-20 10:10:00+05:30,942.0,941.0,-0.16369426751592356,-1.0,time
GODREJCP,2026-08-20 11:35:00+05:30,942.7999877929688,944.835721697126,0.029554556460450392,2.04,tp
EXIDEIND,2026-06-01 11:05:00+05:30,392.25,390.8142852783203,-0.3196121945207935,-1.44,sl
EXIDEIND,2026-06-02 11:15:00+05:30,392.0,390.2750026157924,-0.36403021186850976,-1.72,sl
EXIDEIND,2026-06-09 11:00:00+05:30,392.9500122070313,392.010726928711,-0.2434205750056732,-0.94,sl
EXIDEIND,2026-06-18 10:10:00+05:30,392.1000061035156,391.2000056675502,-0.23772003396416277,-0.9,sl
EXIDEIND,2026-06-23 09:50:00+05:30,383.7999877929688,385.08034624372215,0.10016026443085721,1.28,tp
EXIDEIND,2026-06-23 10:15:00+05:30,387.7000122070313,389.4678693498885,0.17359150175829252,1.77,tp
EXIDEIND,2026-06-24 09:35:00+05:30,384.1499938964844,382.778564453125,-0.3142021812025221,-1.37,sl
EXIDEIND,2026-06-24 10:10:00+05:30,385.75,384.11785670689176,-0.3538654506454817,-1.63,sl
EXIDEIND,2026-06-24 10:50:00+05:30,389.2000122070313,387.4607260567802,-0.3681324916288957,-1.74,sl
EXIDEIND,2026-06-24 11:20:00+05:30,390.1000061035156,388.5714351109096,-0.33510448121353037,-1.53,sl
EXIDEIND,2026-06-24 11:50:00+05:30,391.2999877929688,393.7106988089426,0.2696464744970952,2.41,tp
EXIDEIND,2026-06-25 10:40:00+05:30,407.7000122070313,409.93930380685,0.22954989444761925,2.24,tp
EXIDEIND,2026-06-30 09:20:00+05:30,389.5499877929688,391.16248648507263,0.1483633026774694,1.61,tp
EXIDEIND,2026-06-30 09:30:00+05:30,394.1499938964844,392.74999346051897,-0.313116903358333,-1.4,sl
EXIDEIND,2026-07-02 09:20:00+05:30,407.1499938964844,410.13928549630305,0.3405194613234377,2.99,tp
EXIDEIND,2026-07-06 09:40:00+05:30,422.8999938964844,420.7571367536272,-0.4040232452755749,-2.14,sl
EXIDEIND,2026-07-08 10:25:00+05:30,418.2999877929688,416.5785566057478,-0.3469181789323423,-1.72,sl
EXIDEIND,2026-07-08 10:35:00+05:30,423.0,421.02142333984375,-0.3806491716533688,-1.98,sl
EXIDEIND,2026-07-09 11:55:00+05:30,422.2999877929688,423.71963065011164,0.10170157208322836,1.42,tp
EXIDEIND,2026-07-15 09:15:00+05:30,424.5499877929688,423.1142752511161,-0.3029036744506258,-1.44,sl
EXIDEIND,2026-07-16 09:15:00+05:30,421.2000122070313,420.3821520124164,-0.21650429785072117,-0.82,sl
EXIDEIND,2026-07-17 09:20:00+05:30,426.75,428.7267870221819,0.17793139151942283,1.98,tp
EXIDEIND,2026-07-17 09:30:00+05:30,430.0499877929688,432.63748713902066,0.2610044533656645,2.59,tp
EXIDEIND,2026-07-17 09:45:00+05:30,434.3500061035156,432.25000435965404,-0.39008887501124206,-2.1,sl
EXIDEIND,2026-07-17 10:10:00+05:30,435.0,438.8625052315848,0.4327593422875593,3.86,tp
EXIDEIND,2026-07-21 09:40:00+05:30,447.2999877929688,445.6071297781809,-0.32707686934766433,-1.69,sl
EXIDEIND,2026-07-22 11:20:00+05:30,442.25,440.932137625558,-0.2787942169960845,-1.32,sl
EXIDEIND,2026-07-24 09:25:00+05:30,445.1000061035156,443.346435546875,-0.33638335644948997,-1.75,sl
EXIDEIND,2026-07-28 11:40:00+05:30,436.5,434.81428963797435,-0.3317127645396076,-1.69,sl
EXIDEIND,2026-07-28 11:55:00+05:30,438.7000122070313,437.8500061035156,-0.21625339592393905,-0.85,time
EXIDEIND,2026-07-30 09:45:00+05:30,443.4500122070313,447.1142959594727,0.3957876177571077,3.66,tp
EXIDEIND,2026-08-03 11:40:00+05:30,455.5,457.0374973842076,0.10252435357289975,1.54,tp
EXIDEIND,2026-08-04 11:50:00+05:30,451.0499877929688,449.51784624372215,-0.3038099887877497,-1.53,sl
EXIDEIND,2026-08-05 09:25:00+05:30,469.8999938964844,473.5910633632115,0.37130064030691323,3.69,tp
EXIDEIND,2026-08-05 09:50:00+05:30,477.6000061035156,474.1821507045201,-0.5293788134820171,-3.42,sl
EXIDEIND,2026-08-06 09:30:00+05:30,471.1499938964844,474.0535692487444,0.26976445588976833,2.9,tp
EXIDEIND,2026-08-06 09:50:00+05:30,476.6499938964844,477.75,0.038467150017987846,1.1,time
EXIDEIND,2026-08-07 09:45:00+05:30,483.75,481.23571123395647,-0.4118497694317562,-2.51,sl
EXIDEIND,2026-08-07 10:35:00+05:30,486.6000061035156,488.0,0.07262563241972719,1.4,time
EXIDEIND,2026-08-11 09:55:00+05:30,491.8999938964844,489.1607077462333,-0.43412720279409456,-2.74,sl
GODREJPROP,2026-06-05 10:50:00+05:30,1727.5999755859375,1719.6857125418526,-0.37486443005073655,-7.91,sl
GODREJPROP,2026-06-12 09:20:00+05:30,1671.300048828125,1663.2786167689733,-0.3879709863507569,-8.02,sl
GODREJPROP,2026-06-15 09:20:00+05:30,1760.5,1750.5071498325892,-0.44056859417474964,-9.99,sl
GODREJPROP,2026-06-15 09:30:00+05:30,1762.800048828125,1751.8643450055804,-0.47221591285345554,-10.94,sl
GODREJPROP,2026-06-15 10:05:00+05:30,1784.9000244140625,1788.699951171875,0.027735784833996597,3.8,time
GODREJPROP,2026-06-17 11:30:00+05:30,1787.0999755859375,1781.7642473493304,-0.2791414574282342,-5.34,sl
GODREJPROP,2026-06-23 09:45:00+05:30,1811.199951171875,1818.5392368861608,0.14313005451012115,7.34,tp
GODREJPROP,2026-06-24 11:45:00+05:30,1811.199951171875,1806.6356549944196,-0.2512023951138763,-4.56,sl
GODREJPROP,2026-06-25 09:20:00+05:30,1852.0,1845.3785749162946,-0.3145170113511465,-6.62,sl
GODREJPROP,2026-06-25 11:40:00+05:30,1858.5999755859373,1866.2071184430802,0.14557655085768573,7.61,tp
GODREJPROP,2026-06-25 11:55:00+05:30,1878.5,1872.7142857142858,-0.28479790106087477,-5.79,sl
GODREJPROP,2026-06-30 10:40:00+05:30,1875.199951171875,1880.0,0.053585184079978976,4.8,time
GODREJPROP,2026-07-01 10:15:00+05:30,1901.699951171875,1893.3642316545759,-0.36299794072653135,-8.34,sl
GODREJPROP,2026-07-03 09:45:00+05:30,1998.0,1991.57856968471,-0.2928357452039063,-6.42,sl
GODREJPROP,2026-07-03 10:45:00+05:30,2001.0,1995.9000069754463,-0.252923329072074,-5.1,sl
GODREJPROP,2026-07-06 09:40:00+05:30,2036.699951171875,2048.785657610212,0.25603790626252976,12.09,tp
GODREJPROP,2026-07-07 11:45:00+05:30,2032.300048828125,2027.9143502371653,-0.22947985491085124,-4.39,sl
GODREJPROP,2026-07-10 09:20:00+05:30,2048.5,2060.3821454729355,0.24802476366908846,11.88,tp
GODREJPROP,2026-07-10 09:50:00+05:30,2077.5,2092.360682896205,0.32918939772433675,14.86,tp
GODREJPROP,2026-07-13 09:50:00+05:30,2157.89990234375,2147.6070731026784,-0.38619017675172757,-10.29,sl
GODREJPROP,2026-07-15 09:25:00+05:30,2118.699951171875,2130.903564453125,0.24559721232353038,12.2,tp
GODREJPROP,2026-07-16 11:05:00+05:30,2114.300048828125,2108.4214913504466,-0.26682279738687137,-5.88,sl
GODREJPROP,2026-07-17 10:25:00+05:30,2120.0,2131.046360560826,0.2126328460611157,11.05,tp
GODREJPROP,2026-07-24 11:50:00+05:30,2032.699951171875,2027.1927839006696,-0.26255721169365237,-5.51,sl
GODREJPROP,2026-07-28 09:20:00+05:30,2103.10009765625,2113.2786690848216,0.19038764554996196,10.18,tp
GODREJPROP,2026-07-28 09:35:00+05:30,2120.199951171875,2133.8713902064733,0.28689102960431107,13.67,tp
GODREJPROP,2026-07-29 11:20:00+05:30,2162.10009765625,2156.707205636161,-0.24965704943823458,-5.39,sl
GODREJPROP,2026-08-05 09:20:00+05:30,2119.0,2107.221444266183,-0.4335126682534317,-11.78,sl
GODREJPROP,2026-08-10 11:00:00+05:30,2114.800048828125,2107.6500418526784,-0.3028562552589857,-7.15,sl
GODREJPROP,2026-08-13 10:45:00+05:30,2019.0999755859373,2027.9178379603793,0.16203345493726062,8.82,tp
GODREJPROP,2026-08-19 11:55:00+05:30,2003.0,1998.6071166992188,-0.23158911535041188,-4.39,sl
GODREJPROP,2026-08-20 09:15:00+05:30,2012.0999755859373,2006.678536551339,-0.2616650991614724,-5.42,sl
GODREJPROP,2026-08-20 11:45:00+05:30,2021.800048828125,2027.0821707589287,0.05675502433186575,5.28,tp
FEDERALBNK,2026-06-05 11:15:00+05:30,300.45001220703125,299.4285866873605,-0.30397912694380086,-1.02,sl
FEDERALBNK,2026-06-08 09:25:00+05:30,305.5,304.3285675048828,-0.3300685751457651,-1.17,sl
FEDERALBNK,2026-06-09 09:40:00+05:30,309.1499938964844,311.014285496303,0.26182273393985944,1.86,tp
FEDERALBNK,2026-06-12 09:30:00+05:30,315.1000061035156,314.1785779680525,-0.27545441782576935,-0.92,sl
FEDERALBNK,2026-06-12 10:20:00+05:30,315.8500061035156,317.3660768781389,0.1879982419490148,1.52,tp
FEDERALBNK,2026-06-16 11:30:00+05:30,318.3500061035156,317.82857840401783,-0.1982744192556874,-0.52,sl
FEDERALBNK,2026-06-17 11:00:00+05:30,321.70001220703125,321.1428702218192,-0.20391208531012156,-0.56,sl
FEDERALBNK,2026-06-18 11:15:00+05:30,321.5,321.0428575788225,-0.18531429322130258,-0.46,sl
FEDERALBNK,2026-06-19 11:05:00+05:30,321.3999938964844,322.091066632952,0.029011714298326316,0.69,tp
FEDERALBNK,2026-06-24 11:20:00+05:30,323.95001220703125,323.50715201241627,-0.1820238020547358,-0.44,sl
FEDERALBNK,2026-06-24 11:45:00+05:30,324.29998779296875,323.81784275599887,-0.189203525461311,-0.48,sl
FEDERALBNK,2026-06-29 10:25:00+05:30,325.6499938964844,326.91963740757535,0.13392787377012433,1.27,tp
FEDERALBNK,2026-07-13 10:40:00+05:30,335.45001220703125,334.4214412144252,-0.28397453364310393,-1.03,sl
FEDERALBNK,2026-07-23 09:15:00+05:30,354.04998779296875,355.08391244070873,0.07521672363585596,1.03,tp
FEDERALBNK,2026-07-27 09:20:00+05:30,357.20001220703125,356.4607260567801,-0.22418020016572326,-0.74,sl
FEDERALBNK,2026-08-07 11:20:00+05:30,352.75,352.39285932268416,-0.16074681967101462,-0.36,sl
FEDERALBNK,2026-08-07 11:45:00+05:30,353.1499938964844,353.81426783970426,0.012859796919253791,0.66,tp
FEDERALBNK,2026-08-20 09:15:00+05:30,361.6000061035156,360.88929748535156,-0.21792731297033338,-0.71,sl
HAL,2026-06-08 11:10:00+05:30,4202.2998046875,4209.2001953125,-0.001476939594320919,6.9,time
HAL,2026-06-15 11:50:00+05:30,4232.89990234375,4227.792759486607,-0.17239211379860836,-5.11,sl
HAL,2026-06-17 09:45:00+05:30,4316.0,4305.128662109375,-0.25113073990674234,-10.87,sl
HAL,2026-06-17 11:30:00+05:30,4345.0,4355.649989536831,0.047065448149559715,10.65,tp
HAL,2026-06-17 11:45:00+05:30,4363.60009765625,4376.521536690848,0.07767126334337704,12.92,tp
HAL,2026-06-19 10:45:00+05:30,4429.0,4418.878522600447,-0.23711642446900125,-10.12,sl
HAL,2026-06-25 11:00:00+05:30,4388.0,4379.771379743303,-0.21251531800405504,-8.23,sl
HAL,2026-06-30 11:20:00+05:30,4410.89990234375,4401.207135881697,-0.23184746890633107,-9.69,sl
HAL,2026-07-01 10:45:00+05:30,4429.89990234375,4443.164167131697,0.079655501212505,13.26,tp
HAL,2026-07-01 11:00:00+05:30,4457.5,4446.585693359375,-0.2469115868620303,-10.91,sl
HAL,2026-07-06 09:20:00+05:30,4477.89990234375,4496.467843191965,0.14879440701873856,18.57,tp
HAL,2026-07-07 11:20:00+05:30,4419.5,4410.092878069197,-0.2277129349130459,-9.41,sl
HAL,2026-07-08 11:00:00+05:30,4426.60009765625,4417.314418247768,-0.22586200519986027,-9.29,sl
HAL,2026-07-10 09:45:00+05:30,4441.7998046875,4458.331926618303,0.12331652921444372,16.53,tp
HAL,2026-07-10 10:25:00+05:30,4491.0,4509.139212472098,0.14234084799061886,18.14,tp
HAL,2026-07-10 10:55:00+05:30,4518.39990234375,4504.328543526785,-0.2868540959776361,-14.07,sl
HAL,2026-07-15 09:15:00+05:30,4455.0,4468.660661969866,0.0839819793921339,13.66,tp
HAL,2026-07-16 10:40:00+05:30,4446.60009765625,4436.271484375,-0.2393686824235994,-10.33,sl
HAL,2026-07-17 10:25:00+05:30,4495.10009765625,4480.692940848215,-0.2923048185140157,-14.41,sl
HAL,2026-07-17 11:50:00+05:30,4501.7998046875,4493.664132254465,-0.20843226424103606,-8.14,sl
HAL,2026-07-22 11:40:00+05:30,4620.0,4611.77863420759,-0.20677098431701718,-8.22,sl
HAL,2026-07-23 11:00:00+05:30,4590.7998046875,4580.085518973215,-0.24003162198463135,-10.71,sl
HAL,2026-07-24 11:55:00+05:30,4578.0,4569.971400669643,-0.2052241065577573,-8.03,sl
HAL,2026-07-27 09:30:00+05:30,4612.0,4601.100027901785,-0.24180362660296628,-10.9,sl
HAL,2026-07-27 09:45:00+05:30,4629.89990234375,4617.257080078125,-0.2638414116800877,-12.64,sl
HAL,2026-07-31 10:10:00+05:30,4662.5,4646.878522600447,-0.30102705500765825,-15.62,sl
HAL,2026-08-06 09:20:00+05:30,4805.2998046875,4834.646275111607,0.2664262995055563,29.35,tp
HAL,2026-08-06 09:45:00+05:30,4875.39990234375,4880.0,-0.04338805740995406,4.6,time
HAL,2026-08-07 09:15:00+05:30,4956.0,4942.957135881697,-0.25790392395040485,-13.04,sl
HAL,2026-08-17 09:20:00+05:30,5145.0,5126.378627232143,-0.31715886609745636,-18.62,sl
HAL,2026-08-18 09:25:00+05:30,5092.0,5077.79997907366,-0.26732153487438737,-14.2,sl
HAVELLS,2026-06-04 11:15:00+05:30,1170.4000244140625,1173.6893310546875,0.0686247388249189,3.29,tp
HAVELLS,2026-06-17 09:25:00+05:30,1196.0,1199.5250156947545,0.07684025224521049,3.53,tp
HAVELLS,2026-06-17 09:45:00+05:30,1205.0,1201.7714146205358,-0.26075943798162093,-3.23,sl
HAVELLS,2026-06-23 09:55:00+05:30,1190.0,1191.9000244140625,-0.0042004497111344605,1.9,time
HAVELLS,2026-06-29 10:55:00+05:30,1185.0999755859375,1182.557120186942,-0.2287413105078277,-2.54,sl
HAVELLS,2026-06-30 11:15:00+05:30,1155.0,1152.6785539899554,-0.2205945979243953,-2.32,sl
HAVELLS,2026-07-01 10:25:00+05:30,1198.0,1193.9785417829241,-0.3014085918401933,-4.02,sl
HAVELLS,2026-07-06 10:35:00+05:30,1189.0,1186.5642874581474,-0.22291232339037415,-2.44,sl
HAVELLS,2026-07-07 10:05:00+05:30,1193.0,1197.6714521135602,0.13494310713630686,4.67,tp
HAVELLS,2026-07-07 11:05:00+05:30,1198.0,1203.2285897391182,0.16186593017286505,5.23,tp
HAVELLS,2026-07-07 11:40:00+05:30,1210.0999755859375,1206.6356898716517,-0.2717685704079955,-3.46,sl
HAVELLS,2026-07-08 10:55:00+05:30,1225.800048828125,1230.2036307198662,0.11554487108812057,4.4,tp
HAVELLS,2026-07-08 11:25:00+05:30,1231.5999755859375,1228.6571219308037,-0.24336734557340792,-2.94,sl
HAVELLS,2026-07-16 09:15:00+05:30,1185.0,1181.6714128766741,-0.26853605687725873,-3.33,sl
HAVELLS,2026-07-17 10:25:00+05:30,1174.800048828125,1180.982186453683,0.21573735284015605,6.18,tp
HAVELLS,2026-07-21 10:05:00+05:30,1218.5,1214.171421595982,-0.313142966139576,-4.33,sl
HAVELLS,2026-07-23 09:50:00+05:30,1213.0,1218.699994768415,0.18194533067180946,5.7,tp
HAVELLS,2026-07-24 11:20:00+05:30,1227.199951171875,1231.5606733049665,0.11320350260415282,4.36,tp
HAVELLS,2026-07-27 09:20:00+05:30,1243.0,1239.471435546875,-0.27032491326427993,-3.53,sl
HAVELLS,2026-07-29 10:30:00+05:30,1240.4000244140625,1241.0999755859375,-0.06614231740898387,0.7,time
HAVELLS,2026-07-31 09:15:00+05:30,1264.699951171875,1262.3999546595983,-0.20911662533767963,-2.3,sl
HAVELLS,2026-08-03 09:20:00+05:30,1270.800048828125,1268.8785923549108,-0.1907203210286041,-1.92,sl
HAVELLS,2026-08-14 11:50:00+05:30,1271.4000244140625,1273.6821594238281,0.007698677014767396,2.28,tp
HAVELLS,2026-08-20 11:35:00+05:30,1283.0,1280.7142769949776,-0.2068927360104015,-2.29,sl
HCLTECH,2026-06-02 09:40:00+05:30,1224.800048828125,1234.0143476213727,0.35138627168069797,9.21,tp
HCLTECH,2026-06-16 09:30:00+05:30,1153.0,1151.199951171875,-0.19367123129878577,-1.8,time
HCLTECH,2026-07-02 09:20:00+05:30,1074.5999755859375,1072.699951171875,-0.2060873510457596,-1.9,time
HCLTECH,2026-07-03 11:00:00+05:30,1143.5,1150.1428702218193,0.24855462466913653,6.64,tp
HCLTECH,2026-07-07 10:20:00+05:30,1157.9000244140625,1152.4285801478795,-0.3835189990924326,-5.47,sl
HCLTECH,2026-07-07 11:15:00+05:30,1165.0999755859375,1170.8107212611608,0.1940904194432569,5.71,tp
HCLTECH,2026-07-13 10:30:00+05:30,1188.5999755859375,1184.3499494280134,-0.314539436911684,-4.25,sl
HCLTECH,2026-07-13 10:45:00+05:30,1189.9000244140625,1196.328648158482,0.22415952328021324,6.43,tp
HCLTECH,2026-07-13 11:55:00+05:30,1215.4000244140625,1223.0178789411273,0.2760665315472882,7.62,tp
HCLTECH,2026-07-15 09:20:00+05:30,1175.0,1171.300048828125,-0.2889336768617021,-3.7,time
HCLTECH,2026-07-16 09:55:00+05:30,1200.0,1200.0,-0.1,0.0,time
HCLTECH,2026-07-20 11:20:00+05:30,1214.699951171875,1212.871381487165,-0.19032204288536356,-1.83,sl
HCLTECH,2026-07-21 09:25:00+05:30,1230.0,1226.9071393694196,-0.25087125027221413,-3.09,sl
HCLTECH,2026-07-21 11:25:00+05:30,1231.199951171875,1234.864244733538,0.07857181807919887,3.66,tp
HCLTECH,2026-07-23 10:45:00+05:30,1244.699951171875,1242.3142264229912,-0.2150024026258388,-2.39,sl
HCLTECH,2026-07-27 09:35:00+05:30,1295.0,1301.942875453404,0.22167762718474063,6.94,tp
HCLTECH,2026-07-28 09:40:00+05:30,1327.199951171875,1322.5428205217634,-0.3105393680582738,-4.66,sl
HCLTECH,2026-08-10 09:50:00+05:30,1361.4000244140625,1356.9571707589287,-0.2958066802758875,-4.44,sl
HCLTECH,2026-08-11 09:55:00+05:30,1379.5,1374.9285801478795,-0.2988294245213688,-4.57,sl
HCLTECH,2026-08-13 11:45:00+05:30,1363.0,1365.324955531529,0.0023458047628313475,2.32,tp
HCLTECH,2026-08-13 11:55:00+05:30,1368.9000244140625,1371.749995640346,0.024916553822258974,2.85,tp
HCLTECH,2026-08-20 09:15:00+05:30,1329.4000244140625,1325.6857038225446,-0.26763895847624897,-3.71,sl
GRASIM,2026-06-10 11:50:00+05:30,3102.39990234375,3108.8498971121653,0.024742037869635806,6.45,tp
GRASIM,2026-06-11 11:05:00+05:30,3091.699951171875,3100.8392159598216,0.07736387616429116,9.14,tp
GRASIM,2026-06-15 09:25:00+05:30,3163.0,3152.9571533203125,-0.29050610204908317,-10.04,sl
GRASIM,2026-06-19 09:40:00+05:30,3161.0,3151.1642717633927,-0.2866952528302563,-9.84,sl
GRASIM,2026-06-25 11:25:00+05:30,3146.0,3153.446507045201,0.04201857047427377,7.45,tp
GRASIM,2026-06-30 11:20:00+05:30,3115.0,3124.6749529157364,0.08635543336891965,9.67,tp
GRASIM,2026-07-01 11:40:00+05:30,3136.699951171875,3131.1142578125,-0.20684528542084193,-5.59,sl
GRASIM,2026-07-02 09:45:00+05:30,3163.10009765625,3156.285871233259,-0.22925723902395728,-6.81,sl
GRASIM,2026-07-03 09:30:00+05:30,3211.199951171875,3203.471365792411,-0.2444055586132617,-7.73,sl
GRASIM,2026-07-06 09:55:00+05:30,3204.5,3197.471418108259,-0.23160084677935916,-7.03,sl
GRASIM,2026-07-15 09:15:00+05:30,3133.300048828125,3143.478594098772,0.0949103841705942,10.18,tp
GRASIM,2026-07-20 10:50:00+05:30,3135.0,3129.6285574776784,-0.20280272769993413,-5.37,sl
GRASIM,2026-07-21 11:55:00+05:30,3156.10009765625,3161.028590611049,-0.0063053869845473304,4.93,tp
GRASIM,2026-08-03 09:55:00+05:30,3120.89990234375,3131.3570295061386,0.10104061308474724,10.46,tp
GRASIM,2026-08-05 10:50:00+05:30,3185.0,3195.4679042271205,0.09719756785784248,10.47,tp
GRASIM,2026-08-05 11:00:00+05:30,3211.5,3223.875078473772,0.1312018397715496,12.38,tp
GRASIM,2026-08-05 11:15:00+05:30,3227.39990234375,3218.385585239955,-0.26758351694654153,-9.01,sl
GRASIM,2026-08-12 09:25:00+05:30,3376.10009765625,3363.228672572545,-0.32875077239517997,-12.87,sl
HDFCBANK,2026-06-10 09:55:00+05:30,744.7000122070312,742.3500104631696,-0.28933812584992874,-2.35,sl
HDFCBANK,2026-06-11 11:40:00+05:30,746.4000244140625,748.5161285400391,0.0701048277138851,2.12,tp
HDFCBANK,2026-06-11 11:50:00+05:30,749.3499755859375,751.5946524483817,0.07972992077745823,2.24,tp
HDFCBANK,2026-06-16 11:35:00+05:30,784.9000244140625,786.3143048967634,0.008111640110341805,1.41,tp
HDFCBANK,2026-06-17 10:40:00+05:30,790.7999877929688,789.5071280343192,-0.19809254769397192,-1.29,sl
HDFCBANK,2026-06-18 09:40:00+05:30,798.0499877929688,800.648215157645,0.09534320439212834,2.6,tp
HDFCBANK,2026-06-23 09:55:00+05:30,790.75,789.3821498325893,-0.20378882079625663,-1.37,sl
HDFCBANK,2026-06-24 11:00:00+05:30,788.4500122070312,790.5660901750837,0.06103072625713523,2.12,tp
HDFCBANK,2026-06-25 09:20:00+05:30,800.0,798.1714346749442,-0.2371423993791865,-1.83,sl
HDFCBANK,2026-06-25 11:45:00+05:30,800.2999877929688,801.8589215959821,0.01687620843122972,1.56,tp
HDFCBANK,2026-06-29 10:40:00+05:30,805.5499877929688,803.0964093889509,-0.2827505511413507,-2.45,sl
HDFCBANK,2026-07-01 11:55:00+05:30,801.0,799.9821428571429,-0.17624398073836034,-1.02,sl
HDFCBANK,2026-07-06 09:30:00+05:30,817.6500244140625,820.8589542933872,0.13547457593174667,3.21,tp
HDFCBANK,2026-07-15 09:15:00+05:30,813.9000244140625,816.1875283377511,0.06863279432891799,2.29,tp
HDFCBANK,2026-08-11 11:45:00+05:30,728.5999755859375,728.1106872558594,-0.14029275430743524,-0.49,sl
HDFCBANK,2026-08-14 09:45:00+05:30,729.1500244140625,727.95359148298,-0.19845158535465854,-1.2,sl
HEROMOTOCO,2026-06-04 10:05:00+05:30,4959.39990234375,4938.714250837053,-0.3502599336293181,-20.69,sl
HEROMOTOCO,2026-06-09 10:55:00+05:30,4828.10009765625,4817.457310267857,-0.23226056427735883,-10.64,sl
HEROMOTOCO,2026-06-10 09:25:00+05:30,4929.2001953125,4914.593052455357,-0.2778034035343179,-14.61,sl
HEROMOTOCO,2026-06-10 09:45:00+05:30,4980.7998046875,4960.142647879465,-0.3488414425562086,-20.66,sl
HEROMOTOCO,2026-06-15 09:50:00+05:30,5066.7998046875,5048.464076450893,-0.3171279183319274,-18.34,sl
HEROMOTOCO,2026-06-23 11:15:00+05:30,4996.39990234375,4986.985595703125,-0.21305308011324947,-9.41,sl
HEROMOTOCO,2026-06-25 09:20:00+05:30,5022.89990234375,5005.749860491072,-0.3048622371870402,-17.15,sl
HEROMOTOCO,2026-07-06 10:40:00+05:30,4896.7001953125,4912.90021623884,0.09850127980284666,16.2,tp
HEROMOTOCO,2026-07-06 11:10:00+05:30,4919.2998046875,4908.006975446428,-0.23773703196919432,-11.29,sl
HEROMOTOCO,2026-07-07 09:20:00+05:30,4982.7998046875,4972.199846540178,-0.22763857946710755,-10.6,sl
HEROMOTOCO,2026-07-07 10:05:00+05:30,4985.89990234375,5007.306919642857,0.15761067472346127,21.41,tp
HEROMOTOCO,2026-07-10 11:30:00+05:30,4935.10009765625,4948.514299665178,0.06308729399793578,13.41,tp
HEROMOTOCO,2026-07-13 10:55:00+05:30,4916.39990234375,4932.310616629465,0.09417518430259965,15.91,tp
HEROMOTOCO,2026-07-15 11:30:00+05:30,4936.89990234375,4950.196393694197,0.06159725674163455,13.3,tp
HEROMOTOCO,2026-07-22 09:20:00+05:30,5098.0,5084.092878069197,-0.2636773863962743,-13.91,sl
HEROMOTOCO,2026-07-23 09:25:00+05:30,5020.2001953125,5037.2037353515625,0.10322145784073525,17.0,tp
HEROMOTOCO,2026-07-23 10:00:00+05:30,5085.0,5112.117762974331,0.21997360441688044,27.12,tp
HEROMOTOCO,2026-07-23 10:10:00+05:30,5151.89990234375,5163.89990234375,0.0397542680657384,12.0,time
HEROMOTOCO,2026-07-27 11:05:00+05:30,5095.0,5092.7001953125,-0.1270830777723258,-2.3,time
HEROMOTOCO,2026-07-30 09:20:00+05:30,5239.89990234375,5268.174944196428,0.22376620599219452,28.28,tp
HEROMOTOCO,2026-07-30 09:45:00+05:30,5322.2998046875,5319.7998046875,-0.1281833052448287,-2.5,time
HEROMOTOCO,2026-08-04 09:20:00+05:30,5475.5,5460.142857142857,-0.2682820877415007,-15.36,sl
HEROMOTOCO,2026-08-04 09:30:00+05:30,5515.5,5497.142857142857,-0.2996969579237761,-18.36,sl
HEROMOTOCO,2026-08-04 11:15:00+05:30,5547.0,5565.75,0.10281233098972417,18.75,tp
HEROMOTOCO,2026-08-04 11:25:00+05:30,5597.5,5581.071428571428,-0.27609902379889123,-16.43,sl
HEROMOTOCO,2026-08-05 10:10:00+05:30,5670.0,5702.303571428572,0.24183673469387892,32.3,tp
HEROMOTOCO,2026-08-07 09:15:00+05:30,5620.5,5654.142857142857,0.2591444584238792,33.64,tp
HEROMOTOCO,2026-08-07 09:35:00+05:30,5692.5,5735.464285714285,0.3528514963297531,42.96,tp
HEROMOTOCO,2026-08-07 10:55:00+05:30,5786.5,5765.5,-0.31774820703361273,-21.0,sl
HEROMOTOCO,2026-08-10 09:20:00+05:30,5885.0,5921.910714285715,0.2763199417405064,36.91,tp
HEROMOTOCO,2026-08-11 09:30:00+05:30,5921.0,5901.607142857143,-0.29651603252346104,-19.39,sl
HEROMOTOCO,2026-08-12 09:30:00+05:30,5909.5,5892.428571428572,-0.2733286596642197,-17.07,sl
HEROMOTOCO,2026-08-20 11:30:00+05:30,5712.5,5720.803571428572,-0.012785245389182758,8.3,tp
HFCL,2026-06-01 10:55:00+05:30,185.8600006103516,184.43714468819758,-0.559331513229781,-1.42,sl
HFCL,2026-06-03 09:20:00+05:30,194.1000061035156,192.73500497000555,-0.5219477868894282,-1.37,sl
HFCL,2026-06-03 11:20:00+05:30,197.00999450683597,198.08034896850592,0.22597974463660336,1.07,tp
HFCL,2026-06-04 10:10:00+05:30,207.5500030517578,207.25,-0.186726971046972,-0.3,time
HFCL,2026-06-09 09:15:00+05:30,177.9600067138672,177.48643602643693,-0.2596664428738814,-0.47,sl
HFCL,2026-06-09 09:30:00+05:30,181.19000244140625,183.08321489606584,0.5269261314034661,1.89,tp
HFCL,2026-06-18 11:05:00+05:30,198.7899932861328,199.6300048828125,0.1535373887167242,0.84,time
HFCL,2026-06-24 11:50:00+05:30,203.5,202.4335708618164,-0.4144262815283323,-1.07,sl
HFCL,2026-06-25 09:20:00+05:30,215.0,213.6249989100865,-0.4837212343944641,-1.38,sl
HFCL,2026-07-03 09:30:00+05:30,210.3300018310547,212.5746443612235,0.5403202141285967,2.24,tp
HFCL,2026-07-06 11:00:00+05:30,220.8000030517578,219.6250010899135,-0.4192940069576585,-1.18,sl
HFCL,2026-07-06 11:30:00+05:30,223.7899932861328,225.1999969482422,0.2780339705287652,1.41,time
HFCL,2026-07-09 09:45:00+05:30,215.1499938964844,213.87856619698664,-0.4545696682964784,-1.27,sl
HFCL,2026-07-14 11:25:00+05:30,213.3600006103516,212.57071685791018,-0.32195830995037383,-0.79,sl
HFCL,2026-07-15 09:15:00+05:30,220.19000244140625,222.48286056518555,0.5247853485689765,2.29,tp
HFCL,2026-07-21 09:45:00+05:30,214.83999633789065,213.26499720982144,-0.5398619870367491,-1.57,sl
HFCL,2026-07-22 11:25:00+05:30,224.57000732421875,222.9242935180664,-0.539697311077621,-1.65,sl
HFCL,2026-07-28 11:35:00+05:30,185.3999938964844,186.01821027483263,0.10007003194187651,0.62,tp
HFCL,2026-07-29 11:10:00+05:30,188.1100006103516,189.53071594238284,0.3531546416739744,1.42,tp
HFCL,2026-08-03 09:20:00+05:30,201.5800018310547,202.65464455740792,0.21986587456841966,1.07,tp
HFCL,2026-08-05 09:20:00+05:30,209.1999969482422,211.01820972987585,0.4214759488022849,1.82,tp
HFCL,2026-08-10 10:40:00+05:30,214.1000061035156,215.68143408639088,0.34318391530844017,1.58,tp
HFCL,2026-08-13 09:25:00+05:30,229.3699951171875,227.86070796421595,-0.49480852380899476,-1.51,sl
HFCL,2026-08-18 09:20:00+05:30,225.3999938964844,227.16677692958288,0.37030605526366,1.77,tp
HFCL,2026-08-18 09:55:00+05:30,228.3000030517578,229.8000030517578,0.29421812876452796,1.5,time
GLENMARK,2026-06-08 09:45:00+05:30,2193.0,2183.157156808036,-0.3692980353478583,-9.84,sl
GLENMARK,2026-06-17 09:35:00+05:30,2167.10009765625,2158.907209123884,-0.32683461298054484,-8.19,sl
GLENMARK,2026-06-18 09:20:00+05:30,2157.0,2151.971435546875,-0.2398766190020862,-5.03,sl
GLENMARK,2026-06-19 10:10:00+05:30,2176.800048828125,2186.2607421875,0.16076882985558938,9.46,tp
GLENMARK,2026-06-23 09:25:00+05:30,2211.89990234375,2219.110621861049,0.09559798821795773,7.21,tp
GLENMARK,2026-06-23 09:35:00+05:30,2226.199951171875,2220.478533063616,-0.25420227024748504,-5.72,sl
GLENMARK,2026-06-29 09:40:00+05:30,2198.199951171875,2210.296316964286,0.23017103251127252,12.1,tp
GLENMARK,2026-07-02 09:55:00+05:30,2204.300048828125,2200.60009765625,-0.2007109129406047,-3.7,time
GLENMARK,2026-07-03 09:35:00+05:30,2215.199951171875,2225.8819841657364,0.18932917739214786,10.68,tp
GLENMARK,2026-07-03 11:10:00+05:30,2228.5,2238.667794363839,0.1737570840611861,10.17,tp
GLENMARK,2026-07-06 09:25:00+05:30,2244.0,2238.1428745814733,-0.2566076315114097,-5.86,sl
GLENMARK,2026-07-06 11:10:00+05:30,2250.0,2259.0963919503347,0.1425704520089251,9.1,tp
GLENMARK,2026-07-06 11:40:00+05:30,2263.0,2257.250069754464,-0.2524506472523848,-5.75,sl
GLENMARK,2026-07-07 09:35:00+05:30,2283.0,2276.600027901786,-0.26819900389524887,-6.4,sl
GLENMARK,2026-07-09 09:35:00+05:30,2272.39990234375,2287.282008579799,0.292944205481602,14.88,tp
GLENMARK,2026-07-10 10:10:00+05:30,2285.300048828125,2299.603515625,0.2755340609442418,14.3,tp
GLENMARK,2026-07-13 09:20:00+05:30,2306.199951171875,2299.67138671875,-0.26985251733634547,-6.53,sl
GLENMARK,2026-07-15 09:15:00+05:30,2311.60009765625,2307.0001395089284,-0.2193967283178131,-4.6,sl
GLENMARK,2026-07-23 10:25:00+05:30,2219.39990234375,2212.714181082589,-0.2807440269083674,-6.69,sl
GLENMARK,2026-07-23 10:35:00+05:30,2222.10009765625,2233.3072248186386,0.20260906358473915,11.21,tp
GLENMARK,2026-07-24 11:45:00+05:30,2203.0,2198.9214215959823,-0.2110824803636222,-4.08,sl
GLENMARK,2026-08-04 11:15:00+05:30,2238.699951171875,2233.3927699497767,-0.242239192509568,-5.31,sl
GLENMARK,2026-08-05 11:00:00+05:30,2231.300048828125,2225.2500348772323,-0.262685801599927,-6.05,sl
GLENMARK,2026-08-06 09:25:00+05:30,2261.10009765625,2268.985770089286,0.10925227789454423,7.89,tp
GLENMARK,2026-08-06 09:45:00+05:30,2277.699951171875,2286.624930245536,0.13510504276216584,8.92,tp
GLENMARK,2026-08-12 09:25:00+05:30,2302.10009765625,2296.2286551339284,-0.2530283377764302,-5.87,sl
GLENMARK,2026-08-13 09:20:00+05:30,2309.0,2303.385759626116,-0.2458875800922666,-5.61,sl
GLENMARK,2026-08-14 09:30:00+05:30,2331.800048828125,2326.82861328125,-0.22792097373975415,-4.97,sl
GLENMARK,2026-08-20 10:30:00+05:30,2294.800048828125,2302.8143397739955,0.10954220259747055,8.01,tp
HINDALCO,2026-06-10 11:25:00+05:30,1049.199951171875,1053.057094029018,0.12057623160398127,3.86,tp
HINDALCO,2026-06-17 09:40:00+05:30,988.2999877929688,984.4999912806919,-0.33069897151953825,-3.8,sl
HINDALCO,2026-06-17 10:35:00+05:30,1003.2000122070312,998.7857273646764,-0.3640122481244866,-4.41,sl
HINDALCO,2026-06-18 09:20:00+05:30,1013.7999877929688,1010.8285391671318,-0.27586005099323985,-2.97,sl
HINDALCO,2026-06-25 11:55:00+05:30,969.7999877929688,967.2357003348214,-0.2586484320741026,-2.56,sl
HINDALCO,2026-07-08 09:40:00+05:30,976.9000244140624,973.9500252859932,-0.2811853242508763,-2.95,sl
HINDALCO,2026-07-08 11:45:00+05:30,979.3499755859376,977.7964041573662,-0.19517974987288614,-1.55,sl
HINDALCO,2026-07-14 09:30:00+05:30,987.3499755859376,983.2928292410716,-0.34654761402865464,-4.06,sl
HINDALCO,2026-07-14 10:10:00+05:30,991.2000122070312,989.4000244140624,-0.20895809750613084,-1.8,time
HINDALCO,2026-07-16 09:15:00+05:30,966.0499877929688,963.5821315220425,-0.2532750666390052,-2.47,sl
HINDALCO,2026-07-23 09:20:00+05:30,962.5,960.5250069754464,-0.223116448283858,-1.97,sl
HINDALCO,2026-07-29 11:05:00+05:30,957.0,960.6964220319476,0.13175059761426816,3.7,tp
HINDALCO,2026-08-03 11:50:00+05:30,990.7999877929688,989.403555733817,-0.18456391257708676,-1.4,sl
HINDALCO,2026-08-11 10:25:00+05:30,1068.1500244140625,1065.2750069754463,-0.26149514803559193,-2.88,sl
HINDALCO,2026-08-17 11:40:00+05:30,1043.050048828125,1040.9357648577009,-0.2216212379913824,-2.11,sl
HDFCAMC,2026-06-15 11:55:00+05:30,2615.5,2623.482090541295,0.08311046930900029,7.98,tp
HDFCAMC,2026-06-16 11:55:00+05:30,2654.0,2647.9071219308034,-0.23774404075048738,-6.09,sl
HDFCAMC,2026-06-22 11:15:00+05:30,2721.0,2715.835710797991,-0.2138762778833309,-5.16,sl
HDFCAMC,2026-06-25 10:55:00+05:30,2691.0,2685.0999755859375,-0.23155015415969896,-5.9,sl
HDFCAMC,2026-07-01 11:45:00+05:30,2719.0,2712.957188197545,-0.2333463435628208,-6.04,sl
HDFCAMC,2026-07-03 09:55:00+05:30,2789.0,2780.950038364955,-0.2731795260318,-8.05,sl
HDFCAMC,2026-07-06 09:45:00+05:30,2836.0,2826.707188197545,-0.29660391683614584,-9.29,sl
HDFCAMC,2026-07-15 09:25:00+05:30,2699.800048828125,2698.60009765625,-0.12666755648950784,-1.2,time
HDFCAMC,2026-07-15 11:25:00+05:30,2716.60009765625,2711.7143903459823,-0.20790783629470114,-4.89,sl
HDFCAMC,2026-07-24 11:15:00+05:30,2511.699951171875,2514.199951171875,-0.04027949081656229,2.5,time
HDFCAMC,2026-07-27 09:45:00+05:30,2552.89990234375,2549.300048828125,-0.18460622006338914,-3.6,time
HDFCAMC,2026-07-31 09:15:00+05:30,2567.0,2562.414306640625,-0.20718410656895206,-4.59,sl
HDFCAMC,2026-07-31 09:45:00+05:30,2580.0,2573.428536551339,-0.2528247313642042,-6.57,sl
HDFCAMC,2026-07-31 11:40:00+05:30,2585.300048828125,2593.121425083705,0.08151957856788342,7.82,tp
HDFCAMC,2026-07-31 11:55:00+05:30,2603.10009765625,2597.521554129464,-0.22858230534757826,-5.58,sl
HDFCAMC,2026-08-10 10:55:00+05:30,2550.0,2544.67147391183,-0.2253770844275256,-5.33,sl
HDFCAMC,2026-08-10 11:50:00+05:30,2570.699951171875,2564.321446010045,-0.24887397089471608,-6.38,sl
HDFCAMC,2026-08-17 11:00:00+05:30,2530.39990234375,2524.042811802455,-0.25073721435271945,-6.36,sl
HDFCAMC,2026-08-19 10:35:00+05:30,2538.199951171875,2531.799961635045,-0.251288070127225,-6.4,sl
HDFCAMC,2026-08-19 11:15:00+05:30,2542.0,2537.228585379464,-0.21262190292373984,-4.77,sl
HDFCAMC,2026-08-20 10:10:00+05:30,2582.0,2589.0,0.06266460108443068,7.0,time
HDFCLIFE,2026-06-05 09:20:00+05:30,585.6500244140625,583.9464590890067,-0.27453071841944054,-1.7,sl
HDFCLIFE,2026-06-05 09:30:00+05:30,588.9000244140625,586.8143092564175,-0.3125028090858305,-2.09,sl
HDFCLIFE,2026-06-09 09:20:00+05:30,570.9500122070312,569.2214486258371,-0.28165130511293046,-1.73,sl
HDFCLIFE,2026-06-15 10:50:00+05:30,574.4500122070312,573.2500087193081,-0.225337640757924,-1.2,sl
HDFCLIFE,2026-06-18 09:20:00+05:30,587.1500244140625,589.1160997663226,0.1009103572009991,1.97,tp
HDFCLIFE,2026-06-18 09:30:00+05:30,589.8499755859375,588.3928309849331,-0.24822188637613518,-1.46,sl
HDFCLIFE,2026-06-23 10:20:00+05:30,601.6500244140625,600.1285923549107,-0.25172595336967196,-1.52,sl
HDFCLIFE,2026-07-07 10:45:00+05:30,567.9000244140625,566.7000209263393,-0.22678324734653252,-1.2,sl
HDFCLIFE,2026-07-16 11:30:00+05:30,568.8499755859375,567.6392560686384,-0.22770180918637306,-1.21,sl
HDFCLIFE,2026-07-17 09:45:00+05:30,572.7000122070312,574.8053785051618,0.12057268237348566,2.11,tp
HDFCLIFE,2026-07-22 11:45:00+05:30,555.9500122070312,555.1285836356027,-0.18865134131404554,-0.82,sl
HDFCLIFE,2026-07-24 11:40:00+05:30,554.7000122070312,556.0178680419922,0.04254795088799162,1.32,tp
HDFCLIFE,2026-08-05 09:30:00+05:30,540.9000244140625,542.7107478550503,0.10085672315684546,1.81,tp
HDFCLIFE,2026-08-06 11:50:00+05:30,543.0999755859375,544.2946275983538,0.031981447186858636,1.19,tp
HDFCLIFE,2026-08-07 11:00:00+05:30,544.0,543.0964224679129,-0.19965928662725035,-0.9,sl
HDFCLIFE,2026-08-10 11:15:00+05:30,535.3499755859375,534.6642630440848,-0.17685206759583985,-0.69,sl
HDFCLIFE,2026-08-17 09:30:00+05:30,541.2000122070312,543.0428771972656,0.10430875262390829,1.84,tp
HINDUNILVR,2026-06-10 09:25:00+05:30,2191.199951171875,2183.6856689453125,-0.3057580064076888,-7.51,sl
HINDUNILVR,2026-06-25 09:55:00+05:30,2197.199951171875,2191.307111467634,-0.26091861920253545,-5.89,sl
HINDUNILVR,2026-07-09 10:40:00+05:30,2157.0,2152.600027901786,-0.22239143527716887,-4.4,sl
HINDUNILVR,2026-07-22 11:10:00+05:30,2144.89990234375,2150.160627092634,0.04716000713512888,5.26,tp
HINDUNILVR,2026-07-22 11:25:00+05:30,2152.199951171875,2158.3499668666295,0.07145290867809487,6.15,tp
HINDUNILVR,2026-07-28 09:35:00+05:30,2203.0,2195.8714773995534,-0.2941495034166108,-7.13,sl
HINDUNILVR,2026-07-29 09:20:00+05:30,2075.39990234375,2066.74276297433,-0.3502786868104791,-8.66,sl
HINDUNILVR,2026-07-29 09:35:00+05:30,2088.0,2077.871425083705,-0.3910510033418057,-10.13,sl
HINDUNILVR,2026-07-29 11:30:00+05:30,2111.10009765625,2105.8429827008927,-0.24941352031181666,-5.26,sl
HINDUNILVR,2026-07-29 11:45:00+05:30,2115.60009765625,2109.235822405134,-0.28049560287409375,-6.36,sl
HINDUNILVR,2026-08-07 09:40:00+05:30,2094.60009765625,2093.5,-0.13151239200688342,-1.1,time
HINDUNILVR,2026-08-10 11:30:00+05:30,2090.10009765625,2088.228690011161,-0.1537220484469927,-1.87,sl
HINDUNILVR,2026-08-10 11:45:00+05:30,2091.0,2094.2249843052455,-0.00746099554532365,3.22,tp
HINDUNILVR,2026-08-13 11:15:00+05:30,2066.0,2070.125,0.01979670861568248,4.12,tp
HINDUNILVR,2026-08-13 11:40:00+05:30,2071.5,2075.5071323939733,0.016064660216459917,4.01,tp
HINDUNILVR,2026-08-20 09:20:00+05:30,2040.0,2036.0285470145088,-0.21680744074974023,-3.97,sl
ICICIBANK,2026-06-04 10:45:00+05:30,1254.5999755859375,1251.5142560686384,-0.24757147667843743,-3.09,sl
ICICIBANK,2026-06-10 10:40:00+05:30,1291.800048828125,1295.7643476213727,0.08412905914552361,3.96,tp
ICICIBANK,2026-06-10 10:50:00+05:30,1296.800048828125,1300.9786464146205,0.09333424255828168,4.18,tp
ICICIBANK,2026-06-11 10:15:00+05:30,1317.199951171875,1324.3678501674108,0.22650619167539618,7.17,tp
ICICIBANK,2026-06-23 09:30:00+05:30,1361.199951171875,1364.767813546317,0.057266933694953906,3.57,tp
ICICIBANK,2026-07-01 11:45:00+05:30,1378.9000244140625,1381.6750270298548,0.020748534338660158,2.78,tp
ICICIBANK,2026-08-17 11:50:00+05:30,1415.5999755859375,1418.1499677385602,0.00808104817466911,2.55,tp
ICICIGI,2026-06-09 09:20:00+05:30,1786.0999755859375,1796.5678405761719,0.2516443133078376,10.47,tp
ICICIGI,2026-06-15 10:25:00+05:30,1732.5999755859375,1731.800048828125,-0.12770149263826386,-0.8,time
ICICIGI,2026-06-16 10:40:00+05:30,1764.300048828125,1764.0,-0.11020400679547554,-0.3,time
ICICIGI,2026-06-19 11:40:00+05:30,1853.699951171875,1849.3713640485491,-0.24010640030246774,-4.33,sl
ICICIGI,2026-06-30 11:10:00+05:30,1768.5999755859375,1765.3571166992188,-0.21001443847620963,-3.24,sl
ICICIGI,2026-07-01 10:35:00+05:30,1755.0,1750.0642700195312,-0.2687429053151709,-4.94,sl
ICICIGI,2026-07-21 11:10:00+05:30,1621.9000244140625,1619.6643240792412,-0.182706713157453,-2.24,sl
ICICIGI,2026-07-23 10:50:00+05:30,1596.5999755859375,1602.7606767926898,0.13151827512052958,6.16,tp
ICICIGI,2026-07-24 09:20:00+05:30,1637.0999755859375,1647.6214120047432,0.28561248215912866,10.52,tp
ICICIGI,2026-07-24 09:30:00+05:30,1653.0,1657.800048828125,0.07423044748185118,4.8,time
ICICIGI,2026-08-05 09:15:00+05:30,1700.699951171875,1691.2070835658483,-0.43490449386391594,-9.49,sl
ICICIGI,2026-08-20 11:00:00+05:30,1638.5,1635.0142822265625,-0.2276430066562405,-3.49,sl
ICICIPRULI,2026-06-05 09:30:00+05:30,486.2000122070313,484.68930053710943,-0.2864308883577639,-1.51,sl
ICICIPRULI,2026-06-15 10:55:00+05:30,485.0,486.6553519112723,0.10478580345636766,1.66,tp
ICICIPRULI,2026-06-16 10:30:00+05:30,490.6000061035156,489.7000034877232,-0.21006962143443236,-0.9,sl
ICICIPRULI,2026-06-16 10:50:00+05:30,491.8500061035156,490.71071951729914,-0.23897975871652738,-1.14,sl
ICICIPRULI,2026-06-17 09:45:00+05:30,495.8500061035156,497.7464359828404,0.1294762354721696,1.9,tp
ICICIPRULI,2026-06-18 10:50:00+05:30,510.0499877929688,511.4589157104493,0.06573998053528328,1.41,tp
ICICIPRULI,2026-06-18 11:55:00+05:30,516.5,518.6857070922852,0.15390595457329984,2.19,tp
ICICIPRULI,2026-07-07 09:20:00+05:30,488.9500122070313,487.93215070452015,-0.2249037501297989,-1.02,sl
ICICIPRULI,2026-07-08 11:00:00+05:30,491.2000122070313,489.71430097307484,-0.28147938074524315,-1.49,sl
ICICIPRULI,2026-07-09 11:25:00+05:30,488.3500061035156,490.02143859863287,0.10535670820853238,1.67,tp
ICICIPRULI,2026-07-10 09:25:00+05:30,498.2000122070313,500.05893816266746,0.12387706665053151,1.86,tp
ICICIPRULI,2026-07-10 09:45:00+05:30,501.2000122070313,503.41786738804416,0.16550540227401894,2.22,tp
ICICIPRULI,2026-07-10 10:30:00+05:30,504.75,507.0535681588309,0.17382682422952736,2.3,tp
ICICIPRULI,2026-07-13 11:05:00+05:30,522.0,524.7482038225446,0.21588549684420807,2.75,tp
ICICIPRULI,2026-07-20 11:00:00+05:30,500.1000061035156,501.6964340209961,0.09153304115137614,1.6,tp
ICICIPRULI,2026-07-23 11:00:00+05:30,499.7000122070313,500.7553765433176,0.026719749110076775,1.06,tp
ICICIPRULI,2026-07-27 10:40:00+05:30,509.3500061035156,508.1571524483817,-0.24051480995465266,-1.19,sl
ICICIPRULI,2026-07-31 11:05:00+05:30,514.2999877929688,515.724983215332,0.06624485197579812,1.42,tp
ICICIPRULI,2026-08-11 11:45:00+05:30,498.1499938964844,497.37855747767856,-0.19291616118732197,-0.77,sl
ICICIPRULI,2026-08-13 11:20:00+05:30,506.3999938964844,507.2089178902762,-0.004155923750995261,0.81,tp
ICICIPRULI,2026-08-14 10:45:00+05:30,508.0499877929688,507.2714146205358,-0.19194841347977326,-0.78,sl
ICICIPRULI,2026-08-14 11:20:00+05:30,509.25,510.4767804827009,0.04453967395592544,1.23,tp
ICICIPRULI,2026-08-18 10:30:00+05:30,509.3999938964844,508.3964168003627,-0.21820696209025842,-1.0,sl
ICICIPRULI,2026-08-19 11:55:00+05:30,499.1499938964844,500.02321079799106,0.004964469059507348,0.87,tp
ICICIPRULI,2026-08-20 10:00:00+05:30,504.75,504.6499938964844,-0.11188779833766717,-0.1,time
HUDCO,2026-06-04 09:55:00+05:30,205.97000122070312,204.8521445138114,-0.4256367530028544,-1.12,sl
HUDCO,2026-06-12 11:15:00+05:30,205.57000732421875,206.31786237444197,0.11827747927558173,0.75,tp
HUDCO,2026-06-15 09:55:00+05:30,211.4900054931641,212.1000061035156,0.07305799645588144,0.61,time
HUDCO,2026-06-16 09:25:00+05:30,214.75,213.83285740443637,-0.35624472984315686,-0.92,sl
HUDCO,2026-06-22 09:25:00+05:30,213.3999938964844,214.1000061035156,0.09681693356676105,0.7,time
HUDCO,2026-06-25 09:20:00+05:30,212.25,211.50785609654017,-0.309793329599953,-0.74,sl
HUDCO,2026-07-01 09:25:00+05:30,208.7700042724609,210.0150004795619,0.257808932784093,1.24,tp
HUDCO,2026-07-01 09:55:00+05:30,210.6499938964844,209.50213732038227,-0.4269470522746458,-1.15,sl
HUDCO,2026-07-03 09:55:00+05:30,210.3300018310547,212.23071343558175,0.44220841191846333,1.9,tp
HUDCO,2026-07-08 11:20:00+05:30,211.25,210.8921454293387,-0.2016391679984725,-0.36,sl
HUDCO,2026-07-08 11:40:00+05:30,211.83999633789065,211.37857055664062,-0.23069083909368324,-0.46,sl
HUDCO,2026-07-09 09:55:00+05:30,205.30999755859372,204.50571332659038,-0.3350448321759307,-0.8,sl
HUDCO,2026-07-13 09:30:00+05:30,210.3699951171875,211.55927658081055,0.2391970788307199,1.19,tp
HUDCO,2026-07-23 11:05:00+05:30,198.16000366210935,198.5360745021275,0.013868843278605665,0.38,tp
HUDCO,2026-07-24 11:45:00+05:30,193.5,193.99607522147042,0.05382177409935505,0.5,tp
HUDCO,2026-07-29 10:35:00+05:30,197.5,196.89500100272042,-0.28379716373050534,-0.6,sl
HUDCO,2026-08-03 09:55:00+05:30,197.55999755859372,196.95785740443634,-0.2828731003032521,-0.6,sl
HUDCO,2026-08-03 11:55:00+05:30,198.5399932861328,199.00285284859794,0.039878990062640125,0.46,tp
HUDCO,2026-08-05 11:40:00+05:30,204.1100006103516,203.57785797119143,-0.2564281919265748,-0.53,sl
HUDCO,2026-08-10 09:30:00+05:30,201.7400054931641,202.39250673566548,0.09406202777866887,0.65,tp
HUDCO,2026-08-19 09:45:00+05:30,191.3999938964844,190.44856698172435,-0.39825296084636636,-0.95,sl
IDEA,2026-06-11 10:10:00+05:30,14.140000343322754,14.255714518683297,0.39100780431813337,0.12,tp
IDEA,2026-06-11 10:30:00+05:30,14.369999885559082,14.488928420203072,0.3965700859754579,0.12,tp
IDEA,2026-06-12 09:20:00+05:30,14.59000015258789,14.502142974308558,-0.46130436200337666,-0.09,sl
IDEA,2026-06-12 11:50:00+05:30,14.699999809265137,14.768570865903582,0.1798818674619017,0.07,tp
IDEA,2026-06-17 09:50:00+05:30,14.75,14.848571538925171,0.30096897189900024,0.1,tp
IDEA,2026-06-19 11:10:00+05:30,15.09000015258789,15.051428522382464,-0.25336632133358217,-0.04,sl
IDEA,2026-06-23 09:30:00+05:30,14.920000076293944,14.869285855974468,-0.3039445846922792,-0.05,sl
IDEA,2026-06-24 11:25:00+05:30,14.420000076293944,14.496071611131939,0.21652510860823518,0.08,tp
IDEA,2026-07-01 11:25:00+05:30,14.609999656677246,14.675356456211635,0.16840575388180076,0.07,tp
IDEA,2026-07-07 11:35:00+05:30,14.0,13.962142671857562,-0.26224569203902154,-0.04,sl
IDEA,2026-07-08 09:25:00+05:30,14.050000190734863,14.141071353639873,0.28891599289115666,0.09,tp
IDEA,2026-07-10 10:40:00+05:30,14.220000267028809,14.275714295251028,0.13508028344303433,0.06,tp
IDEA,2026-07-14 09:20:00+05:30,14.109999656677246,14.062856810433525,-0.30046568699133325,-0.05,sl
IDEA,2026-07-15 09:15:00+05:30,14.0,13.948571273258754,-0.32040882889105565,-0.05,sl
IDEA,2026-07-17 10:40:00+05:30,13.989999771118164,13.937856878553118,-0.3236292784194015,-0.05,sl
IDEA,2026-07-21 09:50:00+05:30,13.630000114440918,13.5764285496303,-0.3358249348238471,-0.05,sl
IDEA,2026-07-29 09:20:00+05:30,13.140000343322754,13.091429029192243,-0.32178681671888815,-0.05,sl
IDEA,2026-08-10 11:10:00+05:30,12.949999809265137,12.915713855198453,-0.25885384357529007,-0.03,sl
IDEA,2026-08-12 09:20:00+05:30,13.18000030517578,13.29357177870614,0.41701731821247684,0.11,tp
IDEA,2026-08-12 09:50:00+05:30,13.550000190734863,13.451428822108678,-0.5364783789165664,-0.1,sl
IDEA,2026-08-14 09:35:00+05:30,13.670000076293944,13.735357284545897,0.18686411654946544,0.07,tp
IDEA,2026-08-14 10:05:00+05:30,13.899999618530272,14.01249963896615,0.3856116123308483,0.11,tp
IDEA,2026-08-14 10:20:00+05:30,14.140000343322754,14.040000234331403,-0.5243285992785982,-0.1,sl
HINDPETRO,2026-06-09 11:10:00+05:30,379.8500061035156,379.067862374442,-0.22354514411046314,-0.78,sl
HINDPETRO,2026-06-12 09:20:00+05:30,380.1499938964844,378.02141898018976,-0.4359581665874064,-2.13,sl
HINDPETRO,2026-06-23 09:40:00+05:30,399.2999877929688,397.999993460519,-0.2953410025833228,-1.3,sl
HINDPETRO,2026-06-24 09:20:00+05:30,399.4500122070313,401.06786673409607,0.14301231357473262,1.62,tp
HINDPETRO,2026-06-30 11:45:00+05:30,392.9500122070313,394.0321589878628,0.06523426602078647,1.08,tp
HINDPETRO,2026-07-01 11:00:00+05:30,394.8500061035156,394.11786324637274,-0.21125381980380892,-0.73,sl
HINDPETRO,2026-07-02 09:20:00+05:30,399.75,401.34106881277904,0.1388095779030457,1.59,tp
HINDPETRO,2026-07-02 09:40:00+05:30,403.1499938964844,401.7428501674107,-0.3094223614600814,-1.41,sl
HINDPETRO,2026-07-06 09:30:00+05:30,400.6499938964844,401.8553510393415,0.08051024503475282,1.21,tp
HINDPETRO,2026-07-06 10:30:00+05:30,402.6000061035156,401.5821489606585,-0.25169256742565493,-1.02,sl
HINDPETRO,2026-07-07 09:20:00+05:30,405.25,404.34285845075334,-0.23430843418827782,-0.91,sl
HINDPETRO,2026-07-07 10:05:00+05:30,406.2999877929688,404.74998256138394,-0.32889568468921604,-1.55,sl
HINDPETRO,2026-07-16 09:30:00+05:30,399.2000122070313,400.7589427403042,0.13430818921884988,1.56,tp
HINDPETRO,2026-07-16 09:40:00+05:30,404.7000122070313,403.20358058384494,-0.321857906308267,-1.5,sl
HINDPETRO,2026-07-17 09:25:00+05:30,400.75,402.49642072405135,0.16147284701954048,1.75,tp
HINDPETRO,2026-07-21 10:20:00+05:30,409.0499877929688,407.7535574776786,-0.2901621347970341,-1.3,sl
HINDPETRO,2026-07-24 11:40:00+05:30,378.0,376.88571384974887,-0.2768708175001798,-1.11,sl
HINDPETRO,2026-07-27 10:15:00+05:30,391.7000122070313,394.48037065778465,0.32589099271466865,2.78,tp
HINDPETRO,2026-08-06 11:50:00+05:30,396.6000061035156,397.62857818603516,0.05560848210139453,1.03,tp
HINDPETRO,2026-08-07 11:45:00+05:30,394.7999877929688,394.4607020786831,-0.15156318005718514,-0.34,sl
HINDPETRO,2026-08-10 11:15:00+05:30,394.5499877929688,395.3857007707869,0.027088531796882424,0.84,tp
HINDPETRO,2026-08-18 10:15:00+05:30,373.25,372.29999869210377,-0.25271286932022446,-0.95,sl
HINDPETRO,2026-08-19 11:05:00+05:30,367.0,367.86786106654574,0.04188464303200151,0.87,tp
HINDZINC,2026-06-02 09:35:00+05:30,630.9000244140625,628.6071646554129,-0.31805607892746784,-2.29,sl
HINDZINC,2026-06-09 11:15:00+05:30,562.3499755859375,561.2071271623884,-0.22193635349855098,-1.14,sl
HINDZINC,2026-06-09 11:40:00+05:30,566.8499755859375,569.0838950020926,0.13645615373055014,2.23,tp
HINDZINC,2026-06-09 11:50:00+05:30,570.6500244140625,568.8607395717075,-0.288131229209235,-1.79,sl
HINDZINC,2026-06-10 11:25:00+05:30,549.0499877929688,550.914289202009,0.10373023773673265,1.86,tp
HINDZINC,2026-06-17 09:55:00+05:30,566.7999877929688,565.1928449358259,-0.27012804076452307,-1.61,sl
HINDZINC,2026-06-17 10:20:00+05:30,568.0,570.8017948695591,0.1959642467844123,2.8,tp
HINDZINC,2026-06-24 11:45:00+05:30,546.5999755859375,545.4856872558594,-0.2223148605760888,-1.11,sl
HINDZINC,2026-06-30 11:55:00+05:30,521.5499877929688,522.8142721993582,0.04544543410761482,1.26,tp
HINDZINC,2026-07-02 09:25:00+05:30,531.9000244140625,529.9071698869977,-0.3248002747426169,-1.99,sl
HINDZINC,2026-07-06 09:40:00+05:30,543.6500244140625,542.0178789411273,-0.28013193043017,-1.63,sl
HINDZINC,2026-07-08 09:55:00+05:30,536.4000244140625,539.5553697858538,0.2529468935320882,3.16,tp
HINDZINC,2026-07-08 10:25:00+05:30,541.75,540.2999877929688,-0.26059203031264416,-1.45,time
HINDZINC,2026-07-09 11:35:00+05:30,526.6500244140625,528.3214503696987,0.09042163237293636,1.67,tp
HINDZINC,2026-07-10 09:55:00+05:30,542.0499877929688,539.8214198521206,-0.3466821869977808,-2.23,sl
HINDZINC,2026-07-14 09:30:00+05:30,535.5,534.182146344866,-0.24765867284413948,-1.32,sl
HINDZINC,2026-07-15 09:15:00+05:30,535.9000244140625,534.6000191824777,-0.2455501219287526,-1.3,sl
HINDZINC,2026-07-20 11:15:00+05:30,527.1500244140625,528.6018153599331,0.06524225119605505,1.45,tp
HINDZINC,2026-07-21 11:35:00+05:30,531.6500244140625,533.2357504708426,0.0789590125791226,1.59,tp
HINDZINC,2026-07-23 09:20:00+05:30,538.0,539.9339207240513,0.11567889115813648,1.93,tp
HINDZINC,2026-07-29 09:50:00+05:30,532.6500244140625,531.2357439313616,-0.25931066379917606,-1.41,sl
HINDZINC,2026-07-31 09:15:00+05:30,538.25,536.9642813546317,-0.24332209702201427,-1.29,sl
HINDZINC,2026-07-31 09:40:00+05:30,539.9500122070312,542.4035993303571,0.1726460303201278,2.45,tp
HINDZINC,2026-08-04 09:25:00+05:30,558.0499877929688,556.3499843052456,-0.28277969983798484,-1.7,sl
HINDZINC,2026-08-04 09:35:00+05:30,559.7999877929688,562.7035631452288,0.2112085118516196,2.9,tp
HINDZINC,2026-08-05 10:45:00+05:30,574.4500122070312,573.0892987932477,-0.24212342778676255,-1.36,sl
HINDZINC,2026-08-07 10:30:00+05:30,595.6500244140625,596.7000122070312,0.005765575415021622,1.05,time
HINDZINC,2026-08-07 11:55:00+05:30,597.9500122070312,599.7125135149274,0.07685437965532806,1.76,tp
HINDZINC,2026-08-11 10:25:00+05:30,606.6500244140625,604.9071611676898,-0.27237581896310903,-1.74,sl
HINDZINC,2026-08-13 09:20:00+05:30,587.8499755859375,586.3285348074777,-0.25528867993334325,-1.52,sl
HINDZINC,2026-08-13 10:10:00+05:30,594.5499877929688,592.0928301130023,-0.34796815040777745,-2.46,sl
HINDZINC,2026-08-17 11:30:00+05:30,575.25,573.710715157645,-0.26055122214914833,-1.54,sl
IEX,2026-06-04 09:20:00+05:30,125.05999755859376,124.64785439627514,-0.29773380954634776,-0.41,sl
IEX,2026-06-10 11:10:00+05:30,120.88999938964844,120.64571380615234,-0.22124356922629518,-0.24,sl
IEX,2026-06-16 09:25:00+05:30,124.20999908447266,123.88428497314453,-0.257337145348474,-0.33,sl
IEX,2026-06-17 09:25:00+05:30,124.29000091552734,124.03285762241909,-0.22413386010819428,-0.26,sl
IEX,2026-06-17 10:45:00+05:30,125.0500030517578,125.46892956324984,0.10100431888129756,0.42,tp
IEX,2026-06-18 10:20:00+05:30,125.0999984741211,124.79142652239118,-0.24799614172357473,-0.31,sl
IEX,2026-06-22 09:20:00+05:30,124.70999908447266,124.35214233398438,-0.27217067746711443,-0.36,sl
IEX,2026-06-22 10:30:00+05:30,125.05999755859376,125.44999912806921,0.08711094374972404,0.39,tp
IEX,2026-06-22 10:40:00+05:30,126.51000213623048,127.03714561462404,0.15000875954103982,0.53,tp
IEX,2026-06-22 11:35:00+05:30,127.18000030517578,127.3000030517578,-0.043386029425665905,0.12,time
IEX,2026-06-23 10:05:00+05:30,128.14999389648438,127.55713599068778,-0.3775768711821325,-0.59,sl
IEX,2026-06-25 10:30:00+05:30,126.87000274658205,126.51214490618027,-0.26923993031666515,-0.36,sl
IEX,2026-06-25 11:25:00+05:30,127.0,126.5542847769601,-0.3105741211212114,-0.45,sl
IEX,2026-06-30 11:20:00+05:30,124.81999969482422,124.56214305332729,-0.22394967575422342,-0.26,sl
IEX,2026-06-30 11:35:00+05:30,125.29000091552734,125.01000213623047,-0.23408832815907868,-0.28,sl
IEX,2026-07-06 11:45:00+05:30,124.0500030517578,123.86500440325054,-0.1894793924817912,-0.18,sl
IEX,2026-07-15 09:15:00+05:30,119.45999908447266,119.17785481044224,-0.24170983234190627,-0.28,sl
IEX,2026-07-15 09:25:00+05:30,119.79000091552734,119.43571363176618,-0.2774541853510798,-0.35,sl
IEX,2026-07-16 09:25:00+05:30,121.95999908447266,121.45785576956612,-0.3470367261443167,-0.5,sl
IEX,2026-07-20 10:55:00+05:30,123.1999969482422,123.82142421177457,0.20264315532090663,0.62,tp
IEX,2026-07-23 09:20:00+05:30,124.2300033569336,123.8635733468192,-0.27697657580910684,-0.37,sl
IEX,2026-07-24 11:50:00+05:30,124.38999938964844,125.13785689217704,0.2607319750131806,0.75,tp
IEX,2026-07-27 09:45:00+05:30,127.19000244140624,126.52071653093608,-0.4157257163094138,-0.67,sl
IEX,2026-07-27 11:25:00+05:30,127.66000366210938,127.30428859165737,-0.2671855210314018,-0.36,sl
IEX,2026-07-28 09:20:00+05:30,130.2100067138672,129.5892927987235,-0.38602129627764326,-0.62,sl
IEX,2026-07-31 09:20:00+05:30,133.10000610351562,132.65929085867745,-0.2986695227476175,-0.44,sl
IEX,2026-08-03 10:25:00+05:30,133.4600067138672,133.1214338030134,-0.2522131996799694,-0.34,sl
IEX,2026-08-04 11:35:00+05:30,129.36000061035156,129.05785914829798,-0.24013982403896456,-0.3,sl
IEX,2026-08-05 09:25:00+05:30,130.5800018310547,130.5399932861328,-0.11838346348331577,-0.04,time
IEX,2026-08-11 11:55:00+05:30,126.18000030517578,126.01428604125977,-0.17879898407761446,-0.17,sl
IEX,2026-08-17 11:45:00+05:30,124.5500030517578,124.39928872244697,-0.1726042516024023,-0.15,sl
INDIAMART,2026-06-04 11:40:00+05:30,1998.800048828125,1994.2857666015625,-0.23550976935014112,-4.51,sl
INDIAMART,2026-06-05 10:00:00+05:30,2007.5999755859373,2001.6285487583702,-0.2784646413683347,-5.97,sl
INDIAMART,2026-06-12 11:30:00+05:30,2013.5,2010.0785696847097,-0.20195471513157118,-3.42,sl
INDIAMART,2026-06-16 09:20:00+05:30,2083.39990234375,2092.8177751813614,0.1712260712026523,9.42,tp
INDIAMART,2026-06-16 09:55:00+05:30,2105.199951171875,2101.699951171875,-0.19975299490345416,-3.5,time
INDIAMART,2026-06-30 11:25:00+05:30,1926.5,1922.7999877929688,-0.2152352620928497,-3.7,sl
INDIAMART,2026-07-07 10:35:00+05:30,1932.0,1941.4392700195312,0.1931450316624612,9.44,tp
INDIAMART,2026-07-13 10:50:00+05:30,1949.9000244140625,1944.5714285714284,-0.2639652015769972,-5.33,sl
INDIAMART,2026-07-15 11:05:00+05:30,1940.9000244140625,1935.3071725027903,-0.27289459037316305,-5.59,sl
INDIAMART,2026-07-16 09:30:00+05:30,1978.0,1967.8214111328125,-0.40875395957090493,-10.18,sl
INDIAMART,2026-07-20 09:25:00+05:30,1930.0,1940.9499816894531,0.2404139385322215,10.95,tp
INDIAMART,2026-07-31 09:50:00+05:30,1768.199951171875,1777.6392342703682,0.2203014373652929,9.44,tp
INDIAMART,2026-08-07 11:00:00+05:30,1760.0999755859375,1766.0892769949776,0.10416913216692394,5.99,tp
INDIAMART,2026-08-10 09:20:00+05:30,1790.0,1784.4214041573662,-0.28699203941789375,-5.58,sl
INDIAMART,2026-08-10 11:10:00+05:30,1796.9000244140625,1803.30717250279,0.11394005236825036,6.41,tp
INDIAMART,2026-08-12 11:35:00+05:30,1777.300048828125,1781.339342389788,0.036362801463704894,4.04,tp
INDIAMART,2026-08-12 11:45:00+05:30,1784.0,1788.875013078962,0.06395783897854113,4.88,tp
INDIAMART,2026-08-13 09:30:00+05:30,1802.699951171875,1798.6356549944196,-0.23527363246934113,-4.06,sl
INDIAMART,2026-08-13 09:50:00+05:30,1809.699951171875,1804.5499441964287,-0.2707467684500328,-5.15,sl
INDIAMART,2026-08-14 10:20:00+05:30,1811.0,1806.4500209263392,-0.25074475119803796,-4.55,sl
INDIAMART,2026-08-20 10:30:00+05:30,1761.5999755859375,1758.6356898716517,-0.20096341128637252,-2.96,sl
INDIANB,2026-06-05 09:55:00+05:30,847.0,844.4928588867188,-0.2776014956279516,-2.51,sl
INDIANB,2026-06-05 11:00:00+05:30,849.9000244140625,855.755390712193,0.3133685937119969,5.86,tp
INDIANB,2026-06-05 11:45:00+05:30,857.4000244140625,853.4321681431362,-0.3776666310667214,-3.97,sl
INDIANB,2026-06-09 10:50:00+05:30,858.9000244140625,862.698240007673,0.16533115512727795,3.8,tp
INDIANB,2026-06-17 09:40:00+05:30,859.5,857.6357029506138,-0.2301429004807127,-1.86,sl
INDIANB,2026-06-17 10:20:00+05:30,864.4500122070312,861.7000078473773,-0.29087310920150977,-2.75,sl
INDIANB,2026-06-17 11:05:00+05:30,866.2000122070312,869.794660295759,0.14899432265548393,3.59,tp
INDIANB,2026-06-24 11:45:00+05:30,853.0,851.0357055664062,-0.2381684244028429,-1.96,sl
INDIANB,2026-07-15 09:15:00+05:30,843.6500244140625,847.3303920200893,0.161746043941594,3.68,tp
INDIANB,2026-07-15 09:35:00+05:30,848.7000122070312,845.7250104631696,-0.31032178869364174,-2.98,sl
INDIANB,2026-07-16 11:00:00+05:30,836.0,834.3357064383371,-0.21944690633944475,-1.66,sl
INDIANB,2026-07-20 11:00:00+05:30,852.2000122070312,849.4392874581473,-0.29437160591449946,-2.76,sl
INDIANB,2026-07-23 09:15:00+05:30,830.0,828.0392804827009,-0.24173876028668476,-1.96,sl
INDIANB,2026-07-28 10:35:00+05:30,838.7999877929688,836.5499834333148,-0.2609445202001596,-2.25,sl
INDIANB,2026-07-30 11:40:00+05:30,830.2999877929688,828.8678370884487,-0.20349156152538495,-1.43,sl
INDIANB,2026-08-03 09:40:00+05:30,849.1500244140625,852.5303802490234,0.13885219839404553,3.38,tp
INDIANB,2026-08-05 09:20:00+05:30,856.4000244140625,859.3946816580636,0.1098078345607267,2.99,tp
INDIANB,2026-08-06 09:20:00+05:30,858.5,856.0,-0.27472335468841,-2.5,sl
INDIANB,2026-08-12 09:20:00+05:30,884.6500244140625,887.5429011753628,0.09620482777127609,2.89,tp
INDIANB,2026-08-12 09:35:00+05:30,894.0,896.2000122070312,0.04765182597525168,2.2,time
INDIANB,2026-08-13 09:45:00+05:30,899.0,895.4964207240513,-0.33383176480191606,-3.5,sl
INDIANB,2026-08-14 10:05:00+05:30,900.0,897.0071411132812,-0.29952392578125,-2.99,sl
INDIANB,2026-08-18 11:10:00+05:30,881.0499877929688,879.7142813546317,-0.1909623601505074,-1.34,sl
INDIANB,2026-08-20 09:15:00+05:30,877.9000244140625,880.8625401088169,0.10247287474892301,2.96,tp
INDIANB,2026-08-20 11:50:00+05:30,883.0499877929688,882.1071297781808,-0.16406373554080045,-0.94,sl
INDIGO,2026-06-09 11:40:00+05:30,4475.7998046875,4491.185529436384,0.10625218401552196,15.39,tp
INDIGO,2026-06-09 11:50:00+05:30,4501.7998046875,4519.55339704241,0.13661992703128725,17.75,tp
INDIGO,2026-06-12 09:30:00+05:30,4661.2998046875,4638.049909319197,-0.3992714008001313,-23.25,sl
INDIGO,2026-06-18 11:35:00+05:30,4919.7001953125,4912.77165876116,-0.18449949724100503,-6.93,sl
INDIGO,2026-06-22 11:05:00+05:30,5012.0,5002.99285016741,-0.2078270131594933,-9.01,sl
INDIGO,2026-06-22 11:25:00+05:30,5032.89990234375,5022.28564453125,-0.2265384730686627,-10.61,sl
INDIGO,2026-06-22 11:45:00+05:30,5039.0,5036.0,-0.13572137328835085,-3.0,time
INDIGO,2026-06-24 10:15:00+05:30,5055.0,5079.449968610491,0.19020734255775595,24.45,tp
INDIGO,2026-06-24 11:45:00+05:30,5096.0,5083.857212611607,-0.2429684543374386,-12.14,sl
INDIGO,2026-06-25 09:20:00+05:30,5347.5,5386.735682896206,0.34023206615658474,39.24,tp
INDIGO,2026-06-25 10:05:00+05:30,5405.2998046875,5444.7001953125,0.337352880121452,39.4,time
INDIGO,2026-06-30 11:15:00+05:30,5357.7998046875,5349.921247209822,-0.18822902420637905,-7.88,sl
INDIGO,2026-07-10 10:05:00+05:30,5341.5,5347.5,-0.032603201347935984,6.0,time
INDIGO,2026-07-16 11:20:00+05:30,5209.5,5223.535714285715,0.061655217802645275,14.04,tp
INDIGO,2026-07-16 11:35:00+05:30,5235.5,5253.5,0.1062840225384395,18.0,tp
INDIGO,2026-07-21 09:25:00+05:30,5293.0,5279.892857142857,-0.2485789857223856,-13.11,sl
INDIGO,2026-07-27 11:25:00+05:30,5214.0,5215.5,-0.08273878020713464,1.5,time
INDIGO,2026-08-04 09:20:00+05:30,5412.5,5404.642857142857,-0.18709996700759113,-7.86,sl
INDIGO,2026-08-13 11:40:00+05:30,5315.0,5323.946428571428,0.0009944899879033714,8.95,tp
INDIGO,2026-08-17 11:00:00+05:30,5323.0,5313.928571428572,-0.2022516840664487,-9.07,sl
INDIGO,2026-08-19 11:50:00+05:30,5199.0,5212.767857142857,0.05889044596488035,13.77,tp
IDFCFIRSTB,2026-06-05 11:05:00+05:30,72.69000244140625,72.4300035749163,-0.3146090447853792,-0.26,sl
IDFCFIRSTB,2026-06-09 09:20:00+05:30,73.4000015258789,73.9421465737479,0.34317032964462785,0.54,tp
IDFCFIRSTB,2026-06-09 09:40:00+05:30,74.0999984741211,74.0999984741211,-0.1,0.0,time
IDFCFIRSTB,2026-06-12 11:20:00+05:30,74.0,73.8621439252581,-0.21177519573667927,-0.14,sl
IDFCFIRSTB,2026-06-12 11:40:00+05:30,74.30000305175781,74.14643205915179,-0.22401425542260792,-0.15,sl
IDFCFIRSTB,2026-06-15 11:00:00+05:30,78.0999984741211,78.46856852940151,0.18315241675904223,0.37,tp
IDFCFIRSTB,2026-06-22 11:10:00+05:30,79.56999969482422,79.80678449358258,0.07854829684542518,0.24,tp
IDFCFIRSTB,2026-06-22 11:30:00+05:30,80.70999908447266,81.10642651149205,0.1947050661748721,0.4,tp
IDFCFIRSTB,2026-06-24 11:50:00+05:30,79.1500015258789,78.97214453560966,-0.23482525850193142,-0.18,sl
IDFCFIRSTB,2026-06-25 09:45:00+05:30,80.06999969482422,79.83142798287528,-0.2787723588296882,-0.24,sl
IDFCFIRSTB,2026-06-30 11:55:00+05:30,78.9800033569336,78.81286076136998,-0.22697588386385764,-0.17,sl
IDFCFIRSTB,2026-07-02 11:45:00+05:30,78.9800033569336,79.16536249433246,0.04081473501172464,0.19,tp
IDFCFIRSTB,2026-07-06 11:00:00+05:30,81.11000061035156,80.87928662981305,-0.27066747291509646,-0.23,sl
IDFCFIRSTB,2026-07-09 11:25:00+05:30,78.91000366210938,79.22500310625348,0.13951293589562577,0.31,tp
IDFCFIRSTB,2026-07-15 11:15:00+05:30,80.18000030517578,80.345000403268,0.023472260512004794,0.17,tp
IDFCFIRSTB,2026-07-24 11:45:00+05:30,79.58000183105469,79.82642909458706,0.08579587172329334,0.25,tp
IDFCFIRSTB,2026-07-27 09:15:00+05:30,88.04000091552734,87.36643055507115,-0.5590438574182709,-0.67,sl
IDFCFIRSTB,2026-07-28 09:20:00+05:30,85.38999938964844,85.76071275983539,0.16048486204712759,0.37,tp
IDFCFIRSTB,2026-07-30 11:30:00+05:30,84.76000213623047,84.54571696690151,-0.25168841240793055,-0.21,sl
IDFCFIRSTB,2026-08-03 10:10:00+05:30,86.37999725341797,86.10499736240932,-0.2910163693581961,-0.27,sl
IDFCFIRSTB,2026-08-12 10:50:00+05:30,84.72000122070312,84.5900012425014,-0.1920679719041049,-0.13,sl
IDFCFIRSTB,2026-08-13 11:30:00+05:30,86.05000305175781,86.20214734758649,0.006085501754484108,0.15,tp
IDFCFIRSTB,2026-08-13 11:45:00+05:30,86.37000274658203,86.23643057686942,-0.19279066722124896,-0.13,sl
IDFCFIRSTB,2026-08-18 11:50:00+05:30,85.1500015258789,85.29464340209961,0.001920286761293859,0.14,tp
IDFCFIRSTB,2026-08-19 11:50:00+05:30,85.52999877929688,85.38285555158343,-0.20322218857488838,-0.15,sl
IDFCFIRSTB,2026-08-20 09:15:00+05:30,85.75,85.98785563877651,0.06642960147627433,0.24,tp
IDFCFIRSTB,2026-08-20 10:00:00+05:30,86.18000030517578,86.44571658543178,0.08499624923304339,0.27,tp
INDHOTEL,2026-06-01 11:10:00+05:30,656.5499877929688,654.80712890625,-0.2592742900729438,-1.74,sl
INDHOTEL,2026-06-09 11:40:00+05:30,662.4000244140625,664.4357452392578,0.08439499548594173,2.04,tp
INDHOTEL,2026-06-10 11:05:00+05:30,676.25,674.7357134137835,-0.23435444757558466,-1.51,sl
INDHOTEL,2026-06-18 09:35:00+05:30,704.75,707.0857064383371,0.09885404228481615,2.34,tp
INDHOTEL,2026-06-19 09:55:00+05:30,720.5999755859375,718.0249720982143,-0.3144049604466917,-2.58,sl
INDHOTEL,2026-07-03 09:45:00+05:30,730.0999755859375,728.0999755859375,-0.26436105192812076,-2.0,sl
INDHOTEL,2026-07-09 11:25:00+05:30,734.2000122070312,733.3499755859375,-0.1694663530613553,-0.85,time
INDHOTEL,2026-07-10 09:20:00+05:30,737.8499755859375,740.3303484235491,0.1016973303258787,2.48,tp
INDHOTEL,2026-07-14 11:30:00+05:30,736.0,734.4571358816964,-0.2257769661660507,-1.54,sl
INDHOTEL,2026-07-15 10:25:00+05:30,744.7000122070312,742.6750183105469,-0.26315245306493273,-2.02,sl
INDHOTEL,2026-07-17 10:10:00+05:30,736.75,740.7571454729352,0.22633692348301887,4.01,tp
INDHOTEL,2026-07-24 11:15:00+05:30,722.9500122070312,721.0821489606585,-0.2550201160384933,-1.87,sl
INDHOTEL,2026-07-28 09:20:00+05:30,737.7999877929688,736.23927961077,-0.22692124218115228,-1.56,sl
INDHOTEL,2026-07-28 11:10:00+05:30,741.4000244140625,739.9928763253348,-0.21387764033375484,-1.41,sl
INDHOTEL,2026-07-31 09:20:00+05:30,756.3499755859375,754.5071193150112,-0.24619075801505613,-1.84,sl
INDHOTEL,2026-08-03 11:55:00+05:30,746.3499755859375,748.1928405761719,0.048150201689570266,1.84,tp
INDUSINDBK,2026-06-02 11:20:00+05:30,909.2999877929688,906.8714076450893,-0.26024943454188365,-2.43,sl
INDUSINDBK,2026-06-11 11:05:00+05:30,893.8499755859375,891.2606855119977,-0.273807024310255,-2.59,sl
INDUSINDBK,2026-06-15 10:45:00+05:30,944.5499877929688,942.0357099260602,-0.2597127457139689,-2.51,sl
INDUSINDBK,2026-06-15 11:00:00+05:30,952.0,948.8142961774553,-0.3007796526813902,-3.19,sl
INDUSINDBK,2026-06-17 11:35:00+05:30,932.1500244140624,930.4500296456472,-0.20942410924574872,-1.7,sl
INDUSINDBK,2026-06-19 11:55:00+05:30,942.7999877929688,940.8749912806919,-0.22250720431911258,-1.92,sl
INDUSINDBK,2026-06-24 10:50:00+05:30,913.5999755859376,917.5213950020928,0.1575363082933684,3.92,tp
INDUSINDBK,2026-06-24 11:45:00+05:30,920.5,923.8910675048828,0.12103644790110671,3.39,tp
INDUSINDBK,2026-06-29 11:30:00+05:30,916.0,914.2285723005023,-0.21603238206317046,-1.77,sl
INDUSINDBK,2026-07-01 09:45:00+05:30,941.3499755859376,936.971409388951,-0.37908214652650696,-4.38,sl
INDUSINDBK,2026-07-03 09:40:00+05:30,954.3499755859376,958.4535391671319,0.15799111559728485,4.1,tp
INDUSINDBK,2026-07-03 11:45:00+05:30,960.8499755859376,957.471400669643,-0.31097413761608195,-3.38,sl
INDUSINDBK,2026-07-07 10:15:00+05:30,1020.4000244140624,1016.6428789411272,-0.3209219158981896,-3.76,sl
INDUSINDBK,2026-07-09 10:25:00+05:30,1015.9500122070312,1020.2196655273438,0.15215728740652404,4.27,tp
INDUSINDBK,2026-07-15 09:35:00+05:30,1013.5499877929688,1018.3660670689173,0.18510163291121334,4.82,tp
INDUSINDBK,2026-07-15 10:55:00+05:30,1022.0,1020.1178676060267,-0.2104970094309166,-1.88,sl
INDUSINDBK,2026-07-17 09:40:00+05:30,1023.0,1020.0928606305804,-0.2705067078838481,-2.91,sl
INDUSINDBK,2026-07-21 09:30:00+05:30,1054.0,1050.4214564732142,-0.3037121552249969,-3.58,sl
INDUSINDBK,2026-07-21 09:50:00+05:30,1064.699951171875,1059.6749965122767,-0.38317581797956324,-5.02,sl
INDUSINDBK,2026-07-21 10:15:00+05:30,1067.4000244140625,1061.2429024832588,-0.44610015682828297,-6.16,sl
INDUSINDBK,2026-07-24 11:25:00+05:30,999.75,996.7250061035156,-0.2815450200440735,-3.02,sl
INDUSINDBK,2026-07-27 09:35:00+05:30,1011.25,1007.9499947684152,-0.29579759099637903,-3.3,sl
INDUSINDBK,2026-07-28 11:50:00+05:30,1002.4500122070312,1001.0000130789621,-0.18678731769637918,-1.45,sl
INDUSINDBK,2026-08-05 09:20:00+05:30,1033.699951171875,1037.5035226004463,0.1207742057601532,3.8,tp
INDUSINDBK,2026-08-06 11:40:00+05:30,1032.5999755859375,1031.3856898716517,-0.17055698680973216,-1.21,sl
INFY,2026-06-02 09:40:00+05:30,1255.199951171875,1266.5784912109375,0.44390728879997055,11.38,tp
INFY,2026-06-15 10:55:00+05:30,1146.0999755859375,1142.949959891183,-0.2649079013274091,-3.15,sl
INFY,2026-06-16 10:20:00+05:30,1150.0,1145.2071358816963,-0.35006247573758276,-4.79,sl
INFY,2026-07-02 09:20:00+05:30,1026.5,1034.942862374442,0.39349414755628026,8.44,tp
INFY,2026-07-07 09:40:00+05:30,1069.199951171875,1075.9713614327568,0.27998936981582123,6.77,tp
INFY,2026-07-07 10:20:00+05:30,1078.300048828125,1072.635750906808,-0.41517931919633366,-5.66,sl
INFY,2026-07-07 11:40:00+05:30,1085.0,1081.8642752511162,-0.27340413357882937,-3.14,sl
INFY,2026-07-08 11:15:00+05:30,1075.9000244140625,1073.2357264927455,-0.24858060382151279,-2.66,sl
INFY,2026-07-13 10:45:00+05:30,1080.4000244140625,1085.8107256208148,0.20048321461414279,5.41,tp
INFY,2026-07-13 11:40:00+05:30,1090.5999755859375,1095.9464067731585,0.19413706071368186,5.35,tp
INFY,2026-07-16 09:15:00+05:30,1093.0999755859375,1089.9356863839287,-0.2736870884282657,-3.16,sl
INFY,2026-07-21 09:20:00+05:30,1092.0999755859375,1089.0714024135045,-0.266389885915421,-3.03,sl
INFY,2026-07-28 09:30:00+05:30,1110.4000244140625,1106.2428588867188,-0.3246306971870291,-4.16,sl
INFY,2026-08-07 09:30:00+05:30,1180.699951171875,1177.528520856585,-0.26116356973551264,-3.17,sl
INFY,2026-08-10 09:55:00+05:30,1189.0,1185.22855922154,-0.29031660782808677,-3.77,sl
INFY,2026-08-10 10:20:00+05:30,1193.199951171875,1188.6642368861608,-0.3280781665097909,-4.54,sl
INFY,2026-08-11 09:30:00+05:30,1193.300048828125,1190.8214460100446,-0.22462596413271702,-2.48,sl
INFY,2026-08-13 11:45:00+05:30,1168.300048828125,1166.7857578822545,-0.1777689403020771,-1.51,sl
INFY,2026-08-20 09:15:00+05:30,1133.0,1138.08931187221,0.16951342659540608,5.09,tp
IGL,2026-06-04 09:50:00+05:30,162.94000244140625,162.32857404436385,-0.32514854101426965,-0.61,sl
IGL,2026-06-05 09:35:00+05:30,164.39999389648438,163.80856214250838,-0.31585101311441494,-0.59,sl
IGL,2026-06-05 10:30:00+05:30,165.02999877929688,164.41785430908203,-0.3225575258108665,-0.61,sl
IGL,2026-06-15 11:15:00+05:30,168.0,168.5421425955636,0.09362235555842996,0.54,tp
IGL,2026-06-17 09:20:00+05:30,173.3300018310547,172.51714542933874,-0.3813787779826742,-0.81,sl
IGL,2026-06-17 11:50:00+05:30,172.6999969482422,173.45214026314872,0.16131210012653865,0.75,tp
IGL,2026-06-22 11:25:00+05:30,169.8000030517578,170.27679170880998,0.06847655423427826,0.48,tp
IGL,2026-06-22 11:40:00+05:30,170.6699981689453,170.22356741768974,-0.25694524733526636,-0.45,sl
IGL,2026-06-25 09:30:00+05:30,170.08999633789062,169.32071031842912,-0.3713690526278639,-0.77,sl
IGL,2026-07-02 11:55:00+05:30,156.41000366210938,156.15357426234655,-0.19836815820941373,-0.26,sl
IGL,2026-07-07 11:45:00+05:30,152.0,151.84785788399833,-0.16005609842171187,-0.15,sl
IGL,2026-07-16 09:15:00+05:30,153.97000122070312,154.4457141331264,0.08537880443659954,0.48,tp
IGL,2026-07-16 09:30:00+05:30,156.58999633789062,157.50071225847518,0.2489555943098958,0.91,tp
IGL,2026-07-27 09:25:00+05:30,151.30999755859375,150.89285278320312,-0.26541330333275115,-0.42,sl
IGL,2026-07-27 09:40:00+05:30,151.6999969482422,151.60000610351562,-0.1395481265938369,-0.1,time
IGL,2026-07-28 09:35:00+05:30,152.00999450683594,151.5699953351702,-0.27367246400865264,-0.44,sl
IGL,2026-07-29 09:45:00+05:30,152.25999450683594,151.74356624058314,-0.3035051694013886,-0.52,sl
IGL,2026-08-03 09:45:00+05:30,154.25,154.94642530168807,0.1708947688900095,0.7,tp
IGL,2026-08-06 11:50:00+05:30,155.10000610351562,154.84714835030692,-0.19781730880394974,-0.25,sl
IGL,2026-08-12 09:45:00+05:30,154.4600067138672,153.90857805524553,-0.31420249954145063,-0.55,sl
IGL,2026-08-12 11:55:00+05:30,154.5,154.8300018310547,0.028156050895024255,0.33,time
IGL,2026-08-14 09:55:00+05:30,153.0,152.48571232387,-0.30168144161961186,-0.51,sl
IGL,2026-08-19 09:15:00+05:30,156.5,155.7278594970703,-0.396028307832468,-0.77,sl
IRCTC,2026-06-02 10:20:00+05:30,518.5,516.9285736083984,-0.2818429768487825,-1.57,sl
IRCTC,2026-06-04 09:35:00+05:30,523.3499755859375,526.0767593383789,0.21261494750871357,2.73,tp
IRCTC,2026-06-04 11:45:00+05:30,527.2000122070312,528.635748726981,0.0633994484111561,1.44,tp
IRCTC,2026-06-09 11:45:00+05:30,517.7999877929688,516.999995640346,-0.19269897699680075,-0.8,sl
IRCTC,2026-06-11 09:35:00+05:30,517.3499755859375,520.2053320748465,0.23115182646042878,2.86,tp
IRCTC,2026-07-03 09:20:00+05:30,513.5999755859375,512.2928336007254,-0.2527035102041223,-1.31,sl
IRCTC,2026-07-08 11:55:00+05:30,502.7999877929688,502.0535605294365,-0.18907246797782404,-0.75,sl
IRCTC,2026-07-29 10:35:00+05:30,493.0,493.3500061035156,-0.05740290829424442,0.35,time
IRCTC,2026-08-03 11:05:00+05:30,505.7000122070313,504.68929617745545,-0.2199188457795106,-1.01,sl
IRCTC,2026-08-06 09:40:00+05:30,512.8499755859375,514.4089126586914,0.08238515904844894,1.56,tp
IRCTC,2026-08-06 11:20:00+05:30,514.75,513.9678475516183,-0.19116881379873885,-0.78,sl
IRCTC,2026-08-07 11:40:00+05:30,521.0,520.0464215959821,-0.20981709067384524,-0.95,sl
IRCTC,2026-08-10 09:35:00+05:30,522.0999755859375,520.5499659946987,-0.27812790619259387,-1.55,sl
IRCTC,2026-08-10 11:00:00+05:30,525.0,523.7499912806919,-0.24285813934949535,-1.25,sl
IRCTC,2026-08-10 11:15:00+05:30,525.7999877929688,524.5071236746652,-0.24753109337985918,-1.29,sl
IRCTC,2026-08-17 09:25:00+05:30,499.6000061035156,498.5321480887277,-0.22824555665437762,-1.07,sl
IRCTC,2026-08-20 09:15:00+05:30,491.5499877929688,490.5428423200335,-0.22293506230656024,-1.01,sl
ITC,2026-06-08 11:15:00+05:30,282.1000061035156,282.7107249668666,0.029894119135941144,0.61,tp
ITC,2026-06-09 11:15:00+05:30,279.79998779296875,279.2678462437221,-0.21411184541732112,-0.53,sl
ITC,2026-06-10 10:05:00+05:30,283.1000061035156,284.4500198364258,0.18612088388649273,1.35,tp
ITC,2026-06-12 11:10:00+05:30,283.95001220703125,283.7785884312221,-0.136222666336955,-0.17,sl
ITC,2026-06-12 11:30:00+05:30,284.54998779296875,284.946407863072,-0.016411157172492453,0.4,tp
ITC,2026-06-16 10:20:00+05:30,290.29998779296875,289.82141767229353,-0.19891218893536713,-0.48,sl
ITC,2026-06-25 11:15:00+05:30,291.8500061035156,291.4892839704241,-0.17415908011944983,-0.36,sl
ITC,2026-06-30 11:20:00+05:30,289.5,288.8071485246931,-0.24359616068536694,-0.69,sl
ITC,2026-07-01 11:20:00+05:30,290.20001220703125,289.80001177106584,-0.18270167177251104,-0.4,sl
ITC,2026-07-16 09:15:00+05:30,277.5,277.07857622419084,-0.19111865422900756,-0.42,sl
ITC,2026-07-16 09:45:00+05:30,278.0,277.4500034877232,-0.21870428322520383,-0.55,sl
ITC,2026-07-16 11:35:00+05:30,278.3999938964844,278.1035614013672,-0.1638863150034568,-0.3,sl
ITC,2026-07-20 10:55:00+05:30,283.70001220703125,283.2178693498884,-0.20196887622077092,-0.48,sl
ITC,2026-07-21 09:40:00+05:30,283.6000061035156,283.16429356166293,-0.19218177696942446,-0.44,sl
ITC,2026-07-22 11:30:00+05:30,279.8999938964844,280.4303523472377,0.01368884508432314,0.53,tp
ITC,2026-07-23 10:40:00+05:30,282.1499938964844,282.80892181396484,0.04012289882711474,0.66,tp
ITC,2026-07-23 11:35:00+05:30,283.29998779296875,282.67141505650113,-0.23312518818609387,-0.63,sl
ITC,2026-07-24 11:05:00+05:30,282.6499938964844,282.1499938964844,-0.20613833592010256,-0.5,sl
ITC,2026-07-28 09:25:00+05:30,287.29998779296875,286.7285592215402,-0.2193376809692729,-0.57,sl
ITC,2026-07-29 09:25:00+05:30,287.3500061035156,288.2339314052037,0.08456765956071817,0.88,tp
ITC,2026-08-03 09:25:00+05:30,290.45001220703125,291.5,0.11690227209637523,1.05,time
ITC,2026-08-04 11:15:00+05:30,288.1499938964844,287.64642551967074,-0.20485546850183908,-0.5,sl
ITC,2026-08-06 11:55:00+05:30,285.5,285.18214198521207,-0.1668002833179538,-0.32,sl
ITC,2026-08-07 11:30:00+05:30,285.54998779296875,285.2964128766741,-0.15328137148691087,-0.25,sl
ITC,2026-08-13 11:40:00+05:30,278.0,277.6714303152902,-0.17091432044096516,-0.33,sl
INDUSTOWER,2026-06-05 09:25:00+05:30,435.9500122070313,434.6571546282088,-0.27793658116131165,-1.29,sl
INDUSTOWER,2026-06-11 11:25:00+05:30,417.3999938964844,416.43570818219865,-0.23861318568081236,-0.96,sl
INDUSTOWER,2026-06-17 09:55:00+05:30,413.9500122070313,412.4678693498885,-0.3148292518568488,-1.48,sl
INDUSTOWER,2026-06-24 11:50:00+05:30,401.7999877929688,401.03570120675226,-0.21412940907459876,-0.76,sl
INDUSTOWER,2026-07-01 11:25:00+05:30,395.3500061035156,394.2642909458705,-0.2647727544024605,-1.09,sl
INDUSTOWER,2026-07-01 11:45:00+05:30,396.2999877929688,395.0535627092635,-0.2887093296136781,-1.25,sl
INDUSTOWER,2026-07-06 09:20:00+05:30,393.2000122070313,391.6250174386161,-0.34033490124907434,-1.57,sl
INDUSTOWER,2026-07-07 11:40:00+05:30,380.0499877929688,378.7571345738003,-0.3041078690742356,-1.29,sl
INDUSTOWER,2026-07-07 11:50:00+05:30,382.6000061035156,381.2928662981306,-0.30498794320949846,-1.31,sl
INDUSTOWER,2026-07-08 09:35:00+05:30,390.0499877929688,388.27855573381703,-0.3724930826187366,-1.77,sl
INDUSTOWER,2026-07-13 11:05:00+05:30,408.2000122070313,407.19287327357705,-0.248036095541828,-1.01,sl
INDUSTOWER,2026-07-14 11:30:00+05:30,407.0,406.0714329310826,-0.23688949418929767,-0.93,sl
INDUSTOWER,2026-07-15 11:30:00+05:30,409.0,410.0071422031948,0.04774702247356524,1.01,tp
INDUSTOWER,2026-07-16 11:05:00+05:30,412.2000122070313,413.35179792131703,0.06765439303876983,1.15,tp
INDUSTOWER,2026-07-16 11:50:00+05:30,414.2999877929688,413.5606994628906,-0.2070656555917082,-0.74,sl
INDUSTOWER,2026-07-20 11:00:00+05:30,407.3500061035156,406.6321520124163,-0.20573522725077023,-0.72,sl
INDUSTOWER,2026-07-24 11:15:00+05:30,391.3500061035156,391.3500061035156,-0.1,0.0,time
INDUSTOWER,2026-07-30 09:25:00+05:30,393.0,391.82857404436385,-0.27884365734903094,-1.17,sl
INDUSTOWER,2026-07-30 11:30:00+05:30,393.5,392.7035718645368,-0.22143758101090755,-0.8,sl
INDUSTOWER,2026-08-03 11:55:00+05:30,396.5,397.73214939662387,0.08645388095190934,1.23,tp
INDUSTOWER,2026-08-05 09:35:00+05:30,391.6000061035156,390.61785888671875,-0.2504822065611389,-0.98,sl
INDUSTOWER,2026-08-14 11:40:00+05:30,387.3999938964844,386.24999346051897,-0.2781105504517943,-1.15,sl
JINDALSTEL,2026-06-09 11:10:00+05:30,1163.300048828125,1160.9786028180804,-0.219734165525902,-2.32,sl
JINDALSTEL,2026-06-19 10:55:00+05:30,1133.300048828125,1136.1393214634486,0.05031884830109259,2.84,tp
JINDALSTEL,2026-06-22 10:45:00+05:30,1148.699951171875,1146.4642159598213,-0.21677907062359467,-2.24,sl
JINDALSTEL,2026-06-29 11:15:00+05:30,1080.199951171875,1078.0142299107142,-0.22140648176050515,-2.19,sl
JINDALSTEL,2026-07-03 09:40:00+05:30,1071.5999755859375,1067.2857055664062,-0.3415604769217503,-4.31,sl
JINDALSTEL,2026-07-06 11:20:00+05:30,1065.199951171875,1062.8570905412946,-0.2319673716471486,-2.34,sl
JINDALSTEL,2026-07-07 11:25:00+05:30,1044.9000244140625,1043.1285923549108,-0.20171874922550997,-1.77,sl
JINDALSTEL,2026-07-09 10:40:00+05:30,1029.5,1026.057137625558,-0.30065249389657284,-3.44,sl
JINDALSTEL,2026-07-10 09:20:00+05:30,1048.300048828125,1052.7250671386719,0.153268230722312,4.43,tp
JINDALSTEL,2026-07-10 09:45:00+05:30,1059.5999755859375,1056.228550502232,-0.29090742703203964,-3.37,sl
JINDALSTEL,2026-07-14 10:25:00+05:30,1045.9000244140625,1046.0999755859375,-0.08852942916869991,0.2,time
JINDALSTEL,2026-07-21 11:50:00+05:30,1040.9000244140625,1043.1392996651787,0.02907725229673362,2.24,tp
JINDALSTEL,2026-07-22 11:05:00+05:30,1050.300048828125,1048.29292515346,-0.214660016072809,-2.01,sl
JINDALSTEL,2026-07-23 09:20:00+05:30,1052.5,1049.914271763393,-0.24740493510349323,-2.59,sl
JINDALSTEL,2026-07-27 09:40:00+05:30,1057.5999755859375,1065.0249677385602,0.3212363270059135,7.42,tp
JINDALSTEL,2026-07-27 10:20:00+05:30,1066.300048828125,1060.8286307198662,-0.4078730858695155,-5.47,sl
JINDALSTEL,2026-07-29 09:45:00+05:30,1079.300048828125,1085.8036019461495,0.26154282352266206,6.5,tp
JINDALSTEL,2026-07-29 10:00:00+05:30,1090.699951171875,1085.3071027483259,-0.39666353708487456,-5.39,sl
JINDALSTEL,2026-07-30 09:45:00+05:30,1100.4000244140625,1097.2071620396205,-0.2740928191714002,-3.19,sl
JINDALSTEL,2026-07-31 09:15:00+05:30,1106.199951171875,1103.4285191127233,-0.25032175997923783,-2.77,sl
JINDALSTEL,2026-07-31 09:40:00+05:30,1109.199951171875,1111.5999755859375,0.02982462241511259,2.4,time
JINDALSTEL,2026-08-04 09:20:00+05:30,1115.0,1119.4036211286273,0.1369661593880142,4.4,tp
JINDALSTEL,2026-08-04 11:00:00+05:30,1120.699951171875,1118.0856672014509,-0.23996345592897428,-2.61,sl
JINDALSTEL,2026-08-10 09:35:00+05:30,1114.5,1110.7285679408483,-0.3030380650956512,-3.77,sl
JINDALSTEL,2026-08-10 11:05:00+05:30,1119.699951171875,1120.5999755859375,-0.05177148593493086,0.9,time
JINDALSTEL,2026-08-17 10:55:00+05:30,1096.0999755859375,1098.8642796107702,0.051316709409921404,2.76,tp
JINDALSTEL,2026-08-17 11:35:00+05:30,1104.300048828125,1102.3714425223213,-0.20478708071326943,-1.93,sl
JINDALSTEL,2026-08-19 09:55:00+05:30,1118.300048828125,1114.7000383649554,-0.29315087039164966,-3.6,sl
JINDALSTEL,2026-08-20 10:25:00+05:30,1129.300048828125,1133.4357604980469,0.11973141721972848,4.14,tp
JINDALSTEL,2026-08-20 10:35:00+05:30,1139.0,1135.5928519112724,-0.27948102311119827,-3.41,sl
JSWSTEEL,2026-06-09 11:10:00+05:30,1271.9000244140625,1269.528608049665,-0.21186805498285355,-2.37,sl
JSWSTEEL,2026-06-10 10:55:00+05:30,1276.0,1281.7428676060267,0.17004079652163262,5.74,tp
JSWSTEEL,2026-06-10 11:25:00+05:30,1287.9000244140625,1287.0,-0.14192985776851605,-0.9,time
JSWSTEEL,2026-06-11 11:25:00+05:30,1279.5,1277.1571568080358,-0.20986369012727882,-2.34,sl
JSWSTEEL,2026-06-17 10:35:00+05:30,1285.9000244140625,1283.2785906110491,-0.22231590729805847,-2.62,sl
JSWSTEEL,2026-06-22 11:35:00+05:30,1294.9000244140625,1293.0357578822545,-0.18638195211950256,-1.86,sl
JSWSTEEL,2026-07-07 11:15:00+05:30,1245.0999755859375,1242.3428257533483,-0.23286402152365576,-2.76,sl
JSWSTEEL,2026-07-08 11:05:00+05:30,1244.800048828125,1242.4286150251116,-0.21430432406775046,-2.37,sl
JSWSTEEL,2026-07-10 09:50:00+05:30,1252.4000244140625,1258.4321463448662,0.18898699200964042,6.03,tp
JSWSTEEL,2026-07-21 10:20:00+05:30,1270.800048828125,1267.5428989955358,-0.25378421659297945,-3.26,sl
JSWSTEEL,2026-07-29 09:50:00+05:30,1265.5999755859375,1271.8142613002233,0.1946089997232532,6.21,tp
JSWSTEEL,2026-07-29 11:05:00+05:30,1272.4000244140625,1277.0822012765068,0.12078796475662248,4.68,tp
JSWSTEEL,2026-07-31 09:15:00+05:30,1278.4000244140625,1275.8357456752233,-0.2203510023405009,-2.56,sl
JSWSTEEL,2026-08-04 11:25:00+05:30,1292.0,1289.8214372907366,-0.20117164284504768,-2.18,sl
JSWSTEEL,2026-08-10 09:25:00+05:30,1304.699951171875,1301.3571079799108,-0.25372928567806086,-3.34,sl
JSWSTEEL,2026-08-19 09:55:00+05:30,1277.800048828125,1274.2928902762276,-0.2646810964726686,-3.51,sl
JSWSTEEL,2026-08-20 09:15:00+05:30,1292.4000244140625,1289.250034877232,-0.24623906579970112,-3.15,sl
JSWSTEEL,2026-08-20 10:30:00+05:30,1308.699951171875,1304.3785226004463,-0.29812464580100484,-4.32,sl
IOC,2026-06-04 10:45:00+05:30,139.6999969482422,139.35785239083427,-0.24694827410827302,-0.34,sl
IOC,2026-06-09 11:45:00+05:30,136.94000244140625,137.20357131958008,0.015482199565435397,0.26,tp
IOC,2026-06-12 09:20:00+05:30,138.2899932861328,137.75713457380022,-0.3311918742652931,-0.53,sl
IOC,2026-06-18 09:20:00+05:30,146.5500030517578,146.3300018310547,-0.19007214580217757,-0.22,time
IOC,2026-06-30 11:45:00+05:30,139.66000366210938,139.96214403424943,0.029803965724238934,0.3,tp
IOC,2026-07-01 11:25:00+05:30,139.94000244140625,139.9600067138672,-0.09142306469403697,0.02,time
IOC,2026-07-02 09:25:00+05:30,142.10000610351562,142.72571999686105,0.16420008436436212,0.63,tp
IOC,2026-07-06 09:45:00+05:30,141.82000732421875,142.2228671482631,0.07043850087669212,0.4,tp
IOC,2026-07-06 10:50:00+05:30,143.3699951171875,143.04570661272322,-0.23571396338510492,-0.32,sl
IOC,2026-07-15 09:15:00+05:30,138.11000061035156,138.44964327130998,0.04755310670802855,0.34,tp
IOC,2026-07-15 11:25:00+05:30,139.55999755859375,139.3228541782924,-0.20195330371876094,-0.24,sl
IOC,2026-07-15 11:45:00+05:30,139.92999267578125,139.60856410435267,-0.23782402126183302,-0.32,sl
IOC,2026-07-16 09:35:00+05:30,142.27999877929688,142.96249989100866,0.1878132348470742,0.68,tp
IOC,2026-07-22 10:55:00+05:30,142.8699951171875,142.600709097726,-0.2130899539433559,-0.27,sl
IOC,2026-07-24 11:20:00+05:30,137.97000122070312,138.32678713117326,0.05515803753574193,0.36,tp
IOC,2026-07-28 09:20:00+05:30,142.67999267578125,142.36785016741072,-0.23126262590151278,-0.31,sl
IOC,2026-07-30 09:35:00+05:30,140.67999267578125,140.4064211164202,-0.21667823724935767,-0.27,sl
IOC,2026-08-05 09:20:00+05:30,144.30999755859375,143.93428366524833,-0.25621117027302426,-0.38,sl
IOC,2026-08-06 11:50:00+05:30,143.80999755859375,144.15499441964286,0.043938613548148944,0.34,tp
IOC,2026-08-12 09:20:00+05:30,141.77000427246094,141.38143266950334,-0.2644515445781409,-0.39,sl
JUBLFOOD,2026-06-09 09:20:00+05:30,418.2000122070313,416.7250104631697,-0.3116214778776302,-1.48,sl
JUBLFOOD,2026-06-09 09:50:00+05:30,421.6000061035156,419.48215157645086,-0.40140244256231344,-2.12,sl
JUBLFOOD,2026-06-10 11:00:00+05:30,426.3500061035156,425.05000741141185,-0.28294809524944214,-1.3,sl
JUBLFOOD,2026-06-22 09:55:00+05:30,426.0,424.31785365513394,-0.33692202040366975,-1.68,sl
JUBLFOOD,2026-07-01 10:35:00+05:30,423.0,424.77321297781805,0.1515195713217089,1.77,tp
JUBLFOOD,2026-07-02 09:20:00+05:30,428.7999877929688,430.8142689296178,0.18184904766669852,2.01,tp
JUBLFOOD,2026-07-06 11:20:00+05:30,434.2999877929688,436.5606994628907,0.21232489985694747,2.26,tp
JUBLFOOD,2026-07-06 11:30:00+05:30,440.0499877929688,442.9749832153321,0.29881770301142374,2.92,tp
JUBLFOOD,2026-07-07 09:20:00+05:30,446.7999877929688,450.255344935826,0.3640139530789231,3.46,tp
JUBLFOOD,2026-07-15 11:55:00+05:30,429.5,428.6035679408482,-0.22522915843796662,-0.9,sl
JUBLFOOD,2026-07-16 09:15:00+05:30,430.2999877929688,429.471418108259,-0.2155337729326346,-0.83,sl
JUBLFOOD,2026-07-24 11:55:00+05:30,414.8500061035156,413.7821480887277,-0.2544449317696005,-1.07,sl
JUBLFOOD,2026-07-27 11:50:00+05:30,426.25,427.4500013078962,0.06891514011441728,1.2,tp
JUBLFOOD,2026-08-03 10:20:00+05:30,458.0,462.1089194161551,0.4382863863958669,4.11,tp
JUBLFOOD,2026-08-03 10:50:00+05:30,465.8500061035156,463.32501002720426,-0.4252114684850247,-2.52,sl
JUBLFOOD,2026-08-05 09:55:00+05:30,481.5,480.2000122070313,-0.2619922483450085,-1.3,time
JUBLFOOD,2026-08-14 09:20:00+05:30,519.5,509.6821398053851,-1.233920330465631,-9.82,sl
JUBLFOOD,2026-08-17 10:55:00+05:30,508.7999877929688,509.3500061035156,-0.03513934861524158,0.55,time
JUBLFOOD,2026-08-20 11:20:00+05:30,505.9500122070313,507.6750128609794,0.10456574115968922,1.73,tp
IRFC,2026-06-05 09:40:00+05:30,97.0,96.79214314052038,-0.2285712532863626,-0.21,sl
IRFC,2026-06-05 10:05:00+05:30,97.12999725341795,96.85428292410714,-0.2703166913048256,-0.28,sl
IRFC,2026-06-05 10:25:00+05:30,97.54000091552734,97.2271445138114,-0.2924480615825856,-0.31,sl
IRFC,2026-06-09 09:20:00+05:30,95.9000015258789,95.6342876979283,-0.26624431098402146,-0.27,sl
IRFC,2026-06-11 11:55:00+05:30,94.0199966430664,93.82713917323522,-0.22307433102556132,-0.19,sl
IRFC,2026-06-16 09:25:00+05:30,98.18000030517578,97.9235725402832,-0.25670875785018304,-0.26,sl
IRFC,2026-06-17 09:25:00+05:30,98.37000274658205,98.14571762084962,-0.23680092678876022,-0.22,sl
IRFC,2026-06-17 10:05:00+05:30,98.75,98.47428676060268,-0.2675219682414093,-0.28,sl
IRFC,2026-06-19 09:20:00+05:30,100.43000030517578,100.16642924717495,-0.25746553253007504,-0.26,sl
IRFC,2026-06-22 10:25:00+05:30,101.0500030517578,100.82214518955774,-0.23529412487994383,-0.23,sl
IRFC,2026-06-24 11:40:00+05:30,94.0500030517578,94.35643168858118,0.09548875718042196,0.31,tp
IRFC,2026-07-01 09:55:00+05:30,91.5500030517578,91.28143147059849,-0.2760163225821872,-0.27,sl
IRFC,2026-07-02 09:25:00+05:30,91.72000122070312,91.557859148298,-0.20606764298768876,-0.16,sl
IRFC,2026-07-10 10:00:00+05:30,89.5999984741211,89.44000244140625,-0.2071402023032768,-0.16,time
IRFC,2026-07-15 09:15:00+05:30,89.16999816894531,89.37999888828823,0.04130361578232079,0.21,tp
IRFC,2026-07-15 09:35:00+05:30,89.55999755859375,89.38428279331752,-0.21771869365757807,-0.18,sl
IRFC,2026-07-15 10:15:00+05:30,89.8499984741211,89.64714104788644,-0.23546405988626862,-0.2,sl
IRFC,2026-07-16 10:45:00+05:30,89.12999725341797,89.33464050292969,0.037760522260447654,0.2,tp
IRFC,2026-07-20 10:00:00+05:30,88.66000366210938,88.97286060878209,0.11172361859922794,0.31,tp
IRFC,2026-07-23 11:10:00+05:30,87.75,87.61499840872628,-0.19230878035809956,-0.14,sl
IRFC,2026-07-24 11:35:00+05:30,87.0,87.2185698917934,0.0507378564092368,0.22,tp
IRFC,2026-07-29 09:25:00+05:30,88.68000030517578,88.4085715157645,-0.28364600032287046,-0.27,sl
IRFC,2026-07-29 09:50:00+05:30,88.94999694824219,88.61499677385602,-0.325969771250984,-0.34,sl
IRFC,2026-07-31 10:50:00+05:30,89.7699966430664,89.51928274972099,-0.26757083840090656,-0.25,sl
IRFC,2026-08-03 10:20:00+05:30,90.52999877929688,90.22071293422154,-0.30498344145304473,-0.31,sl
IRFC,2026-08-13 11:50:00+05:30,88.3499984741211,88.4892828805106,-0.005409569578902599,0.14,tp
IRFC,2026-08-20 10:55:00+05:30,86.41999816894531,86.28071321759906,-0.19670327768854776,-0.14,sl
KAYNES,2026-06-02 11:05:00+05:30,3182.199951171875,3167.9071219308034,-0.3694895882166315,-14.29,sl
KAYNES,2026-06-04 11:30:00+05:30,3222.0,3234.2357090541295,0.12785305501172303,12.24,tp
KAYNES,2026-06-11 10:30:00+05:30,3093.10009765625,3080.135811941964,-0.351481399986556,-12.96,sl
KAYNES,2026-06-15 10:30:00+05:30,3165.0,3155.4786376953125,-0.2804997593305687,-9.52,sl
KAYNES,2026-06-16 09:20:00+05:30,3144.10009765625,3165.593017578125,0.3101571690652616,21.49,tp
KAYNES,2026-06-16 09:30:00+05:30,3202.10009765625,3181.278634207589,-0.49014639418488265,-20.82,sl
KAYNES,2026-06-18 10:20:00+05:30,3271.199951171875,3288.2463902064733,0.21266396348211414,17.05,tp
KAYNES,2026-06-18 10:45:00+05:30,3304.60009765625,3321.9786376953125,0.2155336111874117,17.38,tp
KAYNES,2026-06-24 09:35:00+05:30,3244.300048828125,3263.7463989257812,0.2596402885980994,19.45,tp
KAYNES,2026-06-25 10:20:00+05:30,3301.300048828125,3334.675022670201,0.5065787419823896,33.37,tp
KAYNES,2026-06-25 10:35:00+05:30,3355.0,3334.09286063058,-0.47389817054104033,-20.91,sl
KAYNES,2026-06-30 11:55:00+05:30,3170.5,3161.7214704241073,-0.266128930627207,-8.78,sl
KAYNES,2026-07-03 09:30:00+05:30,3222.800048828125,3242.36434500558,0.2642353707528793,19.56,tp
KAYNES,2026-07-03 09:45:00+05:30,3262.39990234375,3288.8427385602677,0.3863199547827497,26.44,tp
KAYNES,2026-07-06 11:05:00+05:30,3392.89990234375,3378.5141950334823,-0.3543966705353782,-14.39,sl
KAYNES,2026-07-07 11:25:00+05:30,3315.199951171875,3305.864275251116,-0.2689613186219859,-9.34,sl
KAYNES,2026-07-08 09:35:00+05:30,3335.0,3321.971435546875,-0.33439696167541233,-13.03,sl
KAYNES,2026-07-09 09:35:00+05:30,3312.89990234375,3342.857003348214,0.442553688083435,29.96,tp
KAYNES,2026-07-15 09:40:00+05:30,3339.60009765625,3331.3358154296875,-0.24847793720623768,-8.26,sl
KAYNES,2026-07-16 09:15:00+05:30,3443.0,3429.107160295759,-0.3421058327779426,-13.89,sl
KAYNES,2026-07-23 09:20:00+05:30,3278.10009765625,3293.185817173549,0.17611822216322398,15.09,tp
KAYNES,2026-07-29 09:30:00+05:30,3351.10009765625,3378.2072143554688,0.38534121767673946,27.11,tp
KAYNES,2026-07-29 11:35:00+05:30,3457.39990234375,3481.2712838309153,0.31426590203203936,23.87,tp
KAYNES,2026-07-31 09:40:00+05:30,3711.300048828125,3686.635811941964,-0.4987428107940029,-24.66,sl
KAYNES,2026-07-31 09:50:00+05:30,3740.0,3780.44637625558,0.5488723463462057,40.45,tp
KAYNES,2026-07-31 10:25:00+05:30,3829.39990234375,3796.0213448660716,-0.62298362660817,-33.38,sl
KAYNES,2026-08-03 11:50:00+05:30,3822.800048828125,3839.749991280692,0.1660344601245312,16.95,tp
KAYNES,2026-08-04 09:20:00+05:30,3828.5,3817.54288155692,-0.27171923901914846,-10.96,sl
KAYNES,2026-08-05 09:40:00+05:30,3938.800048828125,3923.364327566964,-0.3351333564000522,-15.44,sl
KAYNES,2026-08-05 11:40:00+05:30,3954.60009765625,3941.9501429966517,-0.29192769454128303,-12.65,sl
KAYNES,2026-08-11 09:30:00+05:30,3810.60009765625,3844.4036690848216,0.4322558740713222,33.8,tp
KAYNES,2026-08-17 10:05:00+05:30,3721.300048828125,3701.12149483817,-0.42534684747567597,-20.18,sl
KAYNES,2026-08-19 09:50:00+05:30,3682.300048828125,3699.5606951032364,0.18124779696762405,17.26,tp
KAYNES,2026-08-20 09:45:00+05:30,3868.89990234375,3848.9641636439733,-0.40916910547672425,-19.94,sl
JSWENERGY,2026-06-04 09:20:00+05:30,581.9000244140625,580.1178806849888,-0.28375772342008937,-1.78,sl
JSWENERGY,2026-06-08 10:30:00+05:30,585.75,582.999995640346,-0.3816905874165414,-2.75,sl
JSWENERGY,2026-06-19 09:45:00+05:30,580.9000244140625,578.3500235421317,-0.36338448250226196,-2.55,sl
JSWENERGY,2026-06-22 11:20:00+05:30,578.2999877929688,581.1446293422154,0.19513833055085422,2.84,tp
JSWENERGY,2026-06-22 11:35:00+05:30,584.2000122070312,581.778586251395,-0.3486914657692367,-2.42,sl
JSWENERGY,2026-06-25 09:25:00+05:30,582.4000244140625,580.5892987932477,-0.2865445272915112,-1.81,sl
JSWENERGY,2026-06-29 11:15:00+05:30,579.5,578.0892813546317,-0.24606232738929973,-1.41,sl
JSWENERGY,2026-07-06 11:20:00+05:30,557.3499755859375,555.3428213936942,-0.3160747408448218,-2.01,sl
JSWENERGY,2026-07-08 10:30:00+05:30,546.9000244140625,545.2500261579241,-0.28102009681635703,-1.65,sl
JSWENERGY,2026-07-14 11:10:00+05:30,563.25,561.3392813546317,-0.3035386040339089,-1.91,sl
JSWENERGY,2026-07-16 10:45:00+05:30,555.2000122070312,553.9571533203125,-0.23431471823404365,-1.24,sl
JSWENERGY,2026-07-20 09:20:00+05:30,549.6500244140625,547.9178815569196,-0.28908135506655025,-1.73,sl
JSWENERGY,2026-07-20 10:00:00+05:30,554.5499877929688,558.7821175711496,0.35789882297436554,4.23,tp
JSWENERGY,2026-07-20 11:30:00+05:30,565.75,563.2964259556362,-0.36021112268992916,-2.45,sl
JSWENERGY,2026-07-22 11:45:00+05:30,570.5,569.0785653250558,-0.24949356791700408,-1.42,sl
JSWENERGY,2026-07-31 10:25:00+05:30,552.0,553.976800101144,0.1148695762113067,1.98,tp
JSWENERGY,2026-07-31 11:30:00+05:30,556.4500122070312,555.1714477539062,-0.23786299848072975,-1.28,sl
JSWENERGY,2026-08-03 09:25:00+05:30,564.0,566.2714364188058,0.14164217221338507,2.27,tp
JSWENERGY,2026-08-03 09:35:00+05:30,566.4000244140625,564.70359148298,-0.27970687054657073,-1.7,sl
JSWENERGY,2026-08-04 11:15:00+05:30,570.1500244140625,569.0857413155692,-0.21200032127548246,-1.06,sl
JSWENERGY,2026-08-10 09:50:00+05:30,569.0,566.9071437290737,-0.320687831732122,-2.09,sl
JSWENERGY,2026-08-20 11:10:00+05:30,546.75,545.9821384974888,-0.18426463676391872,-0.77,sl
LICI,2026-06-09 11:10:00+05:30,400.3500061035156,399.62500435965404,-0.20865518663298696,-0.73,sl
LICI,2026-06-12 11:35:00+05:30,397.0,396.52142551967074,-0.17232863682558044,-0.48,sl
LICI,2026-06-15 09:20:00+05:30,409.3999938964844,408.03570556640625,-0.29994455550818816,-1.36,sl
LICI,2026-06-16 09:20:00+05:30,412.1499938964844,411.1642826625279,-0.24349793743353101,-0.99,sl
LICI,2026-06-17 10:05:00+05:30,413.4500122070313,415.13214983258933,0.14411235833497266,1.68,tp
LICI,2026-06-17 11:30:00+05:30,417.0,416.21429225376676,-0.21305147427816443,-0.79,sl
LICI,2026-06-18 09:20:00+05:30,423.1499938964844,424.6982094900949,0.11952720537993186,1.55,tp
LICI,2026-06-18 09:30:00+05:30,433.5499877929688,431.6571306501117,-0.36195694099675507,-1.89,sl
LICI,2026-06-18 09:50:00+05:30,435.8999938964844,433.3535679408482,-0.45050598641314044,-2.55,sl
LICI,2026-06-19 09:30:00+05:30,434.0,435.75178963797435,0.1421828992591274,1.75,tp
LICI,2026-06-19 09:40:00+05:30,440.2999877929688,438.69998604910717,-0.31803340289175314,-1.6,sl
LICI,2026-06-19 10:10:00+05:30,448.0,445.4392874581473,-0.44295257256955733,-2.56,sl
LICI,2026-06-23 11:05:00+05:30,447.25,445.97857230050226,-0.27056604129651,-1.27,sl
LICI,2026-06-24 11:50:00+05:30,437.1499938964844,436.33213806152344,-0.21225288981538032,-0.82,sl
LICI,2026-07-01 09:35:00+05:30,435.5499877929688,437.58570534842363,0.18043406440261,2.04,tp
LICI,2026-07-01 10:55:00+05:30,438.7000122070313,437.68215288434715,-0.2392102978383978,-1.02,sl
LICI,2026-07-07 09:20:00+05:30,432.9500122070313,432.0285775320871,-0.22769622112913512,-0.92,sl
LICI,2026-07-07 09:35:00+05:30,434.5,436.5625098092215,0.18481148113530824,2.06,tp
LICI,2026-07-07 11:30:00+05:30,436.6499938964844,435.653560093471,-0.23691979621319992,-1.0,sl
LICI,2026-07-08 09:40:00+05:30,437.8999938964844,440.14999062674383,0.208289120112388,2.25,tp
LICI,2026-07-09 11:30:00+05:30,436.0,437.3928571428571,0.09167758846657481,1.39,tp
LICI,2026-07-09 11:40:00+05:30,438.7000122070313,437.6107264927456,-0.2489791224949864,-1.09,sl
LICI,2026-07-09 11:50:00+05:30,439.1499938964844,437.99642290387834,-0.25760961065315907,-1.15,sl
LICI,2026-07-10 11:20:00+05:30,440.6499938964844,439.8999938964844,-0.20212186684058187,-0.75,sl
LICI,2026-07-15 09:15:00+05:30,444.75,442.7678527832031,-0.36740603262015176,-1.98,sl
LICI,2026-07-15 09:50:00+05:30,446.3500061035156,444.096433367048,-0.4029334879334553,-2.25,sl
LICI,2026-07-17 09:20:00+05:30,442.0,443.61250196184426,0.1188916690286325,1.61,tp
LICI,2026-07-17 09:40:00+05:30,446.0,444.55357360839844,-0.2945865100809276,-1.45,sl
LICI,2026-07-20 11:00:00+05:30,433.4500122070313,432.7750113351005,-0.19343650057738357,-0.68,sl
LICI,2026-07-23 09:15:00+05:30,426.4500122070313,425.5535823277065,-0.22612449576710383,-0.9,sl
LICI,2026-07-24 11:50:00+05:30,420.5,421.86607469831193,0.09492147895057317,1.37,tp
LICI,2026-07-27 09:25:00+05:30,426.6499938964844,425.528564453125,-0.2577071781650785,-1.12,sl
LICI,2026-08-03 09:30:00+05:30,430.7000122070313,429.5285797119141,-0.2631900341652319,-1.17,sl
LICI,2026-08-07 09:15:00+05:30,393.0,394.51607731410434,0.13146218535944068,1.52,tp
LICI,2026-08-10 10:45:00+05:30,396.0499877929688,395.48927743094316,-0.18494539264857918,-0.56,sl
LICI,2026-08-11 09:20:00+05:30,402.6000061035156,404.2714418683733,0.1490962353976598,1.67,tp
LICI,2026-08-11 10:30:00+05:30,409.2000122070313,406.53572300502236,-0.4906582291098716,-2.66,sl
LICI,2026-08-12 10:35:00+05:30,411.6000061035156,410.1750052315848,-0.3077260715451649,-1.43,sl
LICI,2026-08-18 09:30:00+05:30,413.6000061035156,412.40000697544644,-0.27408110885310455,-1.2,sl
LICI,2026-08-19 09:20:00+05:30,412.0,412.9482116699219,0.038089078143962354,0.95,tp
LICI,2026-08-19 11:50:00+05:30,414.2999877929688,413.8321271623885,-0.16775679136357527,-0.47,sl
LICI,2026-08-20 09:15:00+05:30,417.4500122070313,416.58572605678023,-0.2242236615131451,-0.86,sl
LICI,2026-08-20 10:10:00+05:30,418.8999938964844,417.5499943324498,-0.2933635116311115,-1.35,sl
LTF,2026-06-05 10:00:00+05:30,273.3500061035156,274.95178658621654,0.2515889036624352,1.6,tp
LTF,2026-06-05 10:15:00+05:30,275.6000061035156,274.2392905099051,-0.3962370602632182,-1.36,sl
LTF,2026-06-12 10:45:00+05:30,266.25,267.42857142857144,0.16559356136821288,1.18,tp
LTF,2026-06-12 11:45:00+05:30,269.0,270.36071232386996,0.20350460755463826,1.36,tp
LTF,2026-06-17 09:55:00+05:30,295.1000061035156,294.13928876604353,-0.29533391750627513,-0.96,sl
LTF,2026-06-19 09:45:00+05:30,289.0,288.1857125418527,-0.2690562196845616,-0.81,sl
LTF,2026-06-23 09:20:00+05:30,290.04998779296875,289.4106968470982,-0.23224429707478683,-0.64,sl
LTF,2026-06-24 10:50:00+05:30,290.3999938964844,291.59998866489957,0.14793280860252567,1.2,tp
LTF,2026-06-24 11:05:00+05:30,293.45001220703125,292.53572954450334,-0.28693800466763175,-0.91,sl
LTF,2026-06-25 10:00:00+05:30,304.1499938964844,306.1857114519392,0.3015882156119985,2.04,tp
LTF,2026-06-29 09:30:00+05:30,305.95001220703125,304.49644252232144,-0.38506023076597207,-1.45,sl
LTF,2026-06-30 11:55:00+05:30,306.3500061035156,305.596435546875,-0.24759011750487644,-0.75,sl
LTF,2026-07-01 11:35:00+05:30,315.29998779296875,314.5142735072545,-0.24951747214722841,-0.79,sl
LTF,2026-07-03 09:45:00+05:30,325.8500061035156,324.17857578822543,-0.4077668161391809,-1.67,sl
LTF,2026-07-03 11:50:00+05:30,325.1499938964844,326.2482016427176,0.10265251733319194,1.1,tp
LTF,2026-07-06 11:30:00+05:30,330.29998779296875,329.21427481515065,-0.2972230731958659,-1.09,sl
LTF,2026-07-06 11:50:00+05:30,332.0,333.6982116699219,0.20690572347985692,1.7,tp
LTF,2026-07-10 09:40:00+05:30,328.5,326.8035627092634,-0.40985155995188727,-1.7,sl
LTF,2026-07-13 09:20:00+05:30,327.5,329.67499869210377,0.2984730428281716,2.17,tp
LTF,2026-07-15 09:15:00+05:30,319.45001220703125,318.4964381626674,-0.27910295969796656,-0.95,sl
LTF,2026-07-23 09:15:00+05:30,306.8999938964844,308.0517698015486,0.12517613450054732,1.15,tp
LTF,2026-07-27 09:25:00+05:30,309.3999938964844,311.11428615025113,0.23244194329369755,1.71,tp
LTF,2026-07-31 09:20:00+05:30,311.95001220703125,313.4982212611607,0.1977802199479272,1.55,tp
LTF,2026-08-03 09:20:00+05:30,320.3999938964844,322.0874906267439,0.2160106296640027,1.69,tp
LTF,2026-08-10 10:35:00+05:30,313.75,314.25,-0.004382470119521921,0.5,time
LTF,2026-08-17 11:05:00+05:30,310.6499938964844,311.94642966134205,0.1503980280694314,1.3,tp
LTF,2026-08-18 10:45:00+05:30,316.1000061035156,315.1000061035156,-0.2898133465405608,-1.0,sl
LUPIN,2026-06-05 09:20:00+05:30,2302.60009765625,2295.4929547991073,-0.2851943686889482,-7.11,sl
LUPIN,2026-06-05 11:45:00+05:30,2281.0,2277.2642996651784,-0.19826480494927382,-3.74,sl
LUPIN,2026-06-09 11:45:00+05:30,2265.10009765625,2262.228672572545,-0.17606087925234626,-2.87,sl
LUPIN,2026-06-12 11:55:00+05:30,2283.0,2289.6428571428573,0.07458231650084987,6.64,tp
LUPIN,2026-06-23 09:20:00+05:30,2369.0,2363.47860281808,-0.23984121186795704,-5.52,sl
LUPIN,2026-06-29 09:30:00+05:30,2370.699951171875,2382.0249982561386,0.18662540137984399,11.33,tp
LUPIN,2026-06-29 09:50:00+05:30,2391.5,2404.903555733817,0.23627988460339605,13.4,tp
LUPIN,2026-06-30 11:10:00+05:30,2410.5,2418.375026157924,0.0960180748705392,7.88,tp
LUPIN,2026-07-03 09:35:00+05:30,2434.199951171875,2444.699925013951,0.15881129042882064,10.5,tp
LUPIN,2026-07-03 09:45:00+05:30,2452.0,2443.79288155692,-0.300826715572924,-8.21,sl
LUPIN,2026-07-03 10:55:00+05:30,2458.0,2466.9893014090403,0.11942965197006446,8.99,tp
LUPIN,2026-07-07 09:20:00+05:30,2509.60009765625,2504.378662109375,-0.22483508153553317,-5.22,sl
LUPIN,2026-07-09 11:35:00+05:30,2518.39990234375,2512.271327427455,-0.24601116154566102,-6.13,sl
LUPIN,2026-07-10 10:55:00+05:30,2512.199951171875,2520.0427769252233,0.08731373073285367,7.84,tp
LUPIN,2026-07-15 09:55:00+05:30,2504.5,2502.699951171875,-0.14312354948592532,-1.8,time
LUPIN,2026-07-16 10:30:00+05:30,2528.89990234375,2523.278494698661,-0.2333720082763112,-5.62,sl
LUPIN,2026-07-21 10:20:00+05:30,2497.89990234375,2491.49276297433,-0.25390062740483943,-6.41,sl
LUPIN,2026-07-27 09:25:00+05:30,2429.60009765625,2420.864414760045,-0.31573137664833406,-8.74,sl
LUPIN,2026-07-31 11:40:00+05:30,2424.199951171875,2419.9856480189733,-0.2043058304872376,-4.21,sl
LUPIN,2026-08-04 11:15:00+05:30,2404.199951171875,2400.392839704241,-0.1950115184665493,-3.81,sl
LUPIN,2026-08-06 09:30:00+05:30,2417.0,2426.449942452567,0.1345869040769639,9.45,tp
LUPIN,2026-08-14 11:40:00+05:30,2247.199951171875,2252.10702078683,0.031018237493184664,4.91,tp
M&M,2026-06-04 10:00:00+05:30,3045.39990234375,3062.6713518415177,0.24027943885744854,17.27,tp
M&M,2026-06-08 11:40:00+05:30,2991.5,2985.942888532366,-0.2114580270961202,-5.56,sl
M&M,2026-06-09 10:45:00+05:30,3005.0,3013.9464285714284,0.07863085333966936,8.95,tp
M&M,2026-06-15 11:50:00+05:30,3159.10009765625,3153.242989676339,-0.211242590589444,-5.86,sl
M&M,2026-06-24 11:05:00+05:30,3065.199951171875,3059.335675920759,-0.21479072186871076,-5.86,sl
M&M,2026-06-25 09:20:00+05:30,3143.89990234375,3160.817801339286,0.2228709473146451,16.92,tp
M&M,2026-06-25 10:20:00+05:30,3164.5,3177.39990234375,0.1445865509954179,12.9,time
M&M,2026-06-30 11:20:00+05:30,3121.89990234375,3115.9499162946427,-0.2143531740650701,-5.95,sl
M&M,2026-07-02 11:45:00+05:30,3132.199951171875,3126.82852608817,-0.20289429475973605,-5.37,sl
M&M,2026-07-06 09:25:00+05:30,3154.5,3169.9715488978795,0.1942757755183933,15.47,tp
M&M,2026-07-06 11:05:00+05:30,3194.800048828125,3206.0178745814733,0.11067657910165092,11.22,tp
M&M,2026-07-15 09:20:00+05:30,3109.800048828125,3102.9714878627233,-0.23174919656924461,-6.83,sl
M&M,2026-07-16 09:15:00+05:30,3115.0,3123.946507045201,0.07232437326230023,8.95,tp
M&M,2026-07-16 11:00:00+05:30,3140.0,3134.8143136160716,-0.19908954873748613,-5.19,sl
M&M,2026-07-17 09:20:00+05:30,3157.5,3173.528555733817,0.20458063152146372,16.03,tp
M&M,2026-07-21 11:25:00+05:30,3170.699951171875,3179.6785016741073,0.06990350346296077,8.98,tp
M&M,2026-07-23 10:15:00+05:30,3233.5,3247.782200404576,0.16501686230850943,14.28,tp
M&M,2026-07-27 11:55:00+05:30,3225.5,3218.7714320591517,-0.22516325420892783,-6.73,sl
M&M,2026-07-29 09:20:00+05:30,3314.699951171875,3305.728515625,-0.2623936225727445,-8.97,sl
M&M,2026-07-31 09:30:00+05:30,3370.199951171875,3347.035661969866,-0.5123961106928587,-23.16,sl
M&M,2026-07-31 10:40:00+05:30,3395.0,3417.2535400390625,0.2932878946520618,22.25,tp
M&M,2026-08-05 11:00:00+05:30,3484.5,3476.6214773995534,-0.23566117262929934,-7.88,sl
M&M,2026-08-07 09:15:00+05:30,3435.5,3445.924979073661,0.08206920227613061,10.42,tp
M&M,2026-08-07 11:25:00+05:30,3464.300048828125,3475.9999651227677,0.102636887043322,11.7,tp
M&M,2026-08-10 11:25:00+05:30,3527.60009765625,3522.778651646205,-0.182006676662384,-4.82,sl
M&M,2026-08-18 11:35:00+05:30,3426.60009765625,3422.935808454241,-0.16416195233021885,-3.66,sl
M&M,2026-08-20 11:55:00+05:30,3434.699951171875,3439.9713221958705,-0.007915606621819525,5.27,tp
KALYANKJIL,2026-06-02 09:20:00+05:30,347.04998779296875,345.22141810825894,-0.4161336549247708,-1.83,sl
KALYANKJIL,2026-06-04 09:55:00+05:30,358.6000061035156,361.5250047956194,0.38940300763844765,2.92,tp
KALYANKJIL,2026-06-05 11:15:00+05:30,370.2000122070313,368.80357796805254,-0.32632644942180483,-1.4,sl
KALYANKJIL,2026-06-05 11:45:00+05:30,371.3999938964844,369.6142774309431,-0.388484086411533,-1.79,sl
KALYANKJIL,2026-06-09 09:25:00+05:30,362.25,360.5178549630301,-0.3868977286906637,-1.73,sl
KALYANKJIL,2026-06-12 11:10:00+05:30,340.79998779296875,339.5357012067522,-0.32258567456016085,-1.26,sl
KALYANKJIL,2026-06-15 09:30:00+05:30,361.25,364.51785714285717,0.44275827978250526,3.27,tp
KALYANKJIL,2026-06-15 10:40:00+05:30,370.2999877929688,374.0982099260603,0.5154289373428284,3.8,tp
KALYANKJIL,2026-06-15 11:25:00+05:30,376.7000122070313,380.1339460100447,0.4469498845345651,3.43,tp
KALYANKJIL,2026-06-19 11:05:00+05:30,379.8500061035156,381.60716138567244,0.1775551276434037,1.76,tp
KALYANKJIL,2026-06-19 11:30:00+05:30,386.0,384.6285661969866,-0.3131762388103757,-1.37,sl
KALYANKJIL,2026-06-23 10:00:00+05:30,383.5,381.98571341378346,-0.33691576316295313,-1.51,sl
KALYANKJIL,2026-06-25 11:40:00+05:30,377.4500122070313,376.63215855189736,-0.23000720021468993,-0.82,sl
KALYANKJIL,2026-06-30 10:55:00+05:30,386.3999938964844,388.7464283534459,0.26435318230208477,2.35,tp
KALYANKJIL,2026-06-30 11:30:00+05:30,390.5,388.7142791748047,-0.37437451859595067,-1.79,sl
KALYANKJIL,2026-07-03 10:30:00+05:30,395.0,393.8321402413505,-0.27739641903536905,-1.17,sl
KALYANKJIL,2026-07-07 11:35:00+05:30,362.3500061035156,360.5428575788225,-0.3992380561754716,-1.81,sl
KALYANKJIL,2026-07-08 09:20:00+05:30,363.0,365.66250392368863,0.34008329317167474,2.66,tp
KALYANKJIL,2026-07-08 09:45:00+05:30,373.7999877929688,370.92855616978244,-0.5609039674089116,-2.87,sl
KALYANKJIL,2026-07-09 09:25:00+05:30,406.7000122070313,413.76073237827853,0.9416601857862185,7.06,tp
KALYANKJIL,2026-07-09 10:55:00+05:30,427.25,433.9249921526228,0.8373891846866415,6.67,tp
KALYANKJIL,2026-07-10 09:20:00+05:30,473.75,467.6571393694196,-0.8716551722107089,-6.09,sl
KALYANKJIL,2026-07-10 11:50:00+05:30,479.25,476.500002179827,-0.44428767701696487,-2.75,sl
KALYANKJIL,2026-07-13 09:25:00+05:30,494.7000122070313,500.91429465157654,0.6537031281023576,6.21,tp
KALYANKJIL,2026-07-15 09:50:00+05:30,536.0,537.9000244140625,0.11268930008162316,1.9,time
KALYANKJIL,2026-07-15 11:50:00+05:30,547.5499877929688,545.4356994628906,-0.3316816777149721,-2.11,sl
KALYANKJIL,2026-07-17 09:35:00+05:30,561.3499755859375,557.4785548618862,-0.5137975479568123,-3.87,sl
KALYANKJIL,2026-07-21 11:25:00+05:30,567.5999755859375,570.9535653250558,0.2545021018356865,3.35,tp
KALYANKJIL,2026-07-27 09:20:00+05:30,582.8499755859375,580.6856951032366,-0.32279631878084386,-2.16,sl
KALYANKJIL,2026-07-28 09:40:00+05:30,574.75,572.4785679408482,-0.33712209403933896,-2.27,sl
KALYANKJIL,2026-07-28 11:45:00+05:30,579.8499755859375,582.8821236746652,0.21375164781169959,3.03,tp
KALYANKJIL,2026-07-29 10:45:00+05:30,629.5,624.7571367536273,-0.5520600393683306,-4.74,sl
KALYANKJIL,2026-07-30 09:55:00+05:30,637.5,641.0999755859375,0.238821231617647,3.6,time
KALYANKJIL,2026-07-30 11:45:00+05:30,645.4000244140625,643.6178806849888,-0.2656780596522281,-1.78,sl
KALYANKJIL,2026-08-06 11:55:00+05:30,571.7999877929688,569.5714198521206,-0.3338476378199989,-2.23,sl
KALYANKJIL,2026-08-07 09:20:00+05:30,620.3499755859375,627.5767626081195,0.5989719326116894,7.23,tp
KALYANKJIL,2026-08-11 11:00:00+05:30,606.5499877929688,604.0785522460938,-0.3444747107358181,-2.47,sl
KALYANKJIL,2026-08-13 11:50:00+05:30,600.9500122070312,603.70359148298,0.17492262784080784,2.75,tp
KALYANKJIL,2026-08-17 09:45:00+05:30,610.75,614.216062273298,0.24050550372145793,3.47,tp
KALYANKJIL,2026-08-17 10:05:00+05:30,617.5499877929688,614.5571376255581,-0.3907797159650183,-2.99,sl
KALYANKJIL,2026-08-20 11:05:00+05:30,600.6500244140625,599.0928737095425,-0.2555465553544978,-1.56,sl
M&MFIN,2026-06-04 10:55:00+05:30,293.0,292.2464294433594,-0.2543147897557594,-0.75,sl
M&MFIN,2026-06-05 10:00:00+05:30,294.5,296.326781136649,0.2721795185023437,1.83,tp
M&MFIN,2026-06-09 09:20:00+05:30,284.45001220703125,283.37858145577565,-0.32600050032181793,-1.07,sl
M&MFIN,2026-06-15 09:25:00+05:30,301.04998779296875,299.057131086077,-0.4971812232582928,-1.99,sl
M&MFIN,2026-06-18 09:50:00+05:30,300.3500061035156,301.89285932268416,0.20821105799547554,1.54,tp
M&MFIN,2026-06-18 10:05:00+05:30,303.1499938964844,301.9285670689174,-0.3417470266519054,-1.22,sl
M&MFIN,2026-06-19 11:10:00+05:30,294.5,293.7285679408482,-0.2571678218984946,-0.77,sl
M&MFIN,2026-06-24 11:00:00+05:30,294.1499938964844,295.264272417341,0.1272878213110686,1.11,tp
M&MFIN,2026-06-24 11:35:00+05:30,296.6499938964844,298.0642776489258,0.18605099238968845,1.41,tp
M&MFIN,2026-06-30 11:05:00+05:30,314.20001220703125,315.47501482282365,0.143475983371818,1.28,tp
M&MFIN,2026-06-30 11:20:00+05:30,317.95001220703125,316.91429356166293,-0.29544933585860367,-1.04,sl
M&MFIN,2026-07-02 09:25:00+05:30,317.6499938964844,318.951785496303,0.14589169680440944,1.3,tp
M&MFIN,2026-07-02 09:35:00+05:30,319.45001220703125,318.4321528843471,-0.29117720152557053,-1.02,sl
M&MFIN,2026-07-03 09:20:00+05:30,325.75,324.3214307512556,-0.36312864136504597,-1.43,sl
M&MFIN,2026-07-03 09:35:00+05:30,328.20001220703125,326.4214412144252,-0.42515007796235504,-1.78,sl
M&MFIN,2026-07-03 09:45:00+05:30,330.3500061035156,333.75179181780135,0.517851185367274,3.4,tp
M&MFIN,2026-07-08 11:30:00+05:30,335.0,334.33571079799106,-0.21897717050906473,-0.66,sl
M&MFIN,2026-07-09 10:50:00+05:30,337.29998779296875,338.8107027326311,0.16873080243150648,1.51,tp
M&MFIN,2026-07-09 11:05:00+05:30,339.1499938964844,338.07499258858815,-0.2901815704984519,-1.08,sl
M&MFIN,2026-07-10 09:20:00+05:30,345.25,344.01428658621654,-0.3147510639449891,-1.24,sl
M&MFIN,2026-07-15 09:15:00+05:30,328.79998779296875,329.76963915143693,0.07694368512180084,0.97,tp
M&MFIN,2026-07-22 10:40:00+05:30,384.0,381.33928353445873,-0.5157369477408235,-2.66,sl
M&MFIN,2026-07-28 11:45:00+05:30,370.6499938964844,368.8642796107701,-0.3890674731072022,-1.79,sl
M&MFIN,2026-07-29 09:30:00+05:30,376.5499877929688,374.6857038225447,-0.3970576068294688,-1.86,sl
M&MFIN,2026-07-29 11:15:00+05:30,381.0,382.9928610665458,0.21383638843240935,1.99,tp
M&MFIN,2026-07-29 11:25:00+05:30,385.0,386.2999877929688,0.10259550020293093,1.3,time
M&MFIN,2026-08-03 11:10:00+05:30,396.0,397.48392922537664,0.12483776142070327,1.48,tp
M&MFIN,2026-08-07 10:25:00+05:30,400.5,399.0214364188058,-0.32150765261336034,-1.48,sl
M&MFIN,2026-08-10 10:35:00+05:30,414.1499938964844,412.0749969482422,-0.40061528124916407,-2.07,sl
M&MFIN,2026-08-11 09:20:00+05:30,413.3999938964844,412.5499943324498,-0.22336713738521688,-0.85,sl
M&MFIN,2026-08-12 09:30:00+05:30,407.5,405.05357360839844,-0.46021002084930973,-2.45,sl
M&MFIN,2026-08-13 10:25:00+05:30,405.2999877929688,403.8428475516184,-0.31571284755548795,-1.46,sl
M&MFIN,2026-08-19 09:20:00+05:30,391.3500061035156,392.95715223039906,0.14640032224121097,1.61,tp
KEI,2026-06-05 09:25:00+05:30,5369.5,5352.25,-0.2927553775956793,-17.25,sl
KEI,2026-06-09 10:15:00+05:30,5254.0,5250.5,-0.13996954701180053,-3.5,time
KEI,2026-06-11 11:45:00+05:30,5235.0,5220.892857142857,-0.2616864510847349,-14.11,sl
KEI,2026-06-15 11:15:00+05:30,5488.0,5503.910714285715,0.07395095793419834,15.91,tp
KEI,2026-06-17 09:25:00+05:30,5467.0,5491.267857142857,0.1663382894771196,24.27,tp
KEI,2026-06-17 09:45:00+05:30,5529.5,5558.964285714285,0.2197137431697476,29.46,tp
KEI,2026-06-17 10:35:00+05:30,5607.5,5635.5,0.19959875167186802,28.0,time
KEI,2026-06-23 09:35:00+05:30,5692.0,5678.357142857143,-0.24381086236321378,-13.64,sl
KEI,2026-07-10 10:10:00+05:30,5134.5,5155.5,0.145398773006135,21.0,time
KEI,2026-07-13 09:30:00+05:30,5178.5,5205.928571428572,0.2177974868618892,27.43,tp
KEI,2026-07-22 10:05:00+05:30,5008.0,5034.732142857143,0.22027327704244948,26.73,tp
KEI,2026-07-28 11:15:00+05:30,4870.0,4858.535714285715,-0.2412437665004352,-11.46,sl
KEI,2026-07-31 09:45:00+05:30,4953.5,4926.571428571428,-0.42617629670218904,-26.93,sl
KEI,2026-07-31 10:40:00+05:30,5053.0,5027.857142857143,-0.398549659325433,-25.14,sl
KEI,2026-08-04 09:15:00+05:30,5305.89990234375,5360.521257672991,0.5176673853773228,54.62,tp
KEI,2026-08-04 10:30:00+05:30,5406.5,5372.078543526785,-0.482000811688316,-34.42,sl
KEI,2026-08-07 10:10:00+05:30,5603.0,5609.0,-0.03574870605033019,6.0,time
KEI,2026-08-10 10:50:00+05:30,5653.2998046875,5630.042724609375,-0.34683368172522305,-23.26,sl
KEI,2026-08-12 10:40:00+05:30,5652.2998046875,5652.2998046875,-0.1,0.0,time
KEI,2026-08-13 09:40:00+05:30,5818.89990234375,5797.749965122768,-0.3180818117781651,-21.15,sl
KEI,2026-08-17 09:35:00+05:30,5796.10009765625,5825.478742327009,0.20412150420906777,29.38,tp
MARICO,2026-06-10 09:40:00+05:30,831.5499877929688,828.835693359375,-0.2958483174870441,-2.71,sl
MARICO,2026-06-12 11:35:00+05:30,815.9500122070312,815.7999877929688,-0.11103188272453395,-0.15,time
MARICO,2026-06-18 09:20:00+05:30,822.9000244140625,827.3411036900112,0.22381182239805628,4.44,tp
MARICO,2026-06-25 10:30:00+05:30,831.0999755859375,828.9964120047433,-0.25186357668061327,-2.1,sl
MARICO,2026-06-29 09:20:00+05:30,836.2000122070312,834.1607273646763,-0.24632514799701258,-2.04,sl
MARICO,2026-06-29 09:50:00+05:30,838.7999877929688,843.4928501674107,0.2356840087794708,4.69,tp
MARICO,2026-06-30 11:15:00+05:30,839.2000122070312,837.3607177734375,-0.23150341326305854,-1.84,sl
MARICO,2026-07-02 10:50:00+05:30,857.7000122070312,855.9178771972656,-0.2246684144387388,-1.78,sl
MARICO,2026-07-09 11:15:00+05:30,856.2000122070312,858.7339433942523,0.07757050813554325,2.53,tp
MARICO,2026-07-20 10:55:00+05:30,850.7000122070312,853.0035836356027,0.06247123983895049,2.3,tp
MARICO,2026-07-22 11:15:00+05:30,854.5499877929688,857.3732060023716,0.09822490782740488,2.82,tp
MARICO,2026-08-03 10:05:00+05:30,878.9000244140625,875.7535879952567,-0.31479824767806497,-3.15,sl
MARICO,2026-08-06 11:35:00+05:30,858.4000244140625,857.0428815569196,-0.19486086802496996,-1.36,sl
MARICO,2026-08-13 11:45:00+05:30,859.5,858.3749912806919,-0.17853464009131478,-1.13,sl
MARICO,2026-08-19 09:20:00+05:30,854.4000244140625,852.0500183105469,-0.26502851378970166,-2.35,sl
MAXHEALTH,2026-06-03 11:25:00+05:30,960.9000244140624,958.4250226702007,-0.25454272125994665,-2.48,sl
MAXHEALTH,2026-06-08 09:55:00+05:30,989.25,995.0785805838449,0.2535151225986282,5.83,tp
MAXHEALTH,2026-06-10 10:25:00+05:30,1020.0,1024.1571480887276,0.1445381228663283,4.16,tp
MAXHEALTH,2026-06-12 11:15:00+05:30,1014.4000244140624,1012.6535862513949,-0.20329878473787913,-1.75,sl
MAXHEALTH,2026-06-15 10:40:00+05:30,1030.75,1027.9393005371094,-0.26361093162593985,-2.81,sl
MAXHEALTH,2026-06-18 09:30:00+05:30,1042.75,1048.28392464774,0.21842289989392988,5.53,tp
MAXHEALTH,2026-06-18 10:00:00+05:30,1061.050048828125,1067.8053981236048,0.28199984833556796,6.76,tp
MAXHEALTH,2026-06-18 10:30:00+05:30,1084.050048828125,1078.2893327985491,-0.4188440996319285,-5.76,sl
MAXHEALTH,2026-06-25 09:25:00+05:30,1094.0,1090.9500122070312,-0.26727538169846893,-3.05,sl
MAXHEALTH,2026-06-25 09:50:00+05:30,1096.5,1102.0285426548548,0.2025194339181858,5.53,tp
MAXHEALTH,2026-06-25 10:25:00+05:30,1115.0,1121.6053336007255,0.2554439605771593,6.61,tp
MAXHEALTH,2026-06-25 10:55:00+05:30,1139.0,1133.9035818917412,-0.3684680302858032,-5.1,sl
MAXHEALTH,2026-06-29 09:25:00+05:30,1141.1500244140625,1147.5785566057477,0.23800282456214522,6.43,tp
MAXHEALTH,2026-06-29 09:40:00+05:30,1153.800048828125,1148.7250714983259,-0.3639093663561699,-5.07,sl
MAXHEALTH,2026-07-01 10:50:00+05:30,1142.9000244140625,1140.1785801478795,-0.24287046328019057,-2.72,sl
MAXHEALTH,2026-07-03 11:55:00+05:30,1149.0999755859375,1152.6570870535713,0.08573378521673145,3.56,tp
MAXHEALTH,2026-07-06 09:25:00+05:30,1166.5,1162.6571306501116,-0.29766151821114584,-3.84,sl
MAXHEALTH,2026-07-09 10:35:00+05:30,1112.5999755859375,1118.3106951032366,0.20796618601173295,5.71,tp
MAXHEALTH,2026-07-10 11:50:00+05:30,1102.699951171875,1104.49995640346,-0.002058294479545704,1.8,tp
MAXHEALTH,2026-07-16 11:35:00+05:30,1108.0999755859375,1105.8214024135045,-0.22337730652298485,-2.28,sl
MAXHEALTH,2026-07-16 11:50:00+05:30,1111.199951171875,1108.7499389648438,-0.23229008178667354,-2.45,sl
MAXHEALTH,2026-07-24 11:45:00+05:30,1078.4000244140625,1076.0214582170759,-0.2323386207235488,-2.38,sl
MAXHEALTH,2026-07-27 09:20:00+05:30,1104.0999755859375,1100.564252580915,-0.2921414590999898,-3.54,sl
MAXHEALTH,2026-07-30 09:45:00+05:30,1122.5,1119.7356916155134,-0.247758131910199,-2.76,sl
MAXHEALTH,2026-07-30 11:45:00+05:30,1123.5999755859375,1126.6857212611608,0.0647781635246539,3.09,tp
MAXHEALTH,2026-08-13 11:40:00+05:30,1019.2000122070312,1017.1571393694197,-0.2202633131756608,-2.04,sl
MAXHEALTH,2026-08-18 09:50:00+05:30,1013.9000244140624,1008.2428850446428,-0.43477498174569423,-5.66,sl
MAXHEALTH,2026-08-20 11:30:00+05:30,996.2000122070312,998.2785927908761,0.025190557621449405,2.08,tp
LT,2026-06-10 10:35:00+05:30,3934.89990234375,3946.889177594866,0.08281443821188059,11.99,tp
LT,2026-06-12 09:20:00+05:30,4002.699951171875,3985.53564453125,-0.3572909313714577,-17.16,sl
LT,2026-06-15 10:30:00+05:30,4211.89990234375,4200.342738560268,-0.2646358752787662,-11.56,sl
LT,2026-06-16 09:25:00+05:30,4232.0,4221.150006975447,-0.2538278784199448,-10.85,sl
LT,2026-06-17 11:20:00+05:30,4211.0,4204.178571428572,-0.19719442277029361,-6.82,sl
LT,2026-06-18 09:20:00+05:30,4241.39990234375,4233.635637555803,-0.2098354076491035,-7.76,sl
LT,2026-06-19 11:55:00+05:30,4202.60009765625,4196.514439174107,-0.18688419084466826,-6.09,sl
LT,2026-06-23 10:00:00+05:30,4226.0,4234.399989536831,0.01926156464974846,8.4,tp
LT,2026-06-25 10:35:00+05:30,4232.0,4241.21418108259,0.030635837654863066,9.21,tp
LT,2026-06-25 11:55:00+05:30,4260.39990234375,4270.460553850447,0.041686016392432294,10.06,tp
LT,2026-07-07 11:15:00+05:30,4004.199951171875,4014.442792619978,0.053481468053638875,10.24,tp
LT,2026-07-15 09:15:00+05:30,3851.0,3857.2785034179688,-0.0021786016416190657,6.28,tp
LT,2026-07-29 09:45:00+05:30,3973.0,3952.80712890625,-0.4049514889567078,-20.19,sl
LT,2026-08-03 11:50:00+05:30,3999.60009765625,3994.6143624441966,-0.17479350570535884,-4.99,sl
LT,2026-08-04 09:35:00+05:30,4031.39990234375,4020.614188058036,-0.26052559230519934,-10.79,sl
LT,2026-08-05 10:05:00+05:30,4072.800048828125,4057.67862374442,-0.32276701388357254,-15.12,sl
LT,2026-08-06 09:20:00+05:30,4063.800048828125,4056.4429234095983,-0.20862432201576878,-7.36,sl
LT,2026-08-13 11:25:00+05:30,4022.0,4032.10360281808,0.05072505447160859,10.1,tp
LT,2026-08-17 11:25:00+05:30,4044.60009765625,4040.4286586216517,-0.16188160412223,-4.17,sl
LT,2026-08-17 11:55:00+05:30,4057.0,4050.78573172433,-0.1919043866256323,-6.21,sl
LT,2026-08-18 11:40:00+05:30,4072.10009765625,4078.2715366908483,-0.009067475455964393,6.17,tp
LT,2026-08-20 11:55:00+05:30,4080.0,4074.7285679408483,-0.17752105969340765,-5.27,sl
MAZDOCK,2026-06-02 11:20:00+05:30,2436.39990234375,2428.964181082589,-0.2831157829387816,-7.44,sl
MAZDOCK,2026-06-04 09:35:00+05:30,2469.10009765625,2458.6786586216517,-0.3532446305718585,-10.42,sl
MAZDOCK,2026-06-09 09:20:00+05:30,2421.300048828125,2437.210763113839,0.2942687142821836,15.91,tp
MAZDOCK,2026-06-16 10:20:00+05:30,2466.199951171875,2459.0999581473216,-0.2727352160844795,-7.1,sl
MAZDOCK,2026-06-17 11:40:00+05:30,2498.60009765625,2493.835867745536,-0.21440558051326075,-4.76,sl
MAZDOCK,2026-06-19 09:25:00+05:30,2538.800048828125,2531.8929443359375,-0.26323706536973773,-6.91,sl
MAZDOCK,2026-06-19 11:05:00+05:30,2542.5,2535.2642647879466,-0.270754813263798,-7.24,sl
MAZDOCK,2026-06-24 10:05:00+05:30,2537.10009765625,2526.6786760602677,-0.3464566913763368,-10.42,sl
MAZDOCK,2026-06-25 09:20:00+05:30,2532.5,2523.471435546875,-0.31390478467423494,-9.03,sl
MAZDOCK,2026-06-30 10:45:00+05:30,2491.699951171875,2483.342843191964,-0.3012387079587252,-8.36,sl
MAZDOCK,2026-06-30 11:15:00+05:30,2499.0,2498.60009765625,-0.1096014968487395,-0.4,time
MAZDOCK,2026-07-01 10:50:00+05:30,2511.89990234375,2505.835606166295,-0.24485361073019238,-6.06,sl
MAZDOCK,2026-07-01 11:00:00+05:30,2524.10009765625,2516.564383370536,-0.2791303195791205,-7.54,sl
MAZDOCK,2026-07-03 09:50:00+05:30,2595.0,2584.6642717633927,-0.33897637541288644,-10.34,sl
MAZDOCK,2026-07-06 09:20:00+05:30,2571.800048828125,2563.96435546875,-0.28280643620670526,-7.84,sl
MAZDOCK,2026-07-08 10:50:00+05:30,2520.800048828125,2514.5143519810267,-0.24961194998438024,-6.29,sl
MAZDOCK,2026-07-10 11:45:00+05:30,2424.89990234375,2422.800048828125,-0.1519572831916588,-2.1,time
MAZDOCK,2026-07-15 09:15:00+05:30,2369.10009765625,2377.0929652622767,0.10242794166276203,7.99,tp
MAZDOCK,2026-07-15 09:45:00+05:30,2392.0,2384.499982561384,-0.28812752772448014,-7.5,sl
MAZDOCK,2026-07-17 09:25:00+05:30,2366.0,2358.9500034877233,-0.2787826672597647,-7.05,sl
MAZDOCK,2026-07-23 10:50:00+05:30,2328.0,2322.1785888671875,-0.25003636940238405,-5.82,sl
MAZDOCK,2026-07-24 11:55:00+05:30,2302.199951171875,2297.82852608817,-0.21392820371175844,-4.37,sl
MAZDOCK,2026-07-27 09:25:00+05:30,2318.0,2328.07137625558,0.16069136123158315,10.07,tp
MAZDOCK,2026-07-31 09:15:00+05:30,2339.699951171875,2351.464137486049,0.2016844867209995,11.76,tp
MAZDOCK,2026-07-31 10:10:00+05:30,2393.0,2378.0357491629466,-0.4752006060272488,-14.96,sl
MAZDOCK,2026-08-04 09:40:00+05:30,2399.5,2393.978585379464,-0.23806412887357647,-5.52,sl
MAZDOCK,2026-08-04 09:55:00+05:30,2407.0,2399.6785714285716,-0.2825034126654369,-7.32,sl
MAZDOCK,2026-08-06 09:20:00+05:30,2400.0,2409.54638671875,0.13865966796875,9.55,tp
MAZDOCK,2026-08-06 09:45:00+05:30,2415.0,2426.732090541295,0.19148051034272887,11.73,tp
MAZDOCK,2026-08-06 09:55:00+05:30,2440.800048828125,2431.1143624441966,-0.33809454744755657,-9.69,sl
MAZDOCK,2026-08-06 11:30:00+05:30,2452.699951171875,2445.82852608817,-0.26809455425859324,-6.87,sl
MAZDOCK,2026-08-06 11:40:00+05:30,2462.0,2473.4535609654017,0.17912821199191845,11.45,tp
MAZDOCK,2026-08-13 09:25:00+05:30,2570.39990234375,2560.8784702845983,-0.3222556587510727,-9.52,sl
MAZDOCK,2026-08-14 09:45:00+05:30,2602.800048828125,2592.61434500558,-0.33480183567225946,-10.19,sl
MAZDOCK,2026-08-18 09:50:00+05:30,2592.800048828125,2581.8786097935267,-0.352733079965834,-10.92,sl
MAZDOCK,2026-08-20 09:15:00+05:30,2572.39990234375,2565.314191545759,-0.2652708225855952,-7.09,sl
METROPOLIS,2026-06-04 10:45:00+05:30,544.3499755859375,547.1624821254185,0.2100034902862189,2.81,tp
METROPOLIS,2026-06-11 10:55:00+05:30,528.2000122070312,531.5642613002232,0.28215626831980584,3.36,tp
METROPOLIS,2026-06-16 09:20:00+05:30,534.1500244140625,531.5643048967634,-0.3904486828548462,-2.59,sl
METROPOLIS,2026-06-16 10:05:00+05:30,537.75,542.6410675048828,0.44572580249738497,4.89,tp
METROPOLIS,2026-06-16 10:15:00+05:30,548.0,543.999995640346,-0.5379566817139401,-4.0,sl
METROPOLIS,2026-06-16 10:50:00+05:30,554.5,550.7249973842075,-0.5084763876421056,-3.78,sl
METROPOLIS,2026-06-17 09:20:00+05:30,558.0,554.778568812779,-0.4463904502388188,-3.22,sl
METROPOLIS,2026-06-18 09:30:00+05:30,552.9000244140625,555.4661036900112,0.17846762481171383,2.57,tp
METROPOLIS,2026-06-22 11:25:00+05:30,556.8499755859375,555.824972970145,-0.21044295527324913,-1.03,sl
METROPOLIS,2026-07-02 10:05:00+05:30,551.9500122070312,549.0571681431362,-0.41446804963308476,-2.89,sl
METROPOLIS,2026-07-06 09:25:00+05:30,573.5,570.2035827636719,-0.4448736428590889,-3.3,sl
METROPOLIS,2026-07-15 09:15:00+05:30,566.1500244140625,563.95359148298,-0.3327757134716093,-2.2,sl
METROPOLIS,2026-07-15 10:20:00+05:30,567.8499755859375,572.4731728690011,0.38849493512364847,4.62,tp
METROPOLIS,2026-07-15 10:40:00+05:30,576.9000244140625,581.2178737095425,0.3490742706969497,4.32,tp
METROPOLIS,2026-07-20 11:40:00+05:30,569.4500122070312,568.0428815569196,-0.2482620725206052,-1.41,sl
METROPOLIS,2026-07-21 11:35:00+05:30,569.5,568.3428606305804,-0.2219110836965349,-1.16,sl
METROPOLIS,2026-07-22 11:20:00+05:30,568.2999877929688,567.5,-0.18446114483396941,-0.8,time
METROPOLIS,2026-07-24 11:35:00+05:30,573.7000122070312,572.2178606305804,-0.25500974846582325,-1.48,sl
METROPOLIS,2026-07-28 10:20:00+05:30,592.5,589.5714285714286,-0.3965641952983741,-2.93,sl
METROPOLIS,2026-07-30 10:25:00+05:30,603.0,606.5089481898716,0.24914907361906496,3.51,tp
METROPOLIS,2026-08-03 11:30:00+05:30,596.75,599.1821441650391,0.1445390027689045,2.43,tp
METROPOLIS,2026-08-06 09:20:00+05:30,587.9500122070312,585.3214242117746,-0.3682460692931587,-2.63,sl
METROPOLIS,2026-08-10 10:45:00+05:30,572.1500244140625,571.0499877929688,-0.21535820055800522,-1.1,time
METROPOLIS,2026-08-14 11:25:00+05:30,555.8499755859375,553.6356985909598,-0.3390152478798145,-2.21,sl
METROPOLIS,2026-08-17 10:00:00+05:30,552.2000122070312,549.9750104631696,-0.34176041593719925,-2.23,sl
METROPOLIS,2026-08-18 10:20:00+05:30,554.5,552.5214364188058,-0.3140916408866561,-1.98,sl
METROPOLIS,2026-08-19 10:50:00+05:30,557.2999877929688,555.9856959751675,-0.24149921190626725,-1.31,sl
METROPOLIS,2026-08-19 11:20:00+05:30,559.2999877929688,561.2767813546317,0.11206439529492673,1.98,tp
METROPOLIS,2026-08-19 11:45:00+05:30,563.7999877929688,562.4178510393415,-0.2470879868980907,-1.38,sl
MANAPPURAM,2026-06-04 10:15:00+05:30,315.45001220703125,314.000010899135,-0.3757967193124572,-1.45,sl
MANAPPURAM,2026-06-05 11:05:00+05:30,313.1000061035156,311.8035801478795,-0.34843678001223694,-1.3,sl
MANAPPURAM,2026-06-09 11:55:00+05:30,305.0,304.3535723005022,-0.2271661048192378,-0.65,sl
MANAPPURAM,2026-06-10 11:50:00+05:30,298.29998779296875,297.1606990269252,-0.3291563149846812,-1.14,sl
MANAPPURAM,2026-06-22 11:10:00+05:30,324.25,323.17142377580916,-0.2995823390946813,-1.08,sl
MANAPPURAM,2026-06-30 10:50:00+05:30,319.6499938964844,318.32856314522877,-0.3480395638643818,-1.32,sl
MANAPPURAM,2026-07-03 09:20:00+05:30,332.95001220703125,331.6214381626674,-0.33941865066598553,-1.33,sl
MANAPPURAM,2026-07-03 09:45:00+05:30,334.54998779296875,332.7321232386998,-0.42602563812865957,-1.82,sl
MANAPPURAM,2026-07-06 09:35:00+05:30,331.3999938964844,333.97142246791293,0.36555738421016926,2.57,tp
MANAPPURAM,2026-07-06 10:20:00+05:30,335.8999938964844,338.84642246791293,0.426304607020011,2.95,tp
MANAPPURAM,2026-07-06 11:05:00+05:30,341.95001220703125,340.38929966517856,-0.37384924453363183,-1.56,sl
MANAPPURAM,2026-07-08 09:55:00+05:30,342.95001220703125,341.7071533203125,-0.3174414070529551,-1.24,sl
MANAPPURAM,2026-07-08 11:35:00+05:30,344.54998779296875,343.7964194161551,-0.23122653957540099,-0.75,sl
MANAPPURAM,2026-07-14 11:40:00+05:30,330.8999938964844,329.6928514753069,-0.3188834892916518,-1.21,sl
MANAPPURAM,2026-07-15 09:15:00+05:30,335.04998779296875,333.7642735072545,-0.3302428292894734,-1.29,sl
MANAPPURAM,2026-07-16 11:00:00+05:30,328.5,327.5857129778181,-0.26699306341221835,-0.91,sl
MANAPPURAM,2026-07-21 09:20:00+05:30,342.5,344.7553591047014,0.2950994052031696,2.26,tp
MANAPPURAM,2026-07-21 09:35:00+05:30,347.0,345.25,-0.4025936599423631,-1.75,sl
MANAPPURAM,2026-07-23 09:55:00+05:30,355.0,353.50714111328125,-0.3523141780369718,-1.49,sl
MANAPPURAM,2026-07-29 09:35:00+05:30,367.2999877929688,365.7249864850726,-0.35728309723505736,-1.58,sl
MANAPPURAM,2026-07-30 09:45:00+05:30,376.8999938964844,379.38571275983537,0.29571009343667426,2.49,tp
MANAPPURAM,2026-07-31 09:15:00+05:30,370.5,372.24643053327287,0.18282275842475648,1.75,tp
MANAPPURAM,2026-07-31 09:50:00+05:30,374.3999938964844,372.8678523472377,-0.3455355086897153,-1.53,sl
MANAPPURAM,2026-08-10 09:20:00+05:30,368.75,367.6607099260603,-0.2772404188105287,-1.09,sl
MANAPPURAM,2026-08-14 10:55:00+05:30,349.5,350.951781136649,0.14923281315862721,1.45,tp
MANAPPURAM,2026-08-17 11:45:00+05:30,347.79998779296875,347.31427001953125,-0.18379260330393596,-0.49,sl
MANAPPURAM,2026-08-20 09:20:00+05:30,349.29998779296875,351.3249838692801,0.24783787238691624,2.02,tp
MFSL,2026-06-08 11:00:00+05:30,1602.800048828125,1598.2429024832588,-0.270594442452061,-4.56,sl
MFSL,2026-06-15 10:40:00+05:30,1630.0,1637.5750209263392,0.17883512612291608,7.58,tp
MFSL,2026-06-22 10:40:00+05:30,1698.800048828125,1705.8607918875557,0.14937872109085643,7.06,tp
MFSL,2026-06-23 11:25:00+05:30,1706.0999755859375,1710.449986049107,0.05298085195771685,4.35,tp
MFSL,2026-07-01 11:00:00+05:30,1597.4000244140625,1603.175013950893,0.11691459053089835,5.77,tp
MFSL,2026-07-06 10:05:00+05:30,1610.5999755859375,1605.4356776646205,-0.2923866136694155,-5.16,sl
MFSL,2026-07-24 11:55:00+05:30,1499.300048828125,1504.6250566755023,0.11309975350988762,5.33,tp
MFSL,2026-08-05 10:10:00+05:30,1534.699951171875,1527.2999441964287,-0.38930763840042315,-7.4,sl
MFSL,2026-08-06 09:35:00+05:30,1535.5,1541.682137625558,0.14156838654085202,6.18,tp
MFSL,2026-08-14 09:15:00+05:30,1524.699951171875,1516.7499389648438,-0.4128489195892314,-7.95,sl
MFSL,2026-08-17 11:30:00+05:30,1556.9000244140625,1561.5178920200892,0.07796393603749796,4.62,tp
MFSL,2026-08-18 11:50:00+05:30,1571.199951171875,1568.928510393415,-0.18674035828854643,-2.27,sl
MFSL,2026-08-20 11:00:00+05:30,1573.300048828125,1577.6928928920202,0.0675272584082294,4.39,tp
MARUTI,2026-06-01 11:05:00+05:30,13229.0,13202.0,-0.22245823569430795,-27.0,sl
MARUTI,2026-06-01 11:35:00+05:30,13250.0,13214.214285714286,-0.2620485175202133,-35.79,sl
MARUTI,2026-06-04 10:05:00+05:30,13224.0,13178.42857142857,-0.30676691729323663,-45.57,sl
MARUTI,2026-06-08 11:50:00+05:30,13025.0,13008.42857142857,-0.17633671510831178,-16.57,sl
MARUTI,2026-06-10 11:00:00+05:30,13175.0,13152.714285714286,-0.20149091894822208,-22.29,sl
MARUTI,2026-06-10 11:30:00+05:30,13194.0,13170.785714285714,-0.20556746573117887,-23.21,sl
MARUTI,2026-06-11 11:25:00+05:30,13115.0,13156.67857142857,0.09067588911278984,41.68,tp
MARUTI,2026-06-12 09:20:00+05:30,13373.0,13331.42857142857,-0.28651654185940034,-41.57,sl
MARUTI,2026-06-15 09:50:00+05:30,13853.0,13906.0,0.12955316537934017,53.0,time
MARUTI,2026-06-22 11:30:00+05:30,13476.0,13458.285714285714,-0.17887037272611858,-17.71,sl
MARUTI,2026-06-25 09:20:00+05:30,13546.0,13617.785714285714,0.21796418552656327,71.79,tp
MARUTI,2026-06-25 10:15:00+05:30,13718.0,13819.464285714286,0.3437860579426428,101.46,tp
MARUTI,2026-06-30 10:45:00+05:30,13850.0,13911.5,0.16642599277978337,61.5,tp
MARUTI,2026-06-30 11:20:00+05:30,14013.0,14078.892857142857,0.18213597577759316,65.89,tp
MARUTI,2026-07-01 09:50:00+05:30,14490.0,14421.57142857143,-0.3833481218574354,-68.43,sl
MARUTI,2026-07-03 10:25:00+05:30,14495.0,14458.57142857143,-0.2507909131227485,-36.43,sl
MARUTI,2026-07-06 11:05:00+05:30,14517.0,14489.5,-0.2136598470758421,-27.5,sl
MARUTI,2026-07-15 09:50:00+05:30,13598.0,13567.5,-0.23457861450213263,-30.5,sl
MARUTI,2026-07-16 11:35:00+05:30,13775.0,13751.0,-0.2045372050816697,-24.0,sl
MARUTI,2026-07-24 11:15:00+05:30,13320.0,13353.535714285714,0.05106177606177371,33.54,tp
MARUTI,2026-07-24 11:40:00+05:30,13376.0,13408.67857142857,0.04658450102528701,32.68,tp
MARUTI,2026-07-24 11:50:00+05:30,13443.0,13479.964285714286,0.06498230624541947,36.96,tp
MARUTI,2026-07-27 10:45:00+05:30,13629.0,13603.07142857143,-0.2141473538567935,-25.93,sl
MARUTI,2026-07-28 11:55:00+05:30,13775.0,13756.857142857143,-0.1790251490795944,-18.14,sl
MARUTI,2026-07-30 09:20:00+05:30,13981.0,14020.42857142857,0.06920923293857657,39.43,tp
MARUTI,2026-08-04 11:00:00+05:30,14204.0,14180.214285714286,-0.2004747153719252,-23.79,sl
MARUTI,2026-08-11 11:50:00+05:30,14141.0,14127.214285714286,-0.15849252932202998,-13.79,sl
MARUTI,2026-08-12 11:15:00+05:30,14002.0,14026.0,0.002842451078417362,24.0,tp
MARUTI,2026-08-12 11:30:00+05:30,14052.0,14030.92857142857,-0.18997194095401088,-21.07,sl
MARUTI,2026-08-17 11:50:00+05:30,13902.0,13887.714285714286,-0.16165608237252382,-14.29,sl
MPHASIS,2026-06-02 09:40:00+05:30,2381.5,2404.9534301757812,0.49089053560649804,23.45,tp
MPHASIS,2026-06-02 10:40:00+05:30,2426.39990234375,2415.478498186384,-0.370064406452124,-10.92,sl
MPHASIS,2026-06-10 09:45:00+05:30,2356.0,2346.692853655134,-0.33702410046347897,-9.31,sl
MPHASIS,2026-06-11 11:55:00+05:30,2285.39990234375,2277.235613141741,-0.31434207274542164,-8.16,sl
MPHASIS,2026-06-12 11:05:00+05:30,2294.199951171875,2288.21426827567,-0.25654301343213826,-5.99,sl
MPHASIS,2026-06-15 09:20:00+05:30,2310.5,2303.0142822265625,-0.2943921516581909,-7.49,sl
MPHASIS,2026-06-15 09:30:00+05:30,2314.0,2305.664289202009,-0.3161377043558585,-8.34,sl
MPHASIS,2026-06-15 10:50:00+05:30,2330.39990234375,2339.7320295061386,0.14027104926505532,9.33,tp
MPHASIS,2026-06-17 09:30:00+05:30,2355.5,2346.2714320591517,-0.3350728407772858,-9.23,sl
MPHASIS,2026-06-17 09:40:00+05:30,2359.5,2349.7357177734375,-0.3482970686983471,-9.76,sl
MPHASIS,2026-06-19 11:55:00+05:30,2241.199951171875,2233.899972098214,-0.2954304631278555,-7.3,sl
MPHASIS,2026-07-02 09:20:00+05:30,2228.0,2216.6429268973216,-0.4058457747579473,-11.36,sl
MPHASIS,2026-07-02 09:40:00+05:30,2231.300048828125,2217.378662109375,-0.47434822069926874,-13.92,sl
MPHASIS,2026-07-02 09:55:00+05:30,2237.0,2220.800031389509,-0.5345096632228237,-16.2,sl
MPHASIS,2026-07-03 09:20:00+05:30,2312.60009765625,2301.550066266741,-0.38669110757301955,-11.05,sl
MPHASIS,2026-07-03 11:50:00+05:30,2329.199951171875,2320.685721261161,-0.31932586525507645,-8.51,sl
MPHASIS,2026-07-07 10:20:00+05:30,2345.0,2334.53573172433,-0.36774247187214937,-10.46,sl
MPHASIS,2026-07-07 11:10:00+05:30,2355.60009765625,2347.5929652622767,-0.3039514024967174,-8.01,sl
MPHASIS,2026-07-13 10:35:00+05:30,2343.699951171875,2356.7393101283483,0.2338147176208318,13.04,tp
MPHASIS,2026-07-13 11:00:00+05:30,2367.5,2359.02139718192,-0.3148748338267412,-8.48,sl
MPHASIS,2026-07-14 11:25:00+05:30,2400.0,2393.7928292410716,-0.2551792689732111,-6.21,sl
MPHASIS,2026-07-28 09:20:00+05:30,2428.39990234375,2446.6463361467636,0.35082608804430915,18.25,tp
MPHASIS,2026-07-30 09:25:00+05:30,2407.10009765625,2394.6715959821427,-0.40979604926796553,-12.43,sl
MPHASIS,2026-08-03 11:20:00+05:30,2374.800048828125,2369.628679547991,-0.23065611859034457,-5.17,sl
MPHASIS,2026-08-05 10:10:00+05:30,2416.10009765625,2427.810869489397,0.19081837738032342,11.71,tp
MPHASIS,2026-08-05 10:40:00+05:30,2446.300048828125,2458.5250331333705,0.19984018463561057,12.22,tp
MPHASIS,2026-08-05 11:10:00+05:30,2476.0,2466.164289202009,-0.3383451728107659,-9.84,sl
MPHASIS,2026-08-07 09:15:00+05:30,2433.10009765625,2444.1571306501114,0.17266530475698225,11.06,tp
MPHASIS,2026-08-07 09:30:00+05:30,2458.39990234375,2474.0426810128347,0.2817795140856806,15.64,tp
MPHASIS,2026-08-07 09:50:00+05:30,2488.699951171875,2475.8214111328125,-0.4104883744542593,-12.88,sl
MPHASIS,2026-08-10 09:55:00+05:30,2504.39990234375,2516.300048828125,0.1851017476858599,11.9,time
MPHASIS,2026-08-11 11:30:00+05:30,2522.5,2529.85001046317,0.07482680982762746,7.35,tp
MPHASIS,2026-08-13 11:50:00+05:30,2509.10009765625,2514.2000819614955,0.02195569981467136,5.1,tp
MPHASIS,2026-08-14 11:55:00+05:30,2527.0,2535.914306640625,0.11165745881974673,8.91,tp
MPHASIS,2026-08-17 11:25:00+05:30,2509.89990234375,2504.1070731026784,-0.2384795282631519,-5.79,sl
MCX,2026-06-05 11:55:00+05:30,2892.699951171875,2884.521414620536,-0.2696381240237372,-8.18,sl
MCX,2026-06-09 09:50:00+05:30,2904.5,2885.9642333984375,-0.48290445725383024,-18.54,sl
MCX,2026-06-11 09:20:00+05:30,2772.199951171875,2773.199951171875,-0.07835653955096689,1.0,time
MCX,2026-06-22 11:10:00+05:30,2861.89990234375,2860.10009765625,-0.1377330741587304,-1.8,time
MCX,2026-06-24 10:45:00+05:30,2855.5,2866.2463814871653,0.12580384844332637,10.75,tp
MCX,2026-06-25 11:55:00+05:30,2879.5,2874.114327566964,-0.21222099183266077,-5.39,sl
MCX,2026-07-01 09:25:00+05:30,2922.0,2944.7035609654017,0.3661922169487006,22.7,tp
MCX,2026-07-02 09:40:00+05:30,2997.39990234375,3018.464198521205,0.321651368460733,21.06,tp
MCX,2026-07-06 11:45:00+05:30,2792.39990234375,2782.64990234375,-0.30949721403048,-9.75,sl
MCX,2026-07-08 09:40:00+05:30,2702.699951171875,2726.2284545898438,0.42233330764889965,23.53,tp
MCX,2026-07-14 09:55:00+05:30,2874.39990234375,2881.39990234375,0.04611745556265057,7.0,time
MCX,2026-07-15 09:15:00+05:30,2923.800048828125,2915.5643310546875,-0.2690071339195391,-8.24,sl
MCX,2026-07-20 11:25:00+05:30,2823.10009765625,2812.58585030692,-0.32346173324975197,-10.51,sl
MCX,2026-07-21 09:25:00+05:30,2854.699951171875,2845.4285714285716,-0.2948655880173495,-9.27,sl
MCX,2026-08-07 09:25:00+05:30,2682.699951171875,2672.2999441964284,-0.3326016438231243,-10.4,sl
MCX,2026-08-10 11:10:00+05:30,2684.0,2697.767830984933,0.20777565540088605,13.77,tp
MCX,2026-08-10 11:25:00+05:30,2713.10009765625,2731.0036272321427,0.2959351796424808,17.9,tp
MCX,2026-08-11 10:15:00+05:30,2832.89990234375,2815.43563406808,-0.4698881473620953,-17.46,sl
MCX,2026-08-13 09:20:00+05:30,3019.300048828125,3007.2500523158483,-0.3394594041811842,-12.05,sl
MCX,2026-08-18 11:00:00+05:30,2963.39990234375,2974.1463361467636,0.11758319816061766,10.75,tp
MCX,2026-08-18 11:15:00+05:30,3004.10009765625,3017.600123814174,0.16963201729109653,13.5,tp
MCX,2026-08-18 11:50:00+05:30,3038.800048828125,3025.9786202566966,-0.35315443659492235,-12.82,sl
MCX,2026-08-20 11:00:00+05:30,3071.699951171875,3086.0464215959823,0.1802318713186955,14.35,tp
MRF,2026-06-08 10:55:00+05:30,123730.0,123540.71428571429,-0.19178972647815895,-189.29,sl
MRF,2026-06-12 09:25:00+05:30,124245.0,124023.57142857143,-0.20693158103516368,-221.43,sl
MRF,2026-06-15 09:20:00+05:30,129550.0,129033.57142857143,-0.3391795776589263,-516.43,sl
MRF,2026-06-15 09:35:00+05:30,129870.0,130725.0,0.29501039501039505,855.0,tp
MRF,2026-06-17 11:10:00+05:30,129040.0,128903.92857142857,-0.16326941812062995,-136.07,sl
MRF,2026-06-22 09:40:00+05:30,129905.0,130464.28571428571,0.15832064090791428,559.29,tp
MRF,2026-06-22 10:10:00+05:30,130905.0,130470.35714285714,-0.29921753507177956,-434.64,sl
MRF,2026-06-22 11:55:00+05:30,131580.0,131790.0,-0.0042407660738714124,210.0,tp
MRF,2026-06-23 09:20:00+05:30,132005.0,132315.17857142858,0.04098491940240736,310.18,tp
MRF,2026-06-25 11:35:00+05:30,131535.0,131272.85714285713,-0.21957708160240372,-262.14,sl
MRF,2026-06-30 11:20:00+05:30,125570.0,125821.25,0.020052560324918367,251.25,tp
MRF,2026-07-01 10:25:00+05:30,130185.0,129817.14285714286,-0.2695389528089157,-367.86,sl
MRF,2026-07-02 09:20:00+05:30,131375.0,131335.0,-0.11826831588962892,-40.0,time
MRF,2026-07-03 09:25:00+05:30,135550.0,136205.17857142858,0.1900089582125768,655.18,tp
MRF,2026-07-06 10:25:00+05:30,135855.0,136500.5357142857,0.18509913405574036,645.54,tp
MRF,2026-07-07 09:30:00+05:30,137475.0,137032.14285714287,-0.2932818954095496,-442.86,sl
MRF,2026-07-07 11:05:00+05:30,138000.0,137711.7857142857,-0.225310559006213,-288.21,sl
MRF,2026-07-15 10:45:00+05:30,132305.0,132601.7857142857,0.03459160921463744,296.79,tp
MRF,2026-07-15 11:10:00+05:30,133050.0,132820.35714285713,-0.20355934933162104,-229.64,sl
MRF,2026-07-20 11:55:00+05:30,132500.0,132662.32142857142,-0.026495956873319133,162.32,tp
MRF,2026-07-29 10:30:00+05:30,134770.0,134463.2142857143,-0.23658190144054767,-306.79,sl
MRF,2026-07-30 09:20:00+05:30,134945.0,135362.32142857142,0.0855517856481175,417.32,tp
MRF,2026-08-03 11:05:00+05:30,134290.0,134125.35714285713,-0.1735614820803647,-164.64,sl
MRF,2026-08-03 11:50:00+05:30,134550.0,134358.2142857143,-0.18552317247969236,-191.79,sl
MRF,2026-08-05 09:20:00+05:30,134040.0,134453.57142857142,0.0851259751886393,413.57,tp
MRF,2026-08-06 11:00:00+05:30,135000.0,134825.7142857143,-0.17746031746031563,-174.29,sl
MRF,2026-08-10 09:20:00+05:30,134650.0,134377.5,-0.2214259190493873,-272.5,sl
MRF,2026-08-14 10:35:00+05:30,131300.0,131350.0,-0.07715156130997715,50.0,time
MRF,2026-08-18 09:20:00+05:30,133275.0,133410.5357142857,-0.03898223329849854,135.54,tp
MRF,2026-08-20 11:55:00+05:30,133965.0,133872.5,-0.14142873138506326,-92.5,sl
NATIONALUM,2026-06-02 09:35:00+05:30,442.7999877929688,440.374993460519,-0.4285900270056364,-2.42,sl
NATIONALUM,2026-06-10 11:25:00+05:30,378.4500122070313,377.53572300502236,-0.24495270273773156,-0.91,sl
NATIONALUM,2026-06-11 10:40:00+05:30,382.0499877929688,380.7678418840681,-0.30135782487115137,-1.28,sl
NATIONALUM,2026-06-19 09:35:00+05:30,372.1000061035156,371.7000122070313,-0.16449780541627446,-0.4,time
NATIONALUM,2026-07-08 09:20:00+05:30,347.45001220703125,346.2607203892299,-0.305374892966076,-1.19,sl
NATIONALUM,2026-07-08 09:40:00+05:30,349.70001220703125,352.1000180925642,0.3117825224630677,2.4,tp
NATIONALUM,2026-07-08 10:10:00+05:30,354.0,352.05714416503906,-0.4292975991459216,-1.94,sl
NATIONALUM,2026-07-10 09:55:00+05:30,363.0,361.33214024135043,-0.37567929895034213,-1.67,sl
NATIONALUM,2026-07-14 11:40:00+05:30,363.7999877929688,365.5732073102679,0.19244962783916078,1.77,tp
NATIONALUM,2026-07-16 11:15:00+05:30,361.3999938964844,360.70356314522877,-0.21562215213347508,-0.7,sl
NATIONALUM,2026-07-21 11:25:00+05:30,343.3500061035156,344.19108145577565,0.04697690472848517,0.84,tp
NATIONALUM,2026-07-23 09:15:00+05:30,344.70001220703125,345.85716356549943,0.10141885421921897,1.16,tp
NATIONALUM,2026-07-23 09:25:00+05:30,349.0,350.5857195172991,0.17261653592534373,1.59,tp
NATIONALUM,2026-07-29 09:50:00+05:30,338.3999938964844,340.38214329310824,0.25144493481820834,1.98,tp
NATIONALUM,2026-07-30 11:25:00+05:30,347.1000061035156,346.2964324951172,-0.2389064121466113,-0.8,sl
NATIONALUM,2026-07-31 09:15:00+05:30,354.79998779296875,353.16784014020647,-0.376011450211436,-1.63,sl
NATIONALUM,2026-07-31 11:15:00+05:30,355.25,354.3642817905971,-0.24959350475488976,-0.89,sl
NATIONALUM,2026-08-03 11:35:00+05:30,359.8999938964844,361.3500061035156,0.14173585411868173,1.45,time
NATIONALUM,2026-08-04 09:25:00+05:30,378.6499938964844,376.807137625558,-0.392014731382272,-1.84,sl
NATIONALUM,2026-08-04 09:35:00+05:30,380.8999938964844,378.73213849748885,-0.4414841848883846,-2.17,sl
NATIONALUM,2026-08-11 10:25:00+05:30,393.5,392.2071446010045,-0.2971316999739051,-1.29,sl
NATIONALUM,2026-08-12 09:20:00+05:30,417.3999938964844,421.90535627092635,0.5476323584555643,4.51,tp
NATIONALUM,2026-08-17 09:45:00+05:30,384.7000122070313,382.9107317243304,-0.37906635184685034,-1.79,sl
NATIONALUM,2026-08-17 11:30:00+05:30,388.2000122070313,389.8607264927456,0.1566791705552962,1.66,tp
NATIONALUM,2026-08-18 11:50:00+05:30,390.5,389.70000130789623,-0.22291913322977264,-0.8,sl
NATIONALUM,2026-08-20 09:15:00+05:30,393.4500122070313,392.1857278006418,-0.2927997509972219,-1.26,sl
NAUKRI,2026-06-04 11:10:00+05:30,1021.7000122070312,1018.3285784040179,-0.2979896503513123,-3.37,sl
NAUKRI,2026-06-08 10:45:00+05:30,993.0,998.1160845075334,0.20912897326485802,5.12,tp
NAUKRI,2026-06-11 11:20:00+05:30,967.2999877929688,964.7035435267858,-0.2610530941145026,-2.6,sl
NAUKRI,2026-06-12 11:35:00+05:30,980.5,983.7571389334543,0.09931497807981177,3.26,tp
NAUKRI,2026-06-15 10:55:00+05:30,1000.4500122070312,997.3714338030134,-0.2846316177592778,-3.08,sl
NAUKRI,2026-07-02 09:20:00+05:30,1030.949951171875,1026.4927978515625,-0.35940075841195274,-4.46,sl
NAUKRI,2026-07-02 09:35:00+05:30,1038.0,1032.392861502511,-0.4241120518779713,-5.61,sl
NAUKRI,2026-07-03 10:15:00+05:30,1054.0,1048.3928745814733,-0.4191912002956388,-5.61,sl
NAUKRI,2026-07-07 09:30:00+05:30,1045.75,1050.5553676060267,0.17570839719015366,4.81,tp
NAUKRI,2026-07-07 09:50:00+05:30,1062.8499755859375,1057.8249773297991,-0.3836711693031634,-5.02,sl
NAUKRI,2026-07-07 10:10:00+05:30,1076.0,1087.8982195172991,0.5634694898122197,11.9,tp
NAUKRI,2026-07-07 10:45:00+05:30,1105.0,1118.607142857143,0.6388493859082112,13.61,tp
NAUKRI,2026-07-08 09:20:00+05:30,1215.0999755859375,1205.7678484235491,-0.5608078684828357,-9.33,sl
NAUKRI,2026-07-09 09:20:00+05:30,1200.550048828125,1209.7161254882812,0.35809385468452876,9.17,tp
NAUKRI,2026-07-14 11:25:00+05:30,1188.550048828125,1184.7929164341517,-0.2896663450232172,-3.76,sl
NAUKRI,2026-07-15 09:25:00+05:30,1197.25,1193.0642961774554,-0.3097659046587401,-4.19,sl
NAUKRI,2026-07-15 10:05:00+05:30,1199.550048828125,1195.289350237165,-0.3131148389409338,-4.26,sl
NAUKRI,2026-07-20 11:25:00+05:30,1202.300048828125,1198.70361328125,-0.2794777709797363,-3.6,sl
NAUKRI,2026-07-21 09:25:00+05:30,1216.0,1210.8785749162946,-0.35270189557756854,-5.12,sl
NAUKRI,2026-07-21 10:05:00+05:30,1221.949951171875,1216.064243861607,-0.38899910203147237,-5.89,sl
NAUKRI,2026-07-28 09:20:00+05:30,1216.1500244140625,1223.312508719308,0.25336845758135806,7.16,tp
NAUKRI,2026-07-28 09:35:00+05:30,1229.0999755859375,1237.4356951032366,0.3069182173724474,8.34,tp
NAUKRI,2026-07-29 09:35:00+05:30,1264.3499755859375,1257.9214041573662,-0.4050692396585276,-6.43,sl
NAUKRI,2026-08-04 09:20:00+05:30,1274.800048828125,1270.8428780691963,-0.28624900881826976,-3.96,sl
NAUKRI,2026-08-06 11:35:00+05:30,1254.9000244140625,1252.36430140904,-0.22123944325555647,-2.54,sl
NAUKRI,2026-08-10 11:20:00+05:30,1274.0,1270.085702078683,-0.28434684087835305,-3.91,sl
NAUKRI,2026-08-11 09:45:00+05:30,1335.300048828125,1350.22505405971,0.5706360227283723,14.93,tp
NAUKRI,2026-08-13 11:55:00+05:30,1346.0999755859375,1349.324986049107,0.043749076071373245,3.23,tp
NAUKRI,2026-08-17 11:05:00+05:30,1364.300048828125,1360.4714878627233,-0.26837473407804785,-3.83,sl
NAUKRI,2026-08-18 10:55:00+05:30,1358.4000244140625,1355.5142909458705,-0.22746172333603012,-2.89,sl
NAUKRI,2026-08-19 11:45:00+05:30,1361.199951171875,1364.7249276297432,0.055376575858682955,3.52,tp
MOTHERSON,2026-06-15 09:25:00+05:30,147.75999450683594,148.8689204624721,0.35029480110796135,1.11,tp
MOTHERSON,2026-06-16 10:45:00+05:30,148.69000244140625,148.29785919189453,-0.2582392533753233,-0.39,sl
MOTHERSON,2026-06-24 11:50:00+05:30,145.0800018310547,144.76785823277064,-0.22909164364949877,-0.31,sl
MOTHERSON,2026-06-25 09:20:00+05:30,146.80999755859375,147.50214440482003,0.18287454168100561,0.69,tp
MOTHERSON,2026-06-25 09:35:00+05:30,148.08999633789062,148.91607339041573,0.2346925813842075,0.83,tp
MOTHERSON,2026-06-25 10:15:00+05:30,149.7899932861328,149.03070504324776,-0.40414110831875244,-0.76,sl
MOTHERSON,2026-07-03 10:40:00+05:30,149.55999755859375,149.22714124407088,-0.23353422838582227,-0.33,sl
MOTHERSON,2026-07-15 09:15:00+05:30,143.72000122070312,143.38214656284876,-0.24104703102619912,-0.34,sl
MOTHERSON,2026-07-16 10:55:00+05:30,144.17999267578125,143.76927730015345,-0.27091776799491785,-0.41,sl
MOTHERSON,2026-07-21 11:25:00+05:30,144.89999389648438,144.88999938964844,-0.10413851232170962,-0.01,time
MOTHERSON,2026-07-22 11:30:00+05:30,147.47000122070312,147.067143031529,-0.2639078534641882,-0.4,sl
MOTHERSON,2026-07-23 10:55:00+05:30,147.1300048828125,147.96143450055803,0.2390591681449691,0.83,tp
MOTHERSON,2026-07-24 11:10:00+05:30,144.39999389648438,144.96785300118583,0.13595254655282096,0.57,tp
MOTHERSON,2026-07-27 10:20:00+05:30,148.1999969482422,147.6949964250837,-0.3044536573107437,-0.51,sl
MOTHERSON,2026-07-31 09:30:00+05:30,149.14999389648438,149.86249651227678,0.18662526783081432,0.71,tp
MOTHERSON,2026-07-31 10:30:00+05:30,150.1300048828125,150.9250112261091,0.21772716343431256,0.8,tp
MOTHERSON,2026-08-03 11:50:00+05:30,154.19000244140625,153.86428941999162,-0.2267448017085555,-0.33,sl
MOTHERSON,2026-08-06 11:50:00+05:30,157.0500030517578,155.94286019461495,-0.5229772055889697,-1.11,sl
MOTHERSON,2026-08-07 09:15:00+05:30,162.1699981689453,161.0421404157366,-0.5172872045174679,-1.13,sl
MOTHERSON,2026-08-07 09:55:00+05:30,164.27999877929688,166.45820999145508,0.6955482937705166,2.18,tp
MOTHERSON,2026-08-07 10:55:00+05:30,168.10000610351562,167.25572313581193,-0.4013502452285874,-0.84,sl
MOTHERSON,2026-08-12 09:20:00+05:30,170.63999938964844,171.1360697065081,0.07442697560971204,0.5,tp
MOTHERSON,2026-08-12 09:30:00+05:30,171.72000122070312,171.2971431187221,-0.24774916106746,-0.42,sl
MOTHERSON,2026-08-13 09:25:00+05:30,171.1699981689453,170.73571450369698,-0.25222889638160445,-0.43,sl
MOTHERSON,2026-08-17 11:25:00+05:30,168.9600067138672,168.7000023978097,-0.19233107447650818,-0.26,sl
MOTHERSON,2026-08-19 10:00:00+05:30,171.3000030517578,172.09928621564592,0.1799590716807884,0.8,tp
NBCC,2026-06-01 11:10:00+05:30,102.87999725341795,102.32928303309848,-0.4211785974077762,-0.55,sl
NBCC,2026-06-02 09:20:00+05:30,106.2300033569336,105.66143144880022,-0.42113634011079115,-0.57,sl
NBCC,2026-06-02 09:35:00+05:30,106.52999877929688,105.85928344726562,-0.4777613853657139,-0.67,sl
NBCC,2026-06-04 09:20:00+05:30,103.87000274658205,103.48785999843054,-0.32074289287380436,-0.38,sl
NBCC,2026-06-05 09:20:00+05:30,105.33999633789062,105.00785282679966,-0.28918370379978287,-0.33,sl
NBCC,2026-06-10 11:25:00+05:30,106.11000061035156,106.55142620631628,0.14960451989008083,0.44,tp
NBCC,2026-06-10 11:50:00+05:30,107.0,106.66071592058454,-0.29025275481240953,-0.34,sl
NBCC,2026-06-12 09:25:00+05:30,103.3499984741211,104.09464018685476,0.332302887505195,0.74,tp
NBCC,2026-06-15 11:10:00+05:30,107.31999969482422,107.67785726274762,0.10006945710455237,0.36,tp
NBCC,2026-06-15 11:20:00+05:30,108.56999969482422,108.26428495134627,-0.26894984489487306,-0.31,sl
NBCC,2026-06-16 10:00:00+05:30,109.3000030517578,108.836432320731,-0.3544761489936682,-0.46,sl
NBCC,2026-06-17 09:20:00+05:30,109.91999816894533,110.49214226858957,0.21230573644927006,0.57,tp
NBCC,2026-06-19 10:25:00+05:30,111.3499984741211,112.034640448434,0.26891350715484474,0.68,tp
NBCC,2026-06-19 10:35:00+05:30,112.55999755859376,112.05285535539902,-0.3703316706794084,-0.51,sl
NBCC,2026-06-19 11:55:00+05:30,113.26000213623048,112.91071592058455,-0.28503595747374616,-0.35,sl
NBCC,2026-06-23 09:30:00+05:30,110.9000015258789,110.6200032915388,-0.25148686951538446,-0.28,sl
NBCC,2026-06-25 09:35:00+05:30,110.06999969482422,109.65499986921039,-0.3262195839544538,-0.41,sl
NBCC,2026-06-30 10:50:00+05:30,105.4000015258789,105.11428724016463,-0.26264570108803614,-0.29,sl
NBCC,2026-06-30 11:15:00+05:30,105.80999755859376,106.25249644688199,0.15092083838855824,0.44,tp
NBCC,2026-07-01 11:25:00+05:30,105.51000213623048,105.26571655273439,-0.2389170193631585,-0.24,sl
NBCC,2026-07-07 11:35:00+05:30,98.5999984741211,98.3642828805106,-0.2434374831186391,-0.24,sl
NBCC,2026-07-10 09:40:00+05:30,99.76000213623048,99.39428710937501,-0.31995690799367954,-0.37,sl
NBCC,2026-07-13 09:20:00+05:30,101.1999969482422,100.75071116856168,-0.3663749762227595,-0.45,sl
NBCC,2026-07-13 10:05:00+05:30,102.01000213623048,101.33071517944337,-0.4995413837242827,-0.68,sl
NBCC,2026-07-15 09:15:00+05:30,99.11000061035156,98.88357216971261,-0.23707704928536077,-0.23,sl
NBCC,2026-07-17 09:30:00+05:30,98.3499984741211,97.9864273071289,-0.32180244390416796,-0.36,sl
NBCC,2026-07-23 11:05:00+05:30,94.9499969482422,94.74356896536693,-0.23044422717851837,-0.21,sl
NBCC,2026-07-24 11:20:00+05:30,92.29000091552734,92.60714203970772,0.10618124674459084,0.32,tp
NBCC,2026-07-24 11:55:00+05:30,93.12999725341795,92.90142495291572,-0.24726015714159,-0.23,sl
NBCC,2026-07-27 09:25:00+05:30,95.45999908447266,95.1721409388951,-0.28092906872301526,-0.29,sl
NBCC,2026-07-28 10:45:00+05:30,95.01000213623048,94.77428708757674,-0.2488569898035139,-0.24,sl
NBCC,2026-07-31 09:20:00+05:30,94.58000183105467,94.92928859165735,0.12158178505426594,0.35,tp
NBCC,2026-08-03 09:20:00+05:30,96.0,95.79071426391602,-0.2308035850524902,-0.21,sl
NBCC,2026-08-03 09:55:00+05:30,96.2699966430664,96.04000091552734,-0.2433441792203245,-0.23,time
NBCC,2026-08-05 09:20:00+05:30,96.16000366210938,95.92928859165738,-0.24395698523225182,-0.23,sl
NBCC,2026-08-06 11:50:00+05:30,96.4000015258789,96.2400005885533,-0.19958564406204055,-0.16,sl
NBCC,2026-08-10 11:00:00+05:30,95.18000030517578,94.97214453560966,-0.23102906213469734,-0.21,sl
NBCC,2026-08-20 09:20:00+05:30,88.2699966430664,88.04071208408901,-0.2558522041670936,-0.23,sl
NBCC,2026-08-20 10:45:00+05:30,88.62999725341797,88.860353742327,0.05594482413243305,0.23,tp
MOTILALOFS,2026-06-04 09:55:00+05:30,865.0,861.3928527832031,-0.35020674336163293,-3.61,sl
MOTILALOFS,2026-06-05 09:25:00+05:30,869.75,866.6035679408482,-0.31705768732292045,-3.15,sl
MOTILALOFS,2026-06-09 09:20:00+05:30,845.5499877929688,852.2785513741629,0.3774570642776703,6.73,tp
MOTILALOFS,2026-06-09 09:50:00+05:30,856.5499877929688,850.6785539899554,-0.5112848440854224,-5.87,sl
MOTILALOFS,2026-06-11 11:50:00+05:30,841.2999877929688,839.2464250837054,-0.2464563940848679,-2.05,sl
MOTILALOFS,2026-06-12 09:20:00+05:30,875.4000244140625,869.8428824288504,-0.4808870342857258,-5.56,sl
MOTILALOFS,2026-06-15 09:30:00+05:30,926.9000244140624,934.812534877232,0.4121918386940264,7.91,tp
MOTILALOFS,2026-06-16 09:15:00+05:30,944.9000244140624,942.0821707589284,-0.27893027298086764,-2.82,sl
MOTILALOFS,2026-06-18 09:20:00+05:30,953.5499877929688,958.7035631452288,0.22427720108443874,5.15,tp
MOTILALOFS,2026-06-18 09:35:00+05:30,959.4500122070312,955.4678649902344,-0.34902686952726425,-3.98,sl
MOTILALOFS,2026-06-19 09:30:00+05:30,956.4500122070312,952.4464372907366,-0.3511521688659671,-4.0,sl
MOTILALOFS,2026-06-25 11:35:00+05:30,947.4500122070312,945.2250148228237,-0.24090436575273463,-2.22,sl
MOTILALOFS,2026-06-29 09:35:00+05:30,963.8499755859376,959.8785531180247,-0.34722244551587905,-3.97,sl
MOTILALOFS,2026-07-02 09:35:00+05:30,970.4500122070312,967.3428737095425,-0.2921050105665367,-3.11,sl
MOTILALOFS,2026-07-03 09:35:00+05:30,968.3499755859376,964.9606889997211,-0.3100038212423561,-3.39,sl
MOTILALOFS,2026-07-10 09:30:00+05:30,968.1500244140624,975.5964529854909,0.36148396738007016,7.45,tp
MOTILALOFS,2026-07-17 09:30:00+05:30,968.5,965.0035749162946,-0.3166086783916607,-3.5,sl
MOTILALOFS,2026-07-17 09:40:00+05:30,970.2000122070312,966.0750165666852,-0.35510176799291443,-4.12,sl
MOTILALOFS,2026-07-23 11:00:00+05:30,950.75,947.7357221330915,-0.2902252663839189,-3.01,sl
MOTILALOFS,2026-07-31 09:20:00+05:30,852.0999755859375,856.2999703543527,0.19573957672235207,4.2,tp
MOTILALOFS,2026-08-03 09:25:00+05:30,867.75,872.8232051304409,0.2507834143779358,5.07,tp
MOTILALOFS,2026-08-04 09:20:00+05:30,873.0,871.0821358816964,-0.23181196689371508,-1.92,sl
MOTILALOFS,2026-08-04 09:45:00+05:30,874.3499755859375,877.9499925885882,0.14704183243590876,3.6,tp
MOTILALOFS,2026-08-11 10:15:00+05:30,889.0,886.4250052315848,-0.2737904230651425,-2.57,sl
MOTILALOFS,2026-08-13 09:20:00+05:30,902.4500122070312,898.942862374442,-0.33317523088146256,-3.51,sl
MOTILALOFS,2026-08-17 09:20:00+05:30,916.9000244140624,912.6428745814732,-0.3785788888146045,-4.26,sl
MOTILALOFS,2026-08-17 09:35:00+05:30,923.0,931.073224748884,0.4248033422893139,8.07,tp
MOTILALOFS,2026-08-17 09:50:00+05:30,935.0499877929688,929.0178353445871,-0.4870693028478347,-6.03,sl
MOTILALOFS,2026-08-18 11:25:00+05:30,946.8499755859376,944.2392621721541,-0.26543571723712184,-2.61,sl
MOTILALOFS,2026-08-19 11:40:00+05:30,943.0,940.500004359654,-0.25906653066888746,-2.5,sl
MOTILALOFS,2026-08-20 09:35:00+05:30,961.25,966.499993460519,0.22769790130677897,5.25,tp
MOTILALOFS,2026-08-20 09:50:00+05:30,972.7999877929688,979.346413748605,0.30376805331720985,6.55,tp
MOTILALOFS,2026-08-20 10:50:00+05:30,986.5999755859376,981.8535417829243,-0.3886539988121005,-4.75,sl
MUTHOOTFIN,2026-06-09 11:50:00+05:30,2977.0,2989.3321533203125,0.14854860571674502,12.33,tp
MUTHOOTFIN,2026-06-12 11:10:00+05:30,2996.39990234375,2986.8070242745534,-0.29208807332478787,-9.59,sl
MUTHOOTFIN,2026-06-17 11:25:00+05:30,3174.10009765625,3183.539393833705,0.07843097357437066,9.44,tp
MUTHOOTFIN,2026-07-02 10:55:00+05:30,2993.10009765625,2984.0500837053573,-0.2814175334392448,-9.05,sl
MUTHOOTFIN,2026-07-03 09:40:00+05:30,3056.300048828125,3081.200038364955,0.38882614545082145,24.9,tp
MUTHOOTFIN,2026-07-06 09:20:00+05:30,3095.0,3086.928553989955,-0.25647391295725047,-8.07,sl
MUTHOOTFIN,2026-07-07 11:30:00+05:30,3135.199951171875,3127.264229910714,-0.2518701464293127,-7.94,sl
MUTHOOTFIN,2026-07-08 09:50:00+05:30,3141.199951171875,3159.6499459402903,0.25241299608830525,18.45,tp
MUTHOOTFIN,2026-07-10 10:50:00+05:30,3137.10009765625,3147.321541922433,0.09549476805957484,10.22,tp
MUTHOOTFIN,2026-07-21 09:30:00+05:30,3014.199951171875,3025.8141741071427,0.1311901623663466,11.61,tp
MUTHOOTFIN,2026-07-21 10:10:00+05:30,3034.60009765625,3023.1572614397323,-0.32624733108040394,-11.44,sl
MUTHOOTFIN,2026-07-23 09:55:00+05:30,3084.0,3073.55712890625,-0.3031686983219844,-10.44,sl
MUTHOOTFIN,2026-07-31 09:15:00+05:30,3036.60009765625,3048.45010811942,0.13414364912224183,11.85,tp
MUTHOOTFIN,2026-07-31 09:30:00+05:30,3097.39990234375,3085.407052176339,-0.33231453242448916,-11.99,sl
MUTHOOTFIN,2026-07-31 11:35:00+05:30,3091.60009765625,3101.7893676757812,0.09774750351293675,10.19,tp
MUTHOOTFIN,2026-08-10 09:50:00+05:30,2929.10009765625,2918.7000906808034,-0.3130348563458429,-10.4,sl
MUTHOOTFIN,2026-08-10 11:45:00+05:30,2932.60009765625,2927.614414760045,-0.2020053753702678,-4.99,sl
MUTHOOTFIN,2026-08-17 09:30:00+05:30,2862.800048828125,2872.3142613002233,0.09940363930047189,9.51,tp
MUTHOOTFIN,2026-08-17 09:50:00+05:30,2882.699951171875,2873.7928466796875,-0.2853908761173687,-8.91,sl
MUTHOOTFIN,2026-08-18 11:30:00+05:30,2888.199951171875,2894.2105974469864,0.02486627747513015,6.01,tp
MUTHOOTFIN,2026-08-20 09:20:00+05:30,2970.10009765625,2958.235857282366,-0.33967354601778516,-11.86,sl
MUTHOOTFIN,2026-08-20 11:00:00+05:30,2987.0,2979.6428745814733,-0.24778290094127994,-7.36,sl
NMDC,2026-06-01 11:00:00+05:30,89.27999877929688,88.91571480887276,-0.34481449960005034,-0.36,sl
NMDC,2026-06-02 09:25:00+05:30,94.9499969482422,95.88428197588242,0.4903855024763185,0.93,tp
NMDC,2026-06-02 11:20:00+05:30,96.97000122070312,96.49357223510742,-0.3947895099091648,-0.48,sl
NMDC,2026-06-03 09:25:00+05:30,96.9800033569336,96.54928970336914,-0.3664757508695173,-0.43,sl
NMDC,2026-06-17 10:35:00+05:30,88.55999755859375,88.32714135306222,-0.2577616612133276,-0.23,sl
NMDC,2026-06-19 09:20:00+05:30,88.79000091552734,88.6264283316476,-0.21053446256996455,-0.16,sl
NMDC,2026-06-22 11:35:00+05:30,88.94999694824219,88.83571134294782,-0.17708978699181063,-0.11,sl
NMDC,2026-07-09 10:00:00+05:30,84.44000244140625,84.20643016270229,-0.26596798101660746,-0.23,sl
NMDC,2026-07-10 10:00:00+05:30,86.0,85.72714287894112,-0.2903654332968908,-0.27,sl
NMDC,2026-07-14 09:20:00+05:30,85.3499984741211,85.11499786376953,-0.2652025409862076,-0.24,sl
NMDC,2026-07-20 11:10:00+05:30,84.72000122070312,84.53428758893695,-0.23152523306677703,-0.19,sl
NMDC,2026-07-29 09:20:00+05:30,84.7300033569336,85.07500185285296,0.14430436604565872,0.34,tp
NMDC,2026-07-29 09:45:00+05:30,85.45999908447266,85.92071451459613,0.22346040373911924,0.46,tp
NMDC,2026-07-29 10:30:00+05:30,86.19000244140625,86.27999877929688,-0.03735027125555099,0.09,time
NMDC,2026-08-06 09:20:00+05:30,86.69999694824219,86.41928264072963,-0.2942659635940703,-0.28,sl
NMDC,2026-08-10 09:35:00+05:30,85.97000122070312,86.3214304787772,0.14526875869540876,0.35,tp
NMDC,2026-08-20 11:15:00+05:30,84.8499984741211,84.64999771118164,-0.24142658800432568,-0.2,sl
OBEROIRLTY,2026-06-05 10:05:00+05:30,1651.699951171875,1644.4499686104912,-0.3633643921672333,-7.25,sl
OBEROIRLTY,2026-06-05 11:05:00+05:30,1654.5,1647.7928728376116,-0.34323217270674017,-6.71,sl
OBEROIRLTY,2026-06-22 11:00:00+05:30,1687.5999755859375,1691.3714120047432,0.03408757312275703,3.77,tp
OBEROIRLTY,2026-06-23 09:20:00+05:30,1707.699951171875,1714.6856471470423,0.14544227352258993,6.99,tp
OBEROIRLTY,2026-06-23 09:50:00+05:30,1731.0,1734.5,0.021317157712305038,3.5,time
OBEROIRLTY,2026-06-29 10:25:00+05:30,1774.9000244140625,1768.300005231585,-0.3231118065815478,-6.6,sl
OBEROIRLTY,2026-07-02 11:45:00+05:30,1840.199951171875,1847.239244733538,0.1295172399232035,7.04,tp
OBEROIRLTY,2026-07-08 10:50:00+05:30,1923.9000244140625,1917.6785975864955,-0.294025471655009,-6.22,sl
OBEROIRLTY,2026-07-14 09:20:00+05:30,1945.0999755859373,1938.0356968470978,-0.31790999416504817,-7.06,sl
OBEROIRLTY,2026-07-16 11:15:00+05:30,1885.800048828125,1881.9428972516741,-0.22272196871076894,-3.86,sl
OBEROIRLTY,2026-07-17 10:25:00+05:30,1884.5999755859373,1878.8642665318077,-0.2826077404785995,-5.74,sl
OBEROIRLTY,2026-07-17 10:40:00+05:30,1890.9000244140625,1884.864292689732,-0.2915193287768039,-6.04,sl
OBEROIRLTY,2026-07-24 11:20:00+05:30,1806.0999755859373,1801.978541782924,-0.2369171316779276,-4.12,sl
OBEROIRLTY,2026-07-27 10:30:00+05:30,1850.300048828125,1843.7857666015625,-0.31123975748760135,-6.51,sl
OBEROIRLTY,2026-07-31 09:20:00+05:30,1821.5999755859373,1828.4678431919642,0.12621435105644938,6.87,tp
OBEROIRLTY,2026-08-05 09:20:00+05:30,1808.300048828125,1802.3071812220983,-0.29884535013679014,-5.99,sl
OBEROIRLTY,2026-08-10 11:00:00+05:30,1790.699951171875,1786.7713535853795,-0.23163336215845115,-3.93,sl
OBEROIRLTY,2026-08-13 10:15:00+05:30,1803.9000244140625,1814.5714242117745,0.25494427584516083,10.67,tp
OBEROIRLTY,2026-08-17 10:40:00+05:30,1853.4000244140625,1848.3214372907366,-0.2644087748924493,-5.08,sl
OBEROIRLTY,2026-08-17 11:40:00+05:30,1870.5,1879.4249921526227,0.18628683729343176,8.92,tp
OBEROIRLTY,2026-08-20 11:35:00+05:30,1884.5,1889.0,0.04327407800477578,4.5,tp
OFSS,2026-06-04 10:00:00+05:30,10123.5,10135.5,-0.028878352348496082,12.0,time
OFSS,2026-06-16 09:55:00+05:30,9507.5,9558.017857142857,0.21880845948686958,50.52,tp
OFSS,2026-06-19 11:20:00+05:30,9416.0,9447.5,0.10072217502124044,31.5,tp
OFSS,2026-06-22 09:50:00+05:30,9831.5,9781.464285714286,-0.4053595948881479,-50.04,sl
OFSS,2026-06-23 10:40:00+05:30,9838.0,9811.964285714286,-0.2587866291057965,-26.04,sl
OFSS,2026-06-24 09:40:00+05:30,10152.5,10236.82142857143,0.39832905336476343,84.32,tp
OFSS,2026-06-25 10:05:00+05:30,10599.0,10689.375,0.4116048683838098,90.38,tp
OFSS,2026-06-25 10:45:00+05:30,10759.5,10844.625,0.3746967795901296,85.12,tp
OFSS,2026-07-01 10:30:00+05:30,11041.0,10971.357142857143,-0.47845950806733195,-69.64,sl
OFSS,2026-07-02 09:25:00+05:30,11139.0,11219.785714285714,0.33515062906390386,80.79,tp
OFSS,2026-07-03 09:55:00+05:30,11220.0,11159.142857142857,-0.42543926661573855,-60.86,sl
OFSS,2026-07-06 09:25:00+05:30,11333.0,11298.0,-0.28529956763434217,-35.0,sl
OFSS,2026-07-07 11:10:00+05:30,11193.0,11161.92857142857,-0.2665581804954669,-31.07,sl
OFSS,2026-07-14 11:10:00+05:30,11862.0,11820.42857142857,-0.31027530890960725,-41.57,sl
OFSS,2026-07-15 09:25:00+05:30,11780.0,11740.357142857143,-0.301916080523889,-39.64,sl
OFSS,2026-07-16 09:15:00+05:30,11765.0,11727.42857142857,-0.2916094954769028,-37.57,sl
OFSS,2026-07-27 09:25:00+05:30,11018.0,11114.535714285714,0.42569820812695824,96.54,tp
OFSS,2026-07-28 09:20:00+05:30,11396.0,11353.142857142857,-0.3256430827859413,-42.86,sl
OFSS,2026-07-28 10:30:00+05:30,11415.0,11400.0,-0.1788436268068331,-15.0,time
OFSS,2026-07-29 09:25:00+05:30,11666.0,11617.42857142857,-0.3498101932355358,-48.57,sl
OFSS,2026-08-04 10:25:00+05:30,11560.0,11604.57142857143,0.131339594661398,44.57,tp
OFSS,2026-08-05 11:50:00+05:30,11762.0,11735.0,-0.2377316782860058,-27.0,sl
OFSS,2026-08-11 09:30:00+05:30,11912.0,11876.785714285714,-0.2773721577281039,-35.21,sl
OFSS,2026-08-14 10:05:00+05:30,11545.0,11614.42857142857,0.2608241044360536,69.43,tp
OFSS,2026-08-17 10:55:00+05:30,11889.0,11897.0,-0.05962654554630331,8.0,time
OIL,2026-06-03 09:30:00+05:30,492.3999938964844,490.3214198521205,-0.35327872503599006,-2.08,sl
OIL,2026-06-04 11:10:00+05:30,492.0,491.0214276994978,-0.2193380854270985,-0.98,sl
OIL,2026-06-08 11:55:00+05:30,491.9500122070313,490.93215724400113,-0.2241412669304078,-1.02,sl
OIL,2026-06-17 11:20:00+05:30,416.3999938964844,415.7035696847098,-0.20034931152487456,-0.7,sl
OIL,2026-06-18 11:55:00+05:30,420.7000122070313,419.69287327357705,-0.24363759033483928,-1.01,sl
OIL,2026-06-29 11:15:00+05:30,411.25,410.31070818219865,-0.2370395357278562,-0.94,sl
OIL,2026-06-30 11:00:00+05:30,416.3999938964844,417.1499938964844,0.00806916584918788,0.75,time
OIL,2026-07-01 11:20:00+05:30,416.1499938964844,417.17322322300504,0.04752795985024395,1.02,tp
OIL,2026-07-02 10:55:00+05:30,419.8500061035156,418.4500034877232,-0.30007182500036356,-1.4,sl
OIL,2026-07-03 10:15:00+05:30,423.7999877929688,425.8624845232283,0.19200048933466196,2.06,tp
OIL,2026-07-03 10:30:00+05:30,426.7000122070313,425.4607260567802,-0.2742609957531251,-1.24,sl
OIL,2026-07-06 11:05:00+05:30,423.2999877929688,424.0,-0.0007778558160184256,0.7,time
OIL,2026-07-07 11:50:00+05:30,424.0,423.3821454729353,-0.18743224439594924,-0.62,sl
OIL,2026-07-08 11:05:00+05:30,429.2000122070313,428.1821572440012,-0.2422909973086123,-1.02,sl
OIL,2026-07-10 11:05:00+05:30,424.25,423.3000052315848,-0.23435400378293852,-0.95,sl
OIL,2026-07-14 10:35:00+05:30,440.3999938964844,438.8928506033761,-0.30533287656619074,-1.51,sl
OIL,2026-07-20 09:25:00+05:30,448.5,446.0892857142857,-0.4225035833731475,-2.41,sl
OIL,2026-07-20 11:30:00+05:30,450.4500122070313,449.2250082833427,-0.26317068138414546,-1.23,sl
OIL,2026-07-23 09:15:00+05:30,454.1000061035156,455.84108080182756,0.13004730344553778,1.74,tp
OIL,2026-07-23 09:30:00+05:30,458.5,460.5571408952985,0.16920055336512757,2.06,tp
OIL,2026-07-27 11:00:00+05:30,442.7000122070313,441.57858276367193,-0.2519895295826103,-1.12,sl
OIL,2026-07-28 11:15:00+05:30,440.0,439.11786106654574,-0.22029167274376238,-0.88,sl
OIL,2026-07-30 09:20:00+05:30,454.6499938964844,456.76606205531533,0.1792567716579906,2.12,tp
OIL,2026-07-31 10:50:00+05:30,457.8999938964844,456.6392735072545,-0.2651959475039751,-1.26,sl
OIL,2026-08-06 11:55:00+05:30,444.2000122070313,444.3500061035156,-0.07973968135582903,0.15,time
OIL,2026-08-07 09:20:00+05:30,449.5499877929688,451.04999433244984,0.1002010784400465,1.5,tp
OIL,2026-08-10 09:20:00+05:30,458.1000061035156,462.0267878941127,0.41431325976141975,3.93,tp
OIL,2026-08-11 09:20:00+05:30,475.2999877929688,479.41427612304693,0.41937156773547746,4.11,tp
OIL,2026-08-13 11:40:00+05:30,476.2999877929688,477.35534885951455,0.032944920461069394,1.06,tp
OIL,2026-08-17 09:35:00+05:30,477.5499877929688,475.7892739432199,-0.321218372286368,-1.76,sl
OIL,2026-08-18 09:25:00+05:30,484.0,482.4785635811942,-0.2886078205131181,-1.52,sl
OIL,2026-08-18 10:05:00+05:30,485.7999877929688,483.4678388323103,-0.3880381662321979,-2.33,sl
OIL,2026-08-20 11:05:00+05:30,469.6000061035156,468.66786193847656,-0.2190984863190466,-0.93,sl
OIL,2026-08-20 11:20:00+05:30,470.75,472.3250013078962,0.10074366112325091,1.58,tp
ONGC,2026-06-10 09:30:00+05:30,260.3999938964844,261.5035640171596,0.15427883560870873,1.1,tp
ONGC,2026-06-11 09:20:00+05:30,255.3500061035156,254.5642918178013,-0.28462054441364393,-0.79,sl
ONGC,2026-06-16 09:50:00+05:30,246.1999969482422,245.52142660958427,-0.2653705151265067,-0.68,sl
ONGC,2026-06-22 09:20:00+05:30,247.0,246.75,-0.16072874493927125,-0.25,time
ONGC,2026-06-23 09:20:00+05:30,245.8999938964844,245.5499921526228,-0.18540099696194792,-0.35,sl
ONGC,2026-06-23 09:35:00+05:30,246.1999969482422,245.82142421177457,-0.1922598069439953,-0.38,sl
ONGC,2026-07-01 11:40:00+05:30,235.2899932861328,235.70356151035855,0.005461745767353717,0.41,tp
ONGC,2026-07-03 10:35:00+05:30,239.44000244140625,238.92571803501676,-0.22887180115578487,-0.51,sl
ONGC,2026-07-06 09:45:00+05:30,241.1000061035156,240.4000047956194,-0.27420189718178384,-0.7,sl
ONGC,2026-07-13 09:20:00+05:30,248.2400054931641,247.68572126116075,-0.23397137119027428,-0.55,sl
ONGC,2026-07-13 11:20:00+05:30,248.0200042724609,247.62357657296315,-0.19590219159796576,-0.4,sl
ONGC,2026-07-20 09:20:00+05:30,251.82000732421875,251.19500841413225,-0.24891562828409014,-0.62,sl
ONGC,2026-07-23 09:15:00+05:30,253.27999877929688,252.89856828962053,-0.19035782332154502,-0.38,sl
ONGC,2026-07-24 11:45:00+05:30,250.66000366210935,250.38286045619418,-0.16633923287308888,-0.28,sl
ONGC,2026-07-28 11:25:00+05:30,238.6499938964844,238.34927804129467,-0.1756042395677177,-0.3,sl
ONGC,2026-07-29 11:30:00+05:30,239.44000244140625,239.75393513270788,-0.021333272276810946,0.31,tp
ONGC,2026-07-29 11:50:00+05:30,239.9600067138672,239.72929055350167,-0.1576886532531134,-0.23,sl
ONGC,2026-08-04 09:50:00+05:30,242.83999633789065,242.6499938964844,-0.14694509412079176,-0.19,time
ONGC,2026-08-07 09:15:00+05:30,238.91000366210935,239.3707215445382,0.01570496221174407,0.46,tp
ONGC,2026-08-07 09:30:00+05:30,240.91000366210935,241.25,-0.015321987616375148,0.34,time
ONGC,2026-08-11 09:20:00+05:30,242.8800048828125,242.3357206072126,-0.23445757526129124,-0.54,sl
ONGC,2026-08-18 09:20:00+05:30,240.33999633789065,240.98820441109797,0.06182277184426871,0.65,tp
ONGC,2026-08-19 11:20:00+05:30,241.77999877929688,241.39571380615234,-0.1953639610599841,-0.38,sl
ONGC,2026-08-20 11:05:00+05:30,237.3999938964844,237.85641860961917,0.015355869806917801,0.46,tp
NCC,2026-06-11 11:35:00+05:30,143.5500030517578,144.1017848423549,0.1306297926297397,0.55,tp
NCC,2026-06-12 09:20:00+05:30,149.1699981689453,148.28357151576452,-0.4565435398786498,-0.89,sl
NCC,2026-06-12 10:30:00+05:30,150.32000732421875,151.26393726893835,0.2767681873579253,0.94,tp
NCC,2026-06-17 09:25:00+05:30,155.41000366210938,154.96929277692522,-0.2701476899038038,-0.44,sl
NCC,2026-06-17 11:20:00+05:30,156.39999389648438,155.89285278320312,-0.29455542189480216,-0.51,sl
NCC,2026-06-19 10:00:00+05:30,156.4199981689453,157.43036106654577,0.28755769444870766,1.01,tp
NCC,2026-06-19 10:35:00+05:30,158.2100067138672,157.40929303850447,-0.4036648662094515,-0.8,sl
NCC,2026-06-19 11:15:00+05:30,159.49000549316406,158.74500710623605,-0.3802677388935004,-0.74,sl
NCC,2026-06-22 09:20:00+05:30,160.07000732421875,159.4542944771903,-0.3307913358614395,-0.62,sl
NCC,2026-07-01 09:20:00+05:30,151.44000244140625,150.82428305489677,-0.34394587027864487,-0.62,sl
NCC,2026-07-07 09:20:00+05:30,152.17999267578125,151.69642203194755,-0.29065737959284027,-0.48,sl
NCC,2026-07-09 10:00:00+05:30,145.4600067138672,144.91429138183594,-0.32509912285569487,-0.55,sl
NCC,2026-07-27 11:35:00+05:30,141.27000427246094,141.8946489606585,0.16529822438151498,0.62,tp
NCC,2026-07-30 11:30:00+05:30,142.16000366210938,141.9250030517578,-0.1991842730576118,-0.24,sl
NCC,2026-08-07 09:15:00+05:30,148.00999450683594,147.4257093157087,-0.33685637976302363,-0.58,sl
NCC,2026-08-10 11:45:00+05:30,146.05999755859375,146.3299947466169,0.010912170013493983,0.27,tp
NCC,2026-08-14 11:25:00+05:30,142.52000427246094,142.85429109845842,0.04073259162625836,0.33,tp
NCC,2026-08-17 11:50:00+05:30,139.0,139.2432098388672,0.0049826642592176295,0.24,tp
NCC,2026-08-20 10:25:00+05:30,141.64999389648438,142.31963675362724,0.18364682781372757,0.67,tp
NCC,2026-08-20 10:55:00+05:30,142.60000610351562,142.20643724714006,-0.26559698717959446,-0.39,sl
NTPC,2026-06-10 10:40:00+05:30,357.8500061035156,356.88571384974887,-0.261680967553956,-0.96,sl
NTPC,2026-06-16 10:35:00+05:30,351.3999938964844,352.53570556640625,0.09391776146526064,1.14,tp
NTPC,2026-06-18 09:50:00+05:30,358.3500061035156,357.4642900739397,-0.2482990396802275,-0.89,sl
NTPC,2026-06-19 09:20:00+05:30,365.8999938964844,364.8535657610212,-0.2715924820309088,-1.05,sl
NTPC,2026-06-19 09:45:00+05:30,367.7000122070313,366.317864554269,-0.32553401254456443,-1.38,sl
NTPC,2026-06-25 11:20:00+05:30,358.5,357.7321450369699,-0.22851129088370167,-0.77,sl
NTPC,2026-07-01 11:00:00+05:30,358.6000061035156,359.60179574149,0.06761677985334534,1.0,tp
NTPC,2026-07-06 11:10:00+05:30,357.3500061035156,358.062508719308,0.019631051398836325,0.71,tp
NTPC,2026-07-20 09:30:00+05:30,345.8999938964844,345.0928475516183,-0.24000804147587332,-0.81,sl
NTPC,2026-07-22 11:25:00+05:30,348.3500061035156,349.0517905099051,0.020875738899390258,0.7,tp
NTPC,2026-07-22 11:35:00+05:30,350.25,349.6678575788225,-0.19972461176487877,-0.58,sl
NTPC,2026-07-27 11:45:00+05:30,351.1499938964844,350.6285661969866,-0.18909486690491087,-0.52,sl
NTPC,2026-07-30 10:45:00+05:30,345.1499938964844,346.2053418840681,0.08345901890415403,1.06,tp
NTPC,2026-08-05 09:20:00+05:30,345.3999938964844,346.52498735700334,0.0954244609841174,1.12,tp
NTPC,2026-08-05 09:45:00+05:30,347.75,346.78214372907365,-0.2669917361770836,-0.97,sl
NTPC,2026-08-13 09:25:00+05:30,340.5,339.7428545270647,-0.23341770448198984,-0.76,sl
NTPC,2026-08-13 11:35:00+05:30,341.25,341.54998779296875,-0.047254893543956046,0.3,time
NTPC,2026-08-20 11:15:00+05:30,337.70001220703125,338.4071524483817,0.02563936318431205,0.71,tp
PAGEIND,2026-06-04 09:20:00+05:30,37855.0,37738.92857142857,-0.28397267769873596,-116.07,sl
PAGEIND,2026-06-04 11:35:00+05:30,38375.0,38522.857142857145,0.1311772917636142,147.86,tp
PAGEIND,2026-06-08 10:00:00+05:30,38595.0,38550.0,-0.16995724834823164,-45.0,time
PAGEIND,2026-06-12 11:30:00+05:30,38400.0,38338.57142857143,-0.1959821428571445,-61.43,sl
PAGEIND,2026-06-15 09:20:00+05:30,39320.0,39525.17857142857,0.21309039383810652,205.18,tp
PAGEIND,2026-06-17 10:25:00+05:30,39275.0,39370.892857142855,0.0464944984995876,95.89,tp
PAGEIND,2026-06-18 10:05:00+05:30,39580.0,39500.0,-0.22127337038908543,-80.0,sl
PAGEIND,2026-06-24 09:30:00+05:30,40610.0,40827.5,0.22134942132479687,217.5,tp
PAGEIND,2026-06-25 09:40:00+05:30,41405.0,41736.07142857143,0.379755723083822,331.07,tp
PAGEIND,2026-07-14 10:55:00+05:30,40160.0,40083.92857142857,-0.21365253272623633,-76.07,sl
PAGEIND,2026-07-14 11:35:00+05:30,40375.0,40300.0,-0.21145510835913311,-75.0,sl
PAGEIND,2026-07-16 09:15:00+05:30,40785.0,40704.642857142855,-0.21821573057321797,-80.36,sl
PAGEIND,2026-07-21 11:00:00+05:30,40215.0,40250.0,-0.047780678851174936,35.0,time
PAGEIND,2026-07-24 10:55:00+05:30,40240.0,40335.0,0.04165009940357853,95.0,time
PAGEIND,2026-07-28 11:45:00+05:30,40195.0,40117.142857142855,-0.21621914594921499,-77.86,sl
PAGEIND,2026-08-17 09:35:00+05:30,37345.0,37187.857142857145,-0.35247212286976315,-157.14,sl
PAGEIND,2026-08-17 11:55:00+05:30,37405.0,37293.21428571428,-0.2793113983997606,-111.79,sl
PAGEIND,2026-08-20 11:40:00+05:30,35425.0,35560.53571428572,0.12955943139429907,135.54,tp
NESTLEIND,2026-06-08 11:25:00+05:30,1407.0,1411.5750209263392,0.09509684120849556,4.58,tp
NESTLEIND,2026-06-10 09:25:00+05:30,1440.0,1446.1071297781807,0.1544637407575294,6.11,tp
NESTLEIND,2026-06-17 11:50:00+05:30,1411.699951171875,1414.335702078683,0.01202455187251331,2.64,tp
NESTLEIND,2026-06-30 11:10:00+05:30,1420.800048828125,1417.5357578822545,-0.23785011966586805,-3.26,sl
NESTLEIND,2026-07-01 09:35:00+05:30,1438.9000244140625,1443.800048828125,0.10432376110596771,4.9,time
NESTLEIND,2026-07-06 11:30:00+05:30,1466.0999755859375,1463.8856898716517,-0.19061942914503455,-2.21,sl
NESTLEIND,2026-07-07 11:10:00+05:30,1475.199951171875,1472.4570922851562,-0.21155879789203627,-2.74,sl
NESTLEIND,2026-07-08 11:05:00+05:30,1474.300048828125,1478.5429425920759,0.07267423007915129,4.24,tp
NESTLEIND,2026-07-13 11:55:00+05:30,1439.5999755859375,1437.1356724330358,-0.20270782973160506,-2.46,sl
NESTLEIND,2026-07-20 10:55:00+05:30,1446.0,1443.0428553989955,-0.22270309547736633,-2.96,sl
NESTLEIND,2026-07-22 10:45:00+05:30,1477.5999755859375,1484.67143031529,0.18714624443121355,7.07,tp
NESTLEIND,2026-07-22 11:10:00+05:30,1509.0999755859375,1502.7285330636162,-0.35332089160683317,-6.37,sl
NESTLEIND,2026-07-28 09:30:00+05:30,1468.300048828125,1473.657230922154,0.11891365180998156,5.36,tp
NESTLEIND,2026-08-05 11:15:00+05:30,1517.9000244140625,1513.885733468192,-0.2586780768682072,-4.01,sl
NESTLEIND,2026-08-07 11:25:00+05:30,1549.9000244140625,1547.6429007393974,-0.18737816526656487,-2.26,sl
PETRONET,2026-06-01 11:05:00+05:30,276.5,275.7678527832031,-0.25887462208973777,-0.73,sl
PETRONET,2026-06-03 11:00:00+05:30,270.1000061035156,269.3964320591518,-0.2562918982151085,-0.7,sl
PETRONET,2026-06-04 09:20:00+05:30,272.1000061035156,271.4678693498884,-0.23939068124534824,-0.63,sl
PETRONET,2026-06-15 10:55:00+05:30,289.04998779296875,290.26070731026783,0.15131698358685086,1.21,tp
PETRONET,2026-06-17 11:25:00+05:30,293.45001220703125,292.9250161307199,-0.20734286341231684,-0.52,sl
PETRONET,2026-07-21 09:45:00+05:30,276.3500061035156,277.3196476527623,0.1105246667988384,0.97,tp
PETRONET,2026-07-22 10:55:00+05:30,279.1000061035156,280.048221043178,0.10384412445566477,0.95,tp
PETRONET,2026-07-28 11:20:00+05:30,273.8500061035156,274.4821581159319,0.038503267845971724,0.63,tp
PETRONET,2026-07-30 09:25:00+05:30,278.8999938964844,280.1160692487444,0.16161535579912018,1.22,tp
PETRONET,2026-08-03 09:30:00+05:30,283.29998779296875,282.4071284702846,-0.28909834687391117,-0.89,sl
PETRONET,2026-08-12 09:25:00+05:30,280.3500061035156,281.35178920200894,0.11439980239346045,1.0,tp
PETRONET,2026-08-18 11:30:00+05:30,285.79998779296875,286.57677677699496,0.06307677058172119,0.78,tp
PETRONET,2026-08-19 09:20:00+05:30,289.6000061035156,288.8571537562779,-0.25390586980281776,-0.74,sl
PETRONET,2026-08-19 09:40:00+05:30,290.54998779296875,289.6285618373326,-0.2902789869589079,-0.92,sl
PETRONET,2026-08-20 11:35:00+05:30,291.1000061035156,291.68394252232144,0.020357898982284007,0.58,tp
PIDILITIND,2026-06-03 11:35:00+05:30,1460.800048828125,1465.7286202566963,0.10243310229316199,4.93,tp
PIDILITIND,2026-06-05 11:50:00+05:30,1476.300048828125,1473.8429042271205,-0.1998636260814998,-2.46,sl
PIDILITIND,2026-06-08 11:45:00+05:30,1476.800048828125,1473.3214634486608,-0.24132930381027107,-3.48,sl
PIDILITIND,2026-06-09 11:25:00+05:30,1478.0,1480.8499973842077,0.015696781496927766,2.85,tp
PIDILITIND,2026-06-09 11:35:00+05:30,1486.800048828125,1484.471479143415,-0.1939697178465362,-2.33,sl
PIDILITIND,2026-06-10 09:20:00+05:30,1512.300048828125,1507.914315359933,-0.27400251246135376,-4.39,sl
PIDILITIND,2026-06-10 10:35:00+05:30,1526.0,1534.1321847098213,0.2197451393114547,8.13,tp
PIDILITIND,2026-06-12 09:45:00+05:30,1530.9000244140625,1525.1571655273438,-0.32507775015223905,-5.74,sl
PIDILITIND,2026-06-12 10:45:00+05:30,1541.4000244140625,1548.085728236607,0.16024537628067326,6.69,tp
PIDILITIND,2026-06-12 11:00:00+05:30,1550.4000244140625,1545.992885044643,-0.27055492647138674,-4.41,sl
PIDILITIND,2026-06-15 11:05:00+05:30,1575.5,1571.8571515764509,-0.23873113640936108,-3.64,sl
PIDILITIND,2026-06-17 09:25:00+05:30,1580.5999755859375,1577.6785452706474,-0.21089828016252207,-2.92,sl
PIDILITIND,2026-06-25 10:35:00+05:30,1614.199951171875,1618.800048828125,0.07098616511208886,4.6,time
PIDILITIND,2026-07-02 11:30:00+05:30,1603.9000244140625,1601.0285906110491,-0.20741693718954907,-2.87,sl
PIDILITIND,2026-07-02 11:55:00+05:30,1606.4000244140625,1610.6000322614398,0.05687280068023748,4.2,tp
PIDILITIND,2026-07-07 11:10:00+05:30,1617.300048828125,1617.199951171875,-0.10371350967271148,-0.1,time
PIDILITIND,2026-07-10 09:30:00+05:30,1603.5,1599.7999965122767,-0.2384472773703753,-3.7,sl
PIDILITIND,2026-07-10 09:55:00+05:30,1610.0,1605.778564453125,-0.257320579386646,-4.22,sl
PIDILITIND,2026-07-15 11:35:00+05:30,1592.4000244140625,1596.503627232143,0.05461954616298172,4.1,tp
PIDILITIND,2026-07-20 10:30:00+05:30,1574.0,1570.6000279017858,-0.22960503551007197,-3.4,sl
PIDILITIND,2026-07-21 10:05:00+05:30,1585.300048828125,1581.2072230747767,-0.25490414283556295,-4.09,sl
PIDILITIND,2026-07-27 10:55:00+05:30,1620.300048828125,1613.9571794782366,-0.33487758410459145,-6.34,sl
PIDILITIND,2026-08-04 09:20:00+05:30,1646.300048828125,1652.2250409807477,0.11593847938619513,5.92,tp
PIDILITIND,2026-08-04 09:30:00+05:30,1653.199951171875,1648.528520856585,-0.2695413907547744,-4.67,sl
PIDILITIND,2026-08-06 11:05:00+05:30,1670.9000244140625,1675.8500322614398,0.07774879795503359,4.95,tp
PIDILITIND,2026-08-10 09:40:00+05:30,1669.800048828125,1665.492911202567,-0.2547659899248683,-4.31,sl
PIDILITIND,2026-08-10 10:25:00+05:30,1677.699951171875,1674.121381487165,-0.22798127634957432,-3.58,sl
PIDILITIND,2026-08-13 11:55:00+05:30,1691.0,1693.003618512835,-0.028907681389653977,2.0,tp
PIDILITIND,2026-08-20 11:30:00+05:30,1657.5,1655.2714146205358,-0.18067277391725686,-2.23,sl
PIIND,2026-06-09 11:35:00+05:30,2745.0,2758.425057547433,0.19344388081820701,13.43,tp
PIIND,2026-06-09 11:45:00+05:30,2783.800048828125,2805.06795828683,0.3583930401393193,21.27,tp
PIIND,2026-06-12 09:35:00+05:30,2838.0,2827.57137625558,-0.32047830326469,-10.43,sl
PIIND,2026-06-16 09:45:00+05:30,2884.0,2875.378574916295,-0.2793639060410228,-8.62,sl
PIIND,2026-06-16 10:50:00+05:30,2890.699951171875,2883.921404157366,-0.24069700340419772,-6.78,sl
PIIND,2026-06-16 11:25:00+05:30,2894.89990234375,2904.3820190429688,0.09652734849053468,9.48,tp
PIIND,2026-06-22 11:20:00+05:30,2831.800048828125,2825.9357386997767,-0.22425263141248458,-5.86,sl
PIIND,2026-06-30 10:50:00+05:30,2579.39990234375,2571.6785016741073,-0.2796092338212468,-7.72,sl
PIIND,2026-07-03 09:20:00+05:30,2648.60009765625,2642.114432198661,-0.24692286985857315,-6.49,sl
PIIND,2026-07-08 11:20:00+05:30,2638.0,2632.142822265625,-0.23321859896228203,-5.86,sl
PIIND,2026-07-20 09:25:00+05:30,2665.0,2675.6177891322545,0.13904966151417325,10.62,tp
PIIND,2026-07-21 09:25:00+05:30,2690.0,2682.935703822545,-0.2575679444785538,-7.06,sl
PIIND,2026-07-22 10:50:00+05:30,2717.60009765625,2729.535801478795,0.1635200925884259,11.94,tp
PIIND,2026-07-22 11:20:00+05:30,2752.0,2740.57861328125,-0.3490127918332122,-11.42,sl
PIIND,2026-07-23 10:00:00+05:30,2742.699951171875,2730.628487723214,-0.36407839713205953,-12.07,sl
PIIND,2026-07-24 11:55:00+05:30,2767.199951171875,2760.9927978515625,-0.23458702146226582,-6.21,sl
PIIND,2026-07-29 09:45:00+05:30,2747.800048828125,2739.271466936384,-0.2862271287616766,-8.53,sl
PIIND,2026-08-03 09:20:00+05:30,2792.0,2784.085693359375,-0.2700782229360673,-7.91,sl
PIIND,2026-08-03 10:00:00+05:30,2795.39990234375,2811.6320190429688,0.24840346139260944,16.23,tp
PIIND,2026-08-03 10:45:00+05:30,2844.699951171875,2834.2642647879466,-0.32010798811233765,-10.44,sl
PIIND,2026-08-10 11:25:00+05:30,2767.10009765625,2775.9608067103795,0.09212985598102362,8.86,tp
PERSISTENT,2026-06-02 09:55:00+05:30,5528.0,5583.285714285715,0.5000620219144141,55.29,tp
PERSISTENT,2026-06-15 10:55:00+05:30,4910.0,4895.392857142857,-0.2784986907186532,-14.61,sl
PERSISTENT,2026-06-16 09:45:00+05:30,4997.0,5026.303571428572,0.2518539695245734,29.3,tp
PERSISTENT,2026-06-24 11:35:00+05:30,4874.0,4893.928571428572,0.14532504836157029,19.93,tp
PERSISTENT,2026-06-30 11:40:00+05:30,4317.0,4305.357142857143,-0.2618187233197621,-11.64,sl
PERSISTENT,2026-07-01 09:25:00+05:30,4382.0,4368.350027901785,-0.2869005764246647,-13.65,sl
PERSISTENT,2026-07-01 11:45:00+05:30,4383.7001953125,4398.207275390625,0.09855938269187456,14.51,tp
PERSISTENT,2026-07-02 09:20:00+05:30,4490.7998046875,4467.999790736607,-0.40462298400068214,-22.8,sl
PERSISTENT,2026-07-02 11:15:00+05:30,4527.7001953125,4550.09294782366,0.1967434001174822,22.39,tp
PERSISTENT,2026-07-03 11:00:00+05:30,4756.60009765625,4737.95720563616,-0.33516240555024635,-18.64,sl
PERSISTENT,2026-07-06 09:35:00+05:30,4720.89990234375,4702.542829241072,-0.3333081422916615,-18.36,sl
PERSISTENT,2026-07-09 11:40:00+05:30,4815.5,4801.900006975447,-0.2694527217263434,-13.6,sl
PERSISTENT,2026-07-10 11:05:00+05:30,5000.0,4984.485735212053,-0.2861711774553587,-15.51,sl
PERSISTENT,2026-07-13 10:45:00+05:30,5103.2001953125,5083.47869001116,-0.3318722121008072,-19.72,sl
PERSISTENT,2026-07-21 09:25:00+05:30,5271.60009765625,5293.017839704241,0.14377124574582115,21.42,tp
PERSISTENT,2026-07-27 09:30:00+05:30,5314.60009765625,5289.342982700893,-0.3851441067014091,-25.26,sl
PERSISTENT,2026-07-28 09:20:00+05:30,5408.5,5437.632132393973,0.2231816480795728,29.13,tp
PERSISTENT,2026-07-28 09:30:00+05:30,5460.10009765625,5497.450055803572,0.3104315761173027,37.35,tp
PERSISTENT,2026-07-30 09:45:00+05:30,5632.0,5677.5035400390625,0.38476782712069424,45.5,tp
PERSISTENT,2026-07-31 11:40:00+05:30,5445.10009765625,5464.578595842634,0.11463515274697973,19.48,tp
PERSISTENT,2026-07-31 11:50:00+05:30,5501.60009765625,5527.625034877232,0.18382583349235612,26.02,tp
PERSISTENT,2026-08-03 11:20:00+05:30,5430.0,5458.071428571428,0.21018153117600488,28.07,tp
PERSISTENT,2026-08-04 11:05:00+05:30,5527.0,5514.178571428572,-0.2391868489751595,-12.82,sl
PERSISTENT,2026-08-05 10:55:00+05:30,5558.5,5546.75,-0.22683277862732754,-11.75,sl
PERSISTENT,2026-08-07 09:15:00+05:30,5521.5,5543.892857142857,0.14333449761322337,22.39,tp
PERSISTENT,2026-08-07 09:25:00+05:30,5550.5,5575.089285714285,0.1658061693283703,24.59,tp
PERSISTENT,2026-08-13 11:45:00+05:30,5492.5,5507.285714285715,0.06151895441836694,14.79,tp
PERSISTENT,2026-08-17 11:35:00+05:30,5568.0,5585.035714285715,0.08357450738916675,17.04,tp
PERSISTENT,2026-08-20 09:45:00+05:30,5628.5,5661.875,0.25577862663231765,33.38,tp
PNB,2026-06-05 09:45:00+05:30,107.22000122070312,107.68607248578752,0.1608121207488296,0.47,tp
PNB,2026-06-09 10:50:00+05:30,107.88999938964844,108.37107140677315,0.16753472231692698,0.48,tp
PNB,2026-06-17 10:20:00+05:30,108.29000091552734,108.04214423043388,-0.237329402344438,-0.25,sl
PNB,2026-06-17 11:00:00+05:30,108.37000274658205,108.69250052315849,0.078553715088807,0.32,tp
PNB,2026-06-18 11:45:00+05:30,109.4800033569336,109.29714693341936,-0.2002136013376313,-0.18,sl
PNB,2026-06-24 11:40:00+05:30,107.5999984741211,107.83571243286131,0.03143901231387755,0.24,tp
PNB,2026-06-25 09:40:00+05:30,108.63999938964844,108.40642765590123,-0.22899764454682092,-0.23,sl
PNB,2026-07-09 11:25:00+05:30,102.91999816894533,103.28963906424387,0.1154921697676899,0.37,tp
PNB,2026-07-15 09:25:00+05:30,105.83999633789062,106.22035462515696,0.11562261928962184,0.38,tp
PNB,2026-07-20 09:20:00+05:30,111.0,110.3614283970424,-0.4451738394365391,-0.64,sl
PNB,2026-07-27 09:25:00+05:30,112.08999633789062,111.79285430908203,-0.25905542252648744,-0.3,sl
PNB,2026-07-28 09:20:00+05:30,111.8499984741211,111.66642597743443,-0.19847429549807555,-0.18,sl
PNB,2026-07-31 09:15:00+05:30,112.1500015258789,111.96285738263812,-0.20012169809784747,-0.19,sl
PNB,2026-08-03 09:40:00+05:30,113.83000183105467,114.2510732923235,0.12194752938356626,0.42,tp
PNB,2026-08-05 09:20:00+05:30,114.91000366210938,114.72571672712053,-0.196225008675871,-0.18,sl
PNB,2026-08-05 09:30:00+05:30,115.12000274658205,114.88928767613004,-0.2202476016057202,-0.23,sl
PNB,2026-08-06 09:20:00+05:30,114.0,114.2742830004011,0.044359473895314895,0.27,tp
PNB,2026-08-12 09:20:00+05:30,115.72000122070312,116.11964362008231,0.10721174999833503,0.4,tp
PNB,2026-08-12 09:40:00+05:30,117.87000274658205,117.39785984584265,-0.34033743432813673,-0.47,sl
PNB,2026-08-12 09:50:00+05:30,118.0,118.81321471078056,0.3134990054816389,0.81,tp
PNB,2026-08-12 10:15:00+05:30,119.2699966430664,118.59356798444475,-0.44028440227728455,-0.68,sl
PNB,2026-08-18 11:50:00+05:30,117.16000366210938,117.39678764343262,0.021261850762379405,0.24,tp
PNB,2026-08-20 09:15:00+05:30,117.55999755859376,117.93607003348215,0.09193900103695474,0.38,tp
PATANJALI,2026-06-10 09:30:00+05:30,426.9500122070313,426.25,-0.1983738873896833,-0.7,time
PATANJALI,2026-06-12 11:05:00+05:30,425.2999877929688,426.3821313040598,0.052665442109217905,1.08,tp
PATANJALI,2026-06-18 10:45:00+05:30,422.5,423.68393053327287,0.0681321467369758,1.18,tp
PATANJALI,2026-06-18 10:55:00+05:30,425.7999877929688,424.817844935826,-0.2383949580036673,-0.98,sl
PATANJALI,2026-06-19 11:30:00+05:30,423.5499877929688,422.87498910086504,-0.1956201692680076,-0.67,sl
PATANJALI,2026-07-01 09:35:00+05:30,414.7000122070313,413.17858014787953,-0.3201252010176789,-1.52,sl
PATANJALI,2026-07-08 11:05:00+05:30,414.3500061035156,413.5785696847098,-0.21170793881148314,-0.77,sl
PATANJALI,2026-07-23 09:15:00+05:30,337.0,336.1642848423549,-0.2487920161979402,-0.84,sl
PATANJALI,2026-07-23 11:00:00+05:30,340.3500061035156,339.346437726702,-0.2769181769619365,-1.0,sl
PATANJALI,2026-08-03 11:40:00+05:30,356.70001220703125,357.6910836356027,0.06670671062319222,0.99,tp
PATANJALI,2026-08-11 09:35:00+05:30,362.0,360.4285692487444,-0.36045813556722733,-1.57,sl
PATANJALI,2026-08-17 09:30:00+05:30,355.95001220703125,353.5071541922433,-0.511775462454614,-2.44,sl
PATANJALI,2026-08-20 09:15:00+05:30,351.1499938964844,352.3714283534459,0.10870302916563411,1.22,tp
POLYCAB,2026-06-04 09:20:00+05:30,9663.0,9639.535714285714,-0.24569565795893344,-23.46,sl
POLYCAB,2026-06-04 09:35:00+05:30,9705.0,9718.0,-0.019629057187017004,13.0,time
POLYCAB,2026-06-04 11:55:00+05:30,9752.5,9738.964285714286,-0.18327535064268916,-13.54,sl
POLYCAB,2026-06-09 09:45:00+05:30,9652.5,9658.0,-0.06581196581196581,5.5,time
POLYCAB,2026-06-15 11:40:00+05:30,9625.0,9615.392857142857,-0.1598886827458272,-9.61,sl
POLYCAB,2026-06-16 11:15:00+05:30,9602.5,9584.32142857143,-0.21358649161304236,-18.18,sl
POLYCAB,2026-06-17 09:45:00+05:30,9738.0,9778.767857142857,0.15118827567995613,40.77,tp
POLYCAB,2026-06-17 10:30:00+05:30,9897.0,9944.30357142857,0.18677521326808513,47.3,tp
POLYCAB,2026-06-23 11:25:00+05:30,10056.5,10035.17857142857,-0.22720983585598978,-21.32,sl
POLYCAB,2026-06-30 11:10:00+05:30,9834.5,9878.910714285714,0.17094848310974892,44.41,tp
POLYCAB,2026-07-10 09:55:00+05:30,9141.0,9117.892857142857,-0.2516714332598826,-23.11,sl
POLYCAB,2026-07-13 09:30:00+05:30,9328.0,9376.107142857143,0.2094370252389137,48.11,tp
POLYCAB,2026-07-14 10:55:00+05:30,9479.0,9525.767857142857,0.19603032266815204,46.77,tp
POLYCAB,2026-07-15 09:15:00+05:30,9629.0,9599.892857142857,-0.28137174903194384,-29.11,sl
POLYCAB,2026-07-22 10:00:00+05:30,9011.0,9054.339285714286,0.18857586759040884,43.34,tp
POLYCAB,2026-07-22 10:10:00+05:30,9117.0,9078.75,-0.35172754195459033,-38.25,sl
POLYCAB,2026-07-22 11:40:00+05:30,9181.5,9153.07142857143,-0.28577730062781015,-28.43,sl
POLYCAB,2026-07-27 09:20:00+05:30,9010.0,8986.17857142857,-0.25863326462661057,-23.82,sl
POLYCAB,2026-07-28 09:40:00+05:30,9074.5,9049.5,-0.2652983635462009,-25.0,sl
POLYCAB,2026-07-28 10:35:00+05:30,9119.0,9107.5,-0.17566619146836276,-11.5,time
POLYCAB,2026-07-30 11:25:00+05:30,9001.0,8982.535714285714,-0.22308156236608978,-18.46,sl
POLYCAB,2026-08-05 09:35:00+05:30,9279.5,9251.714285714286,-0.27965869466488774,-27.79,sl
POLYCAB,2026-08-06 09:25:00+05:30,9259.5,9240.32142857143,-0.22427391173543268,-19.18,sl
POLYCAB,2026-08-12 09:25:00+05:30,9152.5,9180.839285714286,0.08578062200023753,28.34,tp
POLYCAB,2026-08-17 09:35:00+05:30,9311.5,9344.07142857143,0.10987872139674175,32.57,tp
POLYCAB,2026-08-17 10:00:00+05:30,9370.0,9343.642857142857,-0.26877572800731986,-26.36,sl
POLYCAB,2026-08-18 11:50:00+05:30,9282.5,9296.0,-0.01273902504713171,13.5,tp
POLYCAB,2026-08-20 09:15:00+05:30,9144.5,9125.92857142857,-0.2218531045202866,-18.57,sl
PFC,2026-06-04 11:35:00+05:30,424.8500061035156,426.66072954450334,0.1557217956889747,1.81,tp
PFC,2026-06-09 09:50:00+05:30,437.3500061035156,435.5107225690569,-0.3523311090143293,-1.84,sl
PFC,2026-06-10 10:50:00+05:30,440.4500122070313,439.2142987932478,-0.2683342099492563,-1.24,sl
PFC,2026-06-15 09:30:00+05:30,430.6000061035156,428.91786193847656,-0.3343907303105812,-1.68,sl
PFC,2026-06-16 09:25:00+05:30,432.8999938964844,431.4785679408482,-0.2970098372386735,-1.42,sl
PFC,2026-06-22 10:15:00+05:30,440.8999938964844,443.47677830287387,0.25066243257800674,2.58,tp
PFC,2026-07-01 11:20:00+05:30,431.7000122070313,430.607151576451,-0.25189167472938045,-1.09,sl
PFC,2026-07-06 11:55:00+05:30,424.3999938964844,425.5250037057059,0.059049456936975206,1.13,tp
PFC,2026-07-13 11:00:00+05:30,403.7000122070313,402.85715375627797,-0.22527001614076145,-0.84,sl
PFC,2026-07-14 09:35:00+05:30,406.0499877929688,404.8678414481027,-0.2746799232219923,-1.18,sl
PFC,2026-07-20 10:00:00+05:30,410.25,408.92857360839844,-0.29326162948468926,-1.32,sl
PFC,2026-07-21 09:20:00+05:30,417.0,416.1285749162946,-0.22538490413027187,-0.87,sl
PFC,2026-07-22 11:25:00+05:30,412.4500122070313,411.81430053710943,-0.1924783587499728,-0.64,sl
PFC,2026-07-23 11:10:00+05:30,412.8999938964844,412.01427786690846,-0.22870661797073844,-0.89,sl
PFC,2026-07-24 09:20:00+05:30,411.6000061035156,410.4357212611607,-0.2697208199839662,-1.16,sl
PFC,2026-07-27 11:15:00+05:30,417.2000122070313,416.3142939976284,-0.22738037154659252,-0.89,sl
PFC,2026-07-29 11:30:00+05:30,423.8999938964844,425.39999716622486,0.11231469091836604,1.5,tp
PFC,2026-07-29 11:50:00+05:30,427.0,428.8589324951172,0.1612083131312207,1.86,tp
PFC,2026-08-07 09:35:00+05:30,418.1000061035156,419.9857177734375,0.1706115726946437,1.89,tp
PFC,2026-08-19 11:00:00+05:30,374.25,373.6607099260603,-0.1944753625554642,-0.59,sl
PFC,2026-08-19 11:20:00+05:30,374.6499938964844,375.66786411830356,0.06301138210087637,1.02,tp
PRESTIGE,2026-06-05 09:20:00+05:30,1381.9000244140625,1376.192879813058,-0.3477955496132685,-5.71,sl
PRESTIGE,2026-06-05 10:10:00+05:30,1393.9000244140625,1386.6000279017858,-0.4142261159803911,-7.3,sl
PRESTIGE,2026-06-05 11:00:00+05:30,1400.0,1408.7750026157923,0.2760715406768148,8.78,tp
PRESTIGE,2026-06-15 11:20:00+05:30,1450.9000244140625,1457.1678684779577,0.1591981787205381,6.27,tp
PRESTIGE,2026-06-22 11:00:00+05:30,1524.4000244140625,1520.3142961774554,-0.26081323161264913,-4.09,sl
PRESTIGE,2026-06-23 09:30:00+05:30,1528.9000244140625,1536.817910330636,0.21072872484025454,7.92,tp
PRESTIGE,2026-06-23 09:50:00+05:30,1539.300048828125,1549.0929085867745,0.28171348462327916,9.79,tp
PRESTIGE,2026-06-23 10:40:00+05:30,1565.9000244140625,1574.9000244140625,0.2448496018780383,9.0,tp
PRESTIGE,2026-06-23 11:05:00+05:30,1577.199951171875,1570.835658482143,-0.3421110659432894,-6.36,sl
PRESTIGE,2026-06-25 09:20:00+05:30,1569.199951171875,1562.7713710239955,-0.34580348003753175,-6.43,sl
PRESTIGE,2026-06-30 10:45:00+05:30,1563.9000244140625,1567.699951171875,0.04578656046390932,3.8,time
PRESTIGE,2026-07-01 11:15:00+05:30,1601.0,1610.8035714285713,0.2674043008833728,9.8,tp
PRESTIGE,2026-07-06 11:35:00+05:30,1709.5,1702.5357055664062,-0.3444326797400556,-6.96,sl
PRESTIGE,2026-07-09 11:15:00+05:30,1668.699951171875,1675.3106602260045,0.13769554434829478,6.61,tp
PRESTIGE,2026-07-10 11:10:00+05:30,1699.800048828125,1708.7357918875557,0.215416265539862,8.94,tp
PRESTIGE,2026-07-21 11:45:00+05:30,1688.4000244140625,1695.203608921596,0.14177627608935664,6.8,tp
PRESTIGE,2026-08-10 11:00:00+05:30,1599.0999755859375,1594.142830984933,-0.2859975489970781,-4.96,sl
PRESTIGE,2026-08-11 10:00:00+05:30,1635.9000244140625,1626.328604561942,-0.4510515206043368,-9.57,sl
PRESTIGE,2026-08-13 10:55:00+05:30,1603.5999755859375,1599.6142403738838,-0.24912953128216375,-3.99,sl
PRESTIGE,2026-08-20 11:05:00+05:30,1596.699951171875,1594.1713605608259,-0.1950181256983186,-2.53,sl
RECLTD,2026-06-04 09:30:00+05:30,331.79998779296875,330.63213021414623,-0.3111858267248439,-1.17,sl
RECLTD,2026-06-04 11:30:00+05:30,331.5,332.764281136649,0.12882916500434458,1.26,tp
RECLTD,2026-06-10 10:50:00+05:30,354.3999938964844,353.49999564034596,-0.25236991054824254,-0.9,sl
RECLTD,2026-06-12 11:50:00+05:30,344.6499938964844,344.0178527832031,-0.21004923101280193,-0.63,sl
RECLTD,2026-06-15 10:45:00+05:30,354.0,353.1678553989955,-0.24104145779736819,-0.83,sl
RECLTD,2026-06-16 09:20:00+05:30,356.25,357.58929225376676,0.12556501116071703,1.34,tp
RECLTD,2026-06-16 09:30:00+05:30,357.8999938964844,356.8535614013672,-0.27542875322090915,-1.05,sl
RECLTD,2026-06-18 09:55:00+05:30,362.25,361.0607190813337,-0.2969823467770314,-1.19,sl
RECLTD,2026-06-22 10:20:00+05:30,365.6000061035156,367.2999877929688,0.1789904257778131,1.7,time
RECLTD,2026-06-30 11:10:00+05:30,366.7999877929688,366.0607016427177,-0.2209301267482709,-0.74,sl
RECLTD,2026-07-01 10:40:00+05:30,366.3500061035156,367.3410742623466,0.06231496803375297,0.99,tp
RECLTD,2026-07-01 11:15:00+05:30,368.2000122070313,369.308941432408,0.08070546256579213,1.11,tp
RECLTD,2026-07-06 11:55:00+05:30,364.3999938964844,365.1982094900949,0.03142957304833394,0.8,tp
RECLTD,2026-07-09 11:55:00+05:30,348.6499938964844,349.6571360996791,0.07332147784183315,1.01,tp
RECLTD,2026-07-13 11:40:00+05:30,349.8500061035156,349.06428963797435,-0.23475199974279057,-0.79,sl
RECLTD,2026-07-16 09:15:00+05:30,353.25,352.64285714285717,-0.203124052168634,-0.61,sl
RECLTD,2026-07-17 09:30:00+05:30,351.6000061035156,350.7714320591518,-0.24139488566218698,-0.83,sl
RECLTD,2026-07-17 09:45:00+05:30,352.79998779296875,351.72855704171315,-0.28221612046387234,-1.07,sl
RECLTD,2026-07-17 10:15:00+05:30,354.1499938964844,352.9821319580078,-0.2978588663454142,-1.17,sl
RECLTD,2026-07-20 10:00:00+05:30,360.9500122070313,359.8500148228237,-0.2828503693597331,-1.1,sl
RECLTD,2026-07-22 11:25:00+05:30,360.20001220703125,359.56072780064176,-0.20648823732222188,-0.64,sl
RECLTD,2026-07-23 11:05:00+05:30,361.5,360.67142595563615,-0.23752266296495395,-0.83,sl
RECLTD,2026-07-24 09:20:00+05:30,360.1499938964844,359.1892787388393,-0.26005250710978434,-0.96,sl
RECLTD,2026-07-24 11:35:00+05:30,359.45001220703125,358.5785827636719,-0.24546046689643075,-0.87,sl
RECLTD,2026-07-28 09:30:00+05:30,370.2999877929688,369.37141418457037,-0.25045751644759884,-0.93,sl
RECLTD,2026-07-29 11:30:00+05:30,372.2000122070313,373.31965637207037,0.08049072460797373,1.12,tp
RECLTD,2026-07-29 11:40:00+05:30,374.1000061035156,375.39107949393133,0.10706870398581973,1.29,tp
RECLTD,2026-07-29 11:55:00+05:30,377.1000061035156,375.9071459089007,-0.28979477729642,-1.19,sl
RECLTD,2026-08-04 11:10:00+05:30,370.1000061035156,369.4571533203125,-0.20421822846822457,-0.64,sl
RECLTD,2026-08-07 09:35:00+05:30,366.5,368.2250006539481,0.1824011984635339,1.73,tp
RECLTD,2026-08-17 09:45:00+05:30,337.1000061035156,336.13571384974887,-0.2716331479633338,-0.96,sl
RECLTD,2026-08-19 11:25:00+05:30,339.8999938964844,339.21070861816406,-0.22167436728996806,-0.69,sl
POLICYBZR,2026-06-08 11:00:00+05:30,1535.300048828125,1542.0072021484375,0.16211762288805961,6.71,tp
POLICYBZR,2026-06-15 11:15:00+05:30,1568.699951171875,1565.3285173688616,-0.22895138297778792,-3.37,sl
POLICYBZR,2026-06-29 09:40:00+05:30,1642.0,1632.0428553989955,-0.46384206824620683,-9.96,sl
POLICYBZR,2026-06-30 11:20:00+05:30,1634.800048828125,1642.6857604980469,0.18941930882279806,7.89,tp
POLICYBZR,2026-07-01 11:05:00+05:30,1663.199951171875,1671.14994594029,0.18679635648667223,7.95,tp
POLICYBZR,2026-07-01 11:15:00+05:30,1673.800048828125,1668.1714739118304,-0.30176513629218743,-5.63,sl
POLICYBZR,2026-07-02 10:00:00+05:30,1699.699951171875,1692.4999389648438,-0.3541629374784813,-7.2,sl
POLICYBZR,2026-07-15 09:15:00+05:30,1589.699951171875,1585.1071079799108,-0.2733475498409065,-4.59,sl
POLICYBZR,2026-07-17 09:25:00+05:30,1590.800048828125,1598.492924281529,0.1901511899903825,7.69,tp
POLICYBZR,2026-07-20 11:55:00+05:30,1581.199951171875,1586.7392578125,0.11019378238101966,5.54,tp
POLICYBZR,2026-07-28 09:25:00+05:30,1562.4000244140625,1567.3929181780134,0.09173938886067215,4.99,tp
POLICYBZR,2026-07-28 09:35:00+05:30,1569.199951171875,1575.4142761230469,0.13761120868749827,6.21,tp
POLICYBZR,2026-08-03 09:35:00+05:30,1630.4000244140625,1637.5143258231026,0.16181187325227758,7.11,tp
POLICYBZR,2026-08-05 09:40:00+05:30,1622.300048828125,1615.8714773995537,-0.3377576737379144,-6.43,sl
POLICYBZR,2026-08-07 11:05:00+05:30,1599.5,1605.6607142857142,0.1310990041530811,6.16,tp
POLICYBZR,2026-08-10 10:30:00+05:30,1619.199951171875,1627.4071175711495,0.20411931744444378,8.21,tp
POLICYBZR,2026-08-10 10:50:00+05:30,1637.199951171875,1631.949951171875,-0.29240166711129534,-5.25,sl
POLICYBZR,2026-08-11 09:55:00+05:30,1667.9000244140625,1660.55717250279,-0.36414719601141493,-7.34,sl
POLICYBZR,2026-08-18 09:35:00+05:30,1746.0999755859375,1738.9571010044642,-0.3454455534509592,-7.14,sl
POLICYBZR,2026-08-18 11:55:00+05:30,1752.300048828125,1758.9857264927455,0.12892235844283437,6.69,tp
POLICYBZR,2026-08-19 09:25:00+05:30,1770.199951171875,1778.3963666643415,0.1778132093057774,8.2,tp
POLICYBZR,2026-08-19 09:35:00+05:30,1787.300048828125,1780.7357613699776,-0.32036436900848553,-6.56,sl
RELIANCE,2026-06-01 11:50:00+05:30,1329.9000244140625,1327.7928728376116,-0.19506661573508483,-2.11,sl
RELIANCE,2026-06-16 10:45:00+05:30,1326.300048828125,1329.9000462123327,0.06285895732516149,3.6,tp
RELIANCE,2026-07-03 11:55:00+05:30,1309.300048828125,1307.692879813058,-0.17365014687834965,-1.61,sl
RELIANCE,2026-07-06 10:50:00+05:30,1319.699951171875,1323.2249537876673,0.06026382115096054,3.53,tp
RELIANCE,2026-07-09 10:40:00+05:30,1294.300048828125,1291.128618512835,-0.24701832012576372,-3.17,sl
RELIANCE,2026-07-10 09:20:00+05:30,1299.5,1301.9000244140625,0.010812977948249331,2.4,time
RELIANCE,2026-07-14 10:00:00+05:30,1299.199951171875,1296.7856619698662,-0.2114973503423156,-2.41,sl
RELIANCE,2026-07-16 09:15:00+05:30,1302.0999755859375,1300.057094029018,-0.19413477898271178,-2.04,sl
RELIANCE,2026-07-16 09:40:00+05:30,1307.9000244140625,1305.1071515764509,-0.2281232258801819,-2.79,sl
RELIANCE,2026-07-17 09:40:00+05:30,1317.5,1320.800048828125,0.05028685365275141,3.3,time
RELIANCE,2026-07-24 11:20:00+05:30,1280.9000244140625,1279.0142996651787,-0.18833123801741394,-1.89,sl
RELIANCE,2026-07-28 10:55:00+05:30,1278.0999755859375,1276.5642613002233,-0.17209362248881266,-1.54,sl
RELIANCE,2026-07-30 10:40:00+05:30,1285.5,1287.7928466796875,0.007017347943407228,2.29,tp
RELIANCE,2026-08-06 11:15:00+05:30,1311.5999755859375,1314.8357107979912,0.0480208267284308,3.24,tp
RELIANCE,2026-08-06 11:40:00+05:30,1315.800048828125,1319.83935546875,0.08419090245007112,4.04,tp
RELIANCE,2026-08-07 09:15:00+05:30,1327.5,1324.949994768415,-0.21525447374395115,-2.55,sl
RELIANCE,2026-08-07 11:20:00+05:30,1330.300048828125,1333.5143345424108,0.04497266464587187,3.21,tp
RELIANCE,2026-08-10 11:00:00+05:30,1330.5,1328.6571393694196,-0.1831053271964099,-1.84,sl
RELIANCE,2026-08-18 09:25:00+05:30,1322.5,1326.732142857143,0.09200648123143544,4.23,tp
RVNL,2026-06-12 09:20:00+05:30,227.55999755859372,226.5985717773437,-0.35349599004169624,-0.96,sl
RVNL,2026-06-16 09:25:00+05:30,242.44000244140625,241.59285845075334,-0.30965450803218436,-0.85,sl
RVNL,2026-06-17 10:05:00+05:30,242.44000244140625,241.6914291381836,-0.28525984879172095,-0.75,sl
RVNL,2026-06-17 11:20:00+05:30,242.8300018310547,242.32428632463728,-0.22495544272224974,-0.51,sl
RVNL,2026-06-25 09:20:00+05:30,245.0200042724609,244.14429146902899,-0.3144427691197334,-0.88,sl
RVNL,2026-07-01 09:55:00+05:30,239.3500061035156,238.4750061035156,-0.31934405122719933,-0.88,sl
RVNL,2026-07-01 11:40:00+05:30,240.75999450683597,240.10070909772602,-0.2643010693185296,-0.66,sl
RVNL,2026-07-07 11:55:00+05:30,232.32000732421875,232.08357892717632,-0.16106105103013674,-0.24,sl
RVNL,2026-07-10 09:20:00+05:30,231.5,230.77999877929688,-0.2866093876552376,-0.72,sl
RVNL,2026-07-10 09:45:00+05:30,233.07000732421875,234.58608136858257,0.29028806711835053,1.52,tp
RVNL,2026-07-10 10:05:00+05:30,235.19000244140625,233.96714673723494,-0.4119662463907572,-1.22,sl
RVNL,2026-07-15 09:20:00+05:30,228.97999572753903,229.68392344883506,0.08445132354713347,0.7,tp
RVNL,2026-07-15 10:15:00+05:30,231.9199981689453,231.11785561697823,-0.3075222210159078,-0.8,sl
RVNL,2026-07-16 10:45:00+05:30,229.58999633789065,228.9221409388951,-0.27453427666229785,-0.67,sl
RVNL,2026-07-23 11:10:00+05:30,224.0,224.66857201712472,0.07908179030126346,0.67,tp
RVNL,2026-07-23 11:40:00+05:30,225.1999969482422,224.74713788713728,-0.22065516889211595,-0.45,sl
RVNL,2026-07-27 10:10:00+05:30,227.3600006103516,226.72857339041576,-0.2666327986208885,-0.63,sl
RVNL,2026-07-29 09:45:00+05:30,226.63999938964844,225.66857147216797,-0.35717294037148795,-0.97,sl
RVNL,2026-07-30 11:25:00+05:30,223.1999969482422,222.9171415056501,-0.17603641033857303,-0.28,sl
RVNL,2026-07-31 10:50:00+05:30,225.7100067138672,225.24072156633648,-0.22474904972882986,-0.47,sl
RVNL,2026-08-03 09:50:00+05:30,229.8300018310547,231.06642804827007,0.22278454702121886,1.24,tp
RVNL,2026-08-03 10:20:00+05:30,231.7400054931641,230.74143654959545,-0.3585403262014072,-1.0,sl
RVNL,2026-08-06 09:50:00+05:30,230.72000122070312,230.16000039236886,-0.24563128260351721,-0.56,sl
RVNL,2026-08-06 11:30:00+05:30,231.3500061035156,232.1514342171805,0.10784821937017443,0.8,tp
RVNL,2026-08-17 11:55:00+05:30,226.8999938964844,227.34249114990237,0.017011176373987073,0.44,tp
RVNL,2026-08-19 11:45:00+05:30,223.75,223.36571720668246,-0.20304789988403268,-0.38,sl
RVNL,2026-08-20 10:50:00+05:30,227.7100067138672,227.29143524169922,-0.21029066615256786,-0.42,sl
PPLPHARMA,2026-06-01 10:45:00+05:30,175.0,174.31571197509766,-0.334613037109375,-0.68,sl
PPLPHARMA,2026-06-03 11:10:00+05:30,168.89999389648438,168.1035668509347,-0.3829225841314568,-0.8,sl
PPLPHARMA,2026-06-04 09:50:00+05:30,170.52999877929688,171.66893114362443,0.30072680671331725,1.14,tp
PPLPHARMA,2026-06-09 09:35:00+05:30,171.42999267578125,172.86784635271346,0.4032446147220793,1.44,tp
PPLPHARMA,2026-06-12 10:20:00+05:30,165.39999389648438,164.53142438616072,-0.41507964052305113,-0.87,sl
PPLPHARMA,2026-06-15 10:35:00+05:30,168.19000244140625,167.61571938650948,-0.3048693905323541,-0.57,sl
PPLPHARMA,2026-06-15 11:55:00+05:30,169.6999969482422,169.10642678397042,-0.30986570711116884,-0.59,sl
PPLPHARMA,2026-06-17 11:05:00+05:30,164.8000030517578,164.7100067138672,-0.13276565639226123,-0.09,time
PPLPHARMA,2026-06-18 09:20:00+05:30,164.88999938964844,164.45571790422713,-0.2580258913319782,-0.43,sl
PPLPHARMA,2026-06-22 11:45:00+05:30,160.80999755859375,160.44071197509766,-0.23778456157051,-0.37,sl
PPLPHARMA,2026-06-23 09:20:00+05:30,165.08999633789062,166.28357097080774,0.3337905358508423,1.19,tp
PPLPHARMA,2026-06-23 09:30:00+05:30,170.25,172.182861328125,0.581184609030837,1.93,tp
PPLPHARMA,2026-06-23 09:55:00+05:30,175.25,173.21499960763114,-0.796719107230422,-2.04,sl
PPLPHARMA,2026-06-30 10:30:00+05:30,168.5800018310547,168.10857500348772,-0.2677874560848875,-0.47,sl
PPLPHARMA,2026-07-01 09:25:00+05:30,172.1300048828125,171.32928902762276,-0.3791085223293417,-0.8,sl
PPLPHARMA,2026-07-03 10:15:00+05:30,169.67999267578125,168.98070635114397,-0.34727240269515713,-0.7,sl
PPLPHARMA,2026-07-03 10:50:00+05:30,170.41000366210938,171.46429061889648,0.2712060093177017,1.05,tp
PPLPHARMA,2026-07-03 11:10:00+05:30,173.77000427246094,175.28393500191825,0.4227360392131527,1.51,tp
PPLPHARMA,2026-07-03 11:30:00+05:30,177.33999633789062,176.0614242553711,-0.5325833231946505,-1.28,sl
PPLPHARMA,2026-07-06 11:10:00+05:30,176.1999969482422,175.60999734061105,-0.30090792889325135,-0.59,sl
PPLPHARMA,2026-07-06 11:45:00+05:30,177.99000549316406,179.2853606087821,0.3366610738717416,1.3,tp
PPLPHARMA,2026-07-09 09:30:00+05:30,174.0800018310547,172.84500013078963,-0.5256669418456117,-1.24,sl
PPLPHARMA,2026-07-09 10:55:00+05:30,175.00999450683594,174.18428366524833,-0.3830846925906355,-0.83,sl
PPLPHARMA,2026-07-10 10:10:00+05:30,175.58999633789062,176.6035635811942,0.2463411120596506,1.01,tp
PPLPHARMA,2026-07-10 11:45:00+05:30,177.47000122070312,177.04928588867188,-0.24223767255448825,-0.42,sl
PPLPHARMA,2026-07-15 09:25:00+05:30,173.52999877929688,174.29393114362443,0.16413843244446574,0.76,tp
PPLPHARMA,2026-07-16 09:15:00+05:30,174.32000732421875,173.6271471296038,-0.3384787169012551,-0.69,sl
PPLPHARMA,2026-07-16 10:35:00+05:30,176.6999969482422,177.90106909615653,0.30783435268518616,1.2,tp
PPLPHARMA,2026-07-21 11:55:00+05:30,177.9199981689453,178.80821337018693,0.1995330070984633,0.89,tp
PPLPHARMA,2026-07-23 09:30:00+05:30,178.82000732421875,178.11143384660994,-0.33774973109941553,-0.71,sl
PPLPHARMA,2026-07-23 10:25:00+05:30,181.3600006103516,182.75928606305806,0.362930783413307,1.4,tp
PPLPHARMA,2026-07-23 11:05:00+05:30,184.75999450683597,183.87856728690014,-0.3862396339495078,-0.88,sl
PPLPHARMA,2026-07-24 11:20:00+05:30,181.33999633789065,180.8135648454939,-0.2741804906897212,-0.53,sl
PPLPHARMA,2026-07-24 11:40:00+05:30,181.8699951171875,181.28713444301061,-0.2922892252132036,-0.58,sl
PPLPHARMA,2026-07-27 09:35:00+05:30,185.0,186.0264254978725,0.2328947560667597,1.03,tp
PPLPHARMA,2026-07-27 10:20:00+05:30,189.66000366210935,191.4932163783482,0.479947067650012,1.83,tp
PPLPHARMA,2026-07-28 11:40:00+05:30,191.25,192.2753530229841,0.2216793797597151,1.03,tp
PPLPHARMA,2026-07-29 09:20:00+05:30,199.0,198.2035685947963,-0.3401300719207109,-0.8,sl
PPLPHARMA,2026-07-30 11:15:00+05:30,202.0,200.62642996651786,-0.5079910990541006,-1.37,sl
PPLPHARMA,2026-08-03 09:50:00+05:30,200.4499969482422,201.6100006103516,0.24721985924766837,1.16,time
PPLPHARMA,2026-08-05 09:45:00+05:30,204.1100006103516,205.64106968470986,0.3500717465425225,1.53,tp
PPLPHARMA,2026-08-06 09:20:00+05:30,211.1499938964844,210.1357084001814,-0.388217530368559,-1.01,sl
PPLPHARMA,2026-08-10 09:20:00+05:30,213.8999938964844,213.20999363490517,-0.293548465993828,-0.69,sl
PPLPHARMA,2026-08-10 09:30:00+05:30,214.82000732421875,216.17965044294084,0.27975320892807853,1.36,tp
PPLPHARMA,2026-08-13 09:20:00+05:30,212.94000244140625,211.98428889683316,-0.3692909364935503,-0.96,sl
PPLPHARMA,2026-08-13 09:30:00+05:30,214.8999938964844,213.72571018763955,-0.42785958367513865,-1.17,sl
PPLPHARMA,2026-08-18 09:30:00+05:30,208.22000122070312,209.93214198521207,0.3933649278084938,1.71,tp
PPLPHARMA,2026-08-20 09:15:00+05:30,211.17999267578125,212.1132027762277,0.16514162311176214,0.93,tp
PPLPHARMA,2026-08-20 10:50:00+05:30,214.25999450683597,213.73785291399278,-0.24621719580783194,-0.52,sl
SBILIFE,2026-06-11 11:55:00+05:30,1728.0,1724.94287109375,-0.20615030924479166,-3.06,sl
SBILIFE,2026-06-22 10:30:00+05:30,1815.0,1818.5,0.01570247933884298,3.5,time
SBILIFE,2026-07-01 11:05:00+05:30,1772.800048828125,1769.2714669363838,-0.21942402283010998,-3.53,sl
SBILIFE,2026-07-07 09:25:00+05:30,1819.199951171875,1814.5213797433037,-0.254306449675008,-4.68,sl
SBILIFE,2026-07-07 09:50:00+05:30,1831.5,1842.6535818917412,0.26539170816514884,11.15,tp
SBILIFE,2026-07-09 11:55:00+05:30,1829.9000244140625,1824.8928833007812,-0.26417753035063907,-5.01,sl
SBILIFE,2026-07-15 09:40:00+05:30,1878.0,1875.0,-0.19584664536741214,-3.0,time
SBILIFE,2026-07-23 11:00:00+05:30,1817.5999755859373,1815.2856794084819,-0.17639622167279134,-2.31,sl
SBILIFE,2026-07-23 11:20:00+05:30,1821.800048828125,1826.0643528529577,0.040442548376557766,4.26,tp
SBILIFE,2026-07-23 11:50:00+05:30,1827.800048828125,1833.4893580845423,0.08675924404526589,5.69,tp
SBILIFE,2026-07-28 10:50:00+05:30,1880.5,1877.3785836356028,-0.1995931836553212,-3.12,sl
SBILIFE,2026-07-31 09:20:00+05:30,1896.5,1890.9714093889509,-0.2749092732206424,-5.53,sl
SBILIFE,2026-08-05 11:15:00+05:30,1893.0,1888.92143031529,-0.22927320712234292,-4.08,sl
SBILIFE,2026-08-06 11:10:00+05:30,1885.0,1882.2357090541295,-0.18798804071736247,-2.76,sl
SBILIFE,2026-08-19 11:20:00+05:30,1758.0999755859375,1762.4928458077568,0.049918785603369674,4.39,tp
SBILIFE,2026-08-20 11:30:00+05:30,1790.5999755859375,1787.5999668666295,-0.2005252572393098,-3.0,sl
RBLBANK,2026-06-09 09:50:00+05:30,354.1000061035156,352.2000078473772,-0.42194265293228755,-1.9,sl
RBLBANK,2026-06-09 11:45:00+05:30,354.29998779296875,355.81605529785156,0.15674302406728438,1.52,tp
RBLBANK,2026-06-17 11:10:00+05:30,369.8999938964844,368.9642769949777,-0.25177889974800133,-0.94,sl
RBLBANK,2026-06-17 11:40:00+05:30,370.2000122070313,369.47501918247775,-0.2175029174469247,-0.72,sl
RBLBANK,2026-06-18 09:40:00+05:30,372.8500061035156,374.51072692871094,0.1672475469507018,1.66,tp
RBLBANK,2026-07-03 09:40:00+05:30,359.8999938964844,361.4481996808733,0.15810599788466123,1.55,tp
RBLBANK,2026-07-07 09:25:00+05:30,374.25,372.83571297781805,-0.32673940235381993,-1.41,sl
RBLBANK,2026-07-10 09:25:00+05:30,368.25,369.84642791748047,0.16011045498663443,1.6,tp
RBLBANK,2026-07-10 09:50:00+05:30,370.9500122070313,372.91072191510887,0.2171386402839526,1.96,tp
RBLBANK,2026-07-14 11:20:00+05:30,378.0499877929688,377.1964176722936,-0.23546940588332804,-0.85,sl
RBLBANK,2026-07-14 11:55:00+05:30,378.4500122070313,377.8107256208148,-0.20135339922252607,-0.64,sl
RBLBANK,2026-07-20 11:40:00+05:30,368.0,366.5785675048828,-0.3317552981169327,-1.42,sl
RBLBANK,2026-07-27 10:05:00+05:30,360.1499938964844,358.5928475516183,-0.35941630508209016,-1.56,sl
RBLBANK,2026-07-30 11:05:00+05:30,373.25,374.96429225376676,0.17557276684797168,1.71,tp
RBLBANK,2026-07-30 11:25:00+05:30,376.8500061035156,378.79465157645086,0.209615832523203,1.94,tp
RBLBANK,2026-07-30 11:50:00+05:30,380.3999938964844,381.4500122070313,0.06561803271206142,1.05,time
RBLBANK,2026-08-03 11:15:00+05:30,379.0,378.27857099260603,-0.21421039694891267,-0.72,sl
RBLBANK,2026-08-03 11:55:00+05:30,379.3999938964844,378.62141636439736,-0.22312770868933227,-0.78,sl
RBLBANK,2026-08-04 11:05:00+05:30,381.4500122070313,382.741079057966,0.10307775220108448,1.29,tp
RBLBANK,2026-08-05 09:55:00+05:30,385.7999877929688,384.3249816894532,-0.3293944246012504,-1.48,sl
RBLBANK,2026-08-10 11:10:00+05:30,390.3999938964844,391.51428876604353,0.07125433713832763,1.11,tp
RBLBANK,2026-08-18 11:05:00+05:30,379.3999938964844,379.3500061035156,-0.10790529158243298,-0.05,time
RBLBANK,2026-08-20 09:25:00+05:30,385.0,386.26428767613004,0.09703184563065533,1.26,tp
RBLBANK,2026-08-20 09:45:00+05:30,387.4500122070313,388.2999877929688,0.03162610285065439,0.85,time
RBLBANK,2026-08-20 11:40:00+05:30,389.75,390.7035805838449,0.046798807006267956,0.95,tp
RBLBANK,2026-08-20 11:50:00+05:30,392.6000061035156,393.81072889055525,0.08503149794456209,1.21,tp
SFL,2026-06-02 11:50:00+05:30,605.5499877929688,607.6553410121372,0.1086057232211465,2.11,tp
SFL,2026-06-04 11:15:00+05:30,614.9500122070312,612.0392935616629,-0.38399563420661126,-2.91,sl
SFL,2026-06-04 11:40:00+05:30,623.4000244140625,619.6357291085379,-0.4622998227241958,-3.76,sl
SFL,2026-06-05 11:10:00+05:30,638.1500244140625,635.1500200544085,-0.38206574424957834,-3.0,sl
SFL,2026-06-08 10:10:00+05:30,656.5999755859375,664.1160365513393,0.5868164402864599,7.52,tp
SFL,2026-06-08 10:35:00+05:30,668.0499877929688,674.0821228027344,0.4417679922151281,6.03,tp
SFL,2026-06-09 09:20:00+05:30,683.0,679.0999930245536,-0.4426067621182821,-3.9,sl
SFL,2026-06-10 10:00:00+05:30,696.5999755859375,702.9106728690011,0.44355706324182315,6.31,tp
SFL,2026-06-12 11:25:00+05:30,681.8499755859375,683.9017508370536,0.08054780299900073,2.05,tp
SFL,2026-06-12 11:55:00+05:30,687.4500122070312,689.6464407784598,0.09170225026634364,2.2,tp
SFL,2026-06-17 09:40:00+05:30,709.8499755859375,707.2713884626116,-0.3179548252739513,-2.58,sl
SFL,2026-06-19 09:20:00+05:30,709.5,707.8214198521206,-0.24195180954582796,-1.68,sl
SFL,2026-06-19 09:30:00+05:30,710.9000244140625,708.8714468819754,-0.27121205196967574,-2.03,sl
SFL,2026-06-22 11:35:00+05:30,721.7000122070312,719.2571454729352,-0.30309269996757926,-2.44,sl
SFL,2026-06-22 11:55:00+05:30,723.2000122070312,727.9892992292132,0.2973412838503314,4.79,tp
SFL,2026-06-30 11:55:00+05:30,743.3499755859375,741.1928362165179,-0.27411497466338935,-2.16,sl
SFL,2026-07-02 10:15:00+05:30,744.75,749.533931187221,0.2854123816492258,4.78,tp
SFL,2026-07-02 10:55:00+05:30,756.2999877929688,753.2035435267857,-0.3456520679223423,-3.1,sl
SFL,2026-07-02 11:15:00+05:30,759.0999755859375,755.4463936941964,-0.38878266441156806,-3.65,sl
SFL,2026-07-07 11:55:00+05:30,750.9500122070312,749.3035801478794,-0.23154793520647224,-1.65,sl
SFL,2026-07-08 09:20:00+05:30,755.1500244140625,752.760737827846,-0.2898393571320124,-2.39,sl
SFL,2026-07-08 10:55:00+05:30,761.5999755859375,759.4749712262835,-0.2674110631124256,-2.13,sl
SFL,2026-07-08 11:05:00+05:30,768.2000122070312,772.357160295759,0.22469263389758992,4.16,tp
SFL,2026-07-08 11:15:00+05:30,775.5499877929688,780.3928462437221,0.27466509137870193,4.84,tp
SFL,2026-07-10 11:30:00+05:30,761.4500122070312,764.9375108991351,0.17480454156107686,3.49,tp
SFL,2026-07-13 10:35:00+05:30,820.5999755859375,823.2000122070312,0.09010748465381549,2.6,time
SFL,2026-07-22 10:30:00+05:30,754.0499877929688,759.4499904087612,0.3296799445562815,5.4,tp
SFL,2026-07-23 11:05:00+05:30,775.2000122070312,771.510724748884,-0.3855485603755651,-3.69,sl
SFL,2026-07-27 10:10:00+05:30,774.4500122070312,770.4035731724331,-0.4134951749616431,-4.05,sl
SFL,2026-07-28 09:40:00+05:30,771.9000244140625,769.1107395717075,-0.3168118736209858,-2.79,sl
SFL,2026-07-29 11:05:00+05:30,771.2000122070312,774.5375082833426,0.15965996033325308,3.34,tp
SFL,2026-07-29 11:30:00+05:30,775.2000122070312,778.8696616036551,0.18402858659737645,3.67,tp
SFL,2026-07-29 11:50:00+05:30,783.0,779.9857134137835,-0.330979815035746,-3.01,sl
SFL,2026-07-31 09:45:00+05:30,786.2000122070312,782.1571568080357,-0.40853640317148504,-4.04,sl
SFL,2026-07-31 10:20:00+05:30,789.9000244140625,785.7285940987723,-0.4168575910642241,-4.17,sl
SFL,2026-08-04 09:40:00+05:30,803.9000244140625,808.43752179827,0.2386613195476475,4.54,tp
SFL,2026-08-11 11:10:00+05:30,678.3499755859375,681.0714067731585,0.14071036649219254,2.72,tp
SFL,2026-08-12 09:20:00+05:30,707.0,713.5571376255581,0.45647561178710755,6.56,tp
SFL,2026-08-13 09:45:00+05:30,703.25,699.4178466796875,-0.42695229181478844,-3.83,sl
SFL,2026-08-19 10:00:00+05:30,676.0499877929688,672.3749869210379,-0.4261593910173612,-3.68,sl
SIEMENS,2026-06-04 09:20:00+05:30,3741.89990234375,3760.3177228655136,0.1953230337919119,18.42,tp
SIEMENS,2026-06-08 10:55:00+05:30,3659.0,3651.5,-0.22298442197321672,-7.5,time
SIEMENS,2026-06-12 11:55:00+05:30,3569.300048828125,3562.9643205915177,-0.2065037091295391,-6.34,sl
SIEMENS,2026-06-16 09:20:00+05:30,3659.300048828125,3646.1143624441966,-0.31620014004838604,-13.19,sl
SIEMENS,2026-06-17 11:30:00+05:30,3674.0,3666.1500418526784,-0.22819746566121213,-7.85,sl
SIEMENS,2026-06-25 09:55:00+05:30,3635.800048828125,3645.0,0.05182272481964931,9.2,time
SIEMENS,2026-06-30 11:30:00+05:30,3610.60009765625,3604.0072719029017,-0.20955783927931343,-6.59,sl
SIEMENS,2026-07-01 11:30:00+05:30,3610.60009765625,3620.317949567522,0.061488699636057895,9.72,tp
SIEMENS,2026-07-02 11:00:00+05:30,3595.199951171875,3585.4570835658483,-0.2625979262074308,-9.74,sl
SIEMENS,2026-07-02 11:55:00+05:30,3600.0,3588.5714111328125,-0.2904764811197917,-11.43,sl
SIEMENS,2026-07-09 11:45:00+05:30,3466.10009765625,3457.2572195870534,-0.25307483027122113,-8.84,sl
SIEMENS,2026-07-14 11:00:00+05:30,3499.300048828125,3488.3286655970983,-0.28811847645990074,-10.97,sl
SIEMENS,2026-07-15 09:15:00+05:30,3550.0,3540.257149832589,-0.2646678901534216,-9.74,sl
SIEMENS,2026-07-15 10:55:00+05:30,3571.0,3585.132106236049,0.13744787851104304,14.13,tp
SIEMENS,2026-07-16 10:40:00+05:30,3705.0,3732.4820643833705,0.34505367422462296,27.48,tp
SIEMENS,2026-07-22 11:40:00+05:30,3691.39990234375,3683.814191545759,-0.22329811451489626,-7.59,sl
SIEMENS,2026-07-23 09:15:00+05:30,3674.0,3662.7572021484375,-0.2836058440647115,-11.24,sl
SIEMENS,2026-07-23 10:45:00+05:30,3696.0,3698.0,-0.06753246753246754,2.0,time
SIEMENS,2026-07-24 11:10:00+05:30,3665.5,3681.5606515066966,0.16289430920796438,16.06,tp
SIEMENS,2026-07-31 09:15:00+05:30,3709.300048828125,3726.8928745814733,0.18457378246722897,17.59,tp
SIEMENS,2026-08-03 10:45:00+05:30,3840.0,3858.6856515066966,0.1919633047921337,18.69,tp
SIEMENS,2026-08-03 11:10:00+05:30,3872.39990234375,3858.3999546595983,-0.31691893457096193,-14.0,sl
SIEMENS,2026-08-03 11:30:00+05:30,3879.699951171875,3863.628574916295,-0.3485456575175473,-16.07,sl
SIEMENS,2026-08-03 11:55:00+05:30,3891.0,3875.2143205915177,-0.34341834091722956,-15.79,sl
SIEMENS,2026-08-04 09:35:00+05:30,3996.0,4021.6821637834823,0.2856180748270621,25.68,tp
SIEMENS,2026-08-04 10:15:00+05:30,4055.0,4031.678553989955,-0.44507688300929477,-23.32,sl
SIEMENS,2026-08-04 11:20:00+05:30,4068.10009765625,4051.814383370536,-0.340196365302273,-16.29,sl
SIEMENS,2026-08-06 10:40:00+05:30,4005.60009765625,3991.85009765625,-0.30596164866351055,-13.75,sl
SIEMENS,2026-08-10 09:35:00+05:30,3953.0,3941.214285714286,-0.2788876441039345,-11.79,sl
SIEMENS,2026-08-11 11:05:00+05:30,3920.699951171875,3910.7785295758927,-0.25183138296033414,-9.92,sl
SIEMENS,2026-08-19 11:55:00+05:30,3917.10009765625,3912.114432198661,-0.17636770059420745,-4.99,sl
SIEMENS,2026-08-20 10:40:00+05:30,3950.800048828125,3941.764334542411,-0.23722356242849144,-9.04,sl
SBICARD,2026-06-10 09:20:00+05:30,588.5,590.3374895368304,0.0873396299232343,1.84,tp
SBICARD,2026-06-16 11:40:00+05:30,611.1500244140625,613.3196738106864,0.11300655910509139,2.17,tp
SBICARD,2026-06-18 10:20:00+05:30,628.3499755859375,626.8035583496094,-0.2476645783158745,-1.55,sl
SBICARD,2026-06-22 10:50:00+05:30,629.4000244140625,627.7321690150669,-0.2589947887798321,-1.67,sl
SBICARD,2026-06-25 09:25:00+05:30,620.0,623.0964246477399,0.19965399816837961,3.1,tp
SBICARD,2026-06-25 10:25:00+05:30,626.9000244140625,624.5035967145648,-0.3293597964113251,-2.4,sl
SBICARD,2026-06-30 11:15:00+05:30,598.5,597.1714346749442,-0.23318950627126012,-1.33,sl
SBICARD,2026-07-01 11:35:00+05:30,594.25,596.0660661969866,0.08336385665830605,1.82,tp
SBICARD,2026-07-02 10:30:00+05:30,606.7000122070312,609.1428745814732,0.14158849434223936,2.44,tp
SBICARD,2026-07-07 10:35:00+05:30,607.0,605.4071393694196,-0.25744915623529385,-1.59,sl
SBICARD,2026-07-10 09:20:00+05:30,599.0499877929688,597.267844063895,-0.27849699678380935,-1.78,sl
SBICARD,2026-07-10 10:15:00+05:30,600.0999755859375,603.2017495291574,0.21012571932114915,3.1,tp
SBICARD,2026-07-14 09:20:00+05:30,624.2999877929688,627.2142748151507,0.18008525508557838,2.91,tp
SBICARD,2026-07-14 11:45:00+05:30,630.0,632.9357169015067,0.17959208585777903,2.94,tp
SBICARD,2026-07-15 09:15:00+05:30,644.2999877929688,649.2124982561384,0.35747420980068073,4.91,tp
SBICARD,2026-07-16 09:55:00+05:30,647.5,644.5464215959821,-0.3736906629205766,-2.95,sl
SBICARD,2026-07-16 10:25:00+05:30,651.7000122070312,648.1785757882254,-0.4242077354161964,-3.52,sl
SBICARD,2026-07-21 11:55:00+05:30,643.8499755859375,642.3892647879464,-0.2361227789124382,-1.46,sl
SBICARD,2026-07-27 11:35:00+05:30,643.5,641.278568812779,-0.3071264510229384,-2.22,sl
SBICARD,2026-07-28 09:20:00+05:30,657.5499877929688,660.908913748605,0.2064946560407002,3.36,tp
SBICARD,2026-07-31 09:45:00+05:30,663.5,661.442853655134,-0.2860267983300125,-2.06,sl
SBICARD,2026-08-03 09:20:00+05:30,667.7999877929688,670.1785605294364,0.11370824617670003,2.38,tp
SBICARD,2026-08-07 09:35:00+05:30,662.0499877929688,665.2321254185268,0.18838948879067222,3.18,tp
SBICARD,2026-08-10 11:35:00+05:30,655.2000122070312,654.0571594238281,-0.20465684632881273,-1.14,sl
SBICARD,2026-08-17 11:45:00+05:30,634.5999755859375,636.2606833321707,0.057016181228171155,1.66,tp
SBICARD,2026-08-19 11:55:00+05:30,618.9500122070312,620.6321563720703,0.06306429907393608,1.68,tp
SBICARD,2026-08-20 09:15:00+05:30,631.2000122070312,634.6714368547712,0.2299833251525326,3.47,tp
SBICARD,2026-08-20 09:50:00+05:30,638.0,641.5196533203125,0.23100187965321314,3.52,tp
SRF,2026-06-02 11:45:00+05:30,2696.60009765625,2706.50008719308,0.1202771455530556,9.9,tp
SRF,2026-06-09 11:15:00+05:30,2713.300048828125,2720.5107421875,0.05945217770860175,7.21,tp
SRF,2026-06-10 11:10:00+05:30,2738.89990234375,2748.382071358817,0.10772213705844925,9.48,tp
SRF,2026-06-12 11:45:00+05:30,2707.0,2703.2357352120534,-0.1834340182034701,-3.76,sl
SRF,2026-06-16 10:05:00+05:30,2764.5,2756.6142926897323,-0.2711493718994609,-7.89,sl
SRF,2026-06-16 10:45:00+05:30,2774.60009765625,2768.257254464286,-0.23716232182047692,-6.34,sl
SRF,2026-06-19 11:25:00+05:30,2711.0,2710.0,-0.12213205459240134,-1.0,time
SRF,2026-06-23 09:20:00+05:30,2748.10009765625,2756.8965366908483,0.09205499192916065,8.8,tp
SRF,2026-06-23 09:35:00+05:30,2763.5,2773.8499843052455,0.12471469452315113,10.35,tp
SRF,2026-07-02 09:20:00+05:30,2762.0,2773.389317103795,0.14741456416643384,11.39,tp
SRF,2026-07-02 09:55:00+05:30,2801.0,2788.2143031529017,-0.3738814033651898,-12.79,sl
SRF,2026-07-06 09:40:00+05:30,2837.89990234375,2851.7213832310267,0.19221920496621972,13.82,tp
SRF,2026-07-14 11:10:00+05:30,2751.0,2745.892839704241,-0.21138844701764575,-5.11,sl
SRF,2026-07-16 09:15:00+05:30,2823.699951171875,2835.1749354771205,0.1438286893864171,11.47,tp
SRF,2026-07-16 09:25:00+05:30,2863.5,2852.6357421875,-0.3276429085908853,-10.86,sl
SRF,2026-07-16 09:40:00+05:30,2871.699951171875,2892.8927612304688,0.3427929885212161,21.19,tp
SRF,2026-07-16 10:15:00+05:30,2896.300048828125,2878.8643624441966,-0.4611991732206706,-17.44,sl
SRF,2026-07-21 09:25:00+05:30,2911.10009765625,2904.0357666015625,-0.2456012672400042,-7.06,sl
SRF,2026-07-21 09:35:00+05:30,2921.300048828125,2911.378592354911,-0.30377481889669355,-9.92,sl
SRF,2026-07-21 11:55:00+05:30,2933.699951171875,2949.7392054966517,0.22803465777138784,16.04,tp
SRF,2026-07-31 11:15:00+05:30,2614.60009765625,2619.464425223214,0.011626881020726162,4.86,tp
SRF,2026-07-31 11:25:00+05:30,2623.800048828125,2619.528581891741,-0.19767818104032361,-4.27,sl
SRF,2026-08-06 09:50:00+05:30,2658.0,2650.564278738839,-0.2678492384009205,-7.44,sl
SRF,2026-08-06 11:40:00+05:30,2647.60009765625,2644.7072230747767,-0.16555841837369975,-2.89,sl
SRF,2026-08-12 09:20:00+05:30,2590.699951171875,2585.2642647879466,-0.22588921495450684,-5.44,sl
SRF,2026-08-13 11:25:00+05:30,2571.0,2567.3071812220983,-0.1861801348401802,-3.69,sl
SRF,2026-08-17 10:55:00+05:30,2633.89990234375,2629.399884905134,-0.20250998759546585,-4.5,sl
SUNPHARMA,2026-06-08 11:15:00+05:30,1796.5999755859375,1797.4000244140625,-0.07328123659144298,0.8,time
SUNPHARMA,2026-06-12 11:30:00+05:30,1810.5,1814.3571166992188,0.027824911324565042,3.86,tp
SUNPHARMA,2026-06-23 09:25:00+05:30,1884.800048828125,1890.5750645228793,0.08383962898382519,5.78,tp
SUNPHARMA,2026-07-03 09:35:00+05:30,1898.300048828125,1904.867911202567,0.1075919150451445,6.57,tp
SUNPHARMA,2026-07-03 11:20:00+05:30,1923.800048828125,1919.528608049665,-0.23321885861460032,-4.27,sl
SUNPHARMA,2026-07-07 09:50:00+05:30,1924.699951171875,1919.7213832310267,-0.2552003346126867,-4.98,sl
SUNPHARMA,2026-07-09 09:20:00+05:30,1911.199951171875,1918.517800467355,0.1297357518555726,7.32,tp
SUNPHARMA,2026-07-09 09:35:00+05:30,1934.4000244140625,1944.2785775320872,0.2064067305628866,9.88,tp
SUNPHARMA,2026-07-14 11:50:00+05:30,1942.5,1946.7750026157923,0.032046412843006813,4.28,tp
SUNPHARMA,2026-07-15 11:40:00+05:30,1962.0,1958.3714163643972,-0.21096586041598805,-3.63,sl
SUNPHARMA,2026-07-30 11:35:00+05:30,2010.5,2014.528555733817,0.02022548820145324,4.03,tp
SUNPHARMA,2026-07-31 11:40:00+05:30,2019.800048828125,2024.0643266950335,0.026674257762770753,4.26,tp
SBIN,2026-06-05 09:25:00+05:30,986.0499877929688,983.4785548618862,-0.2564687163683088,-2.57,sl
SBIN,2026-06-05 09:45:00+05:30,988.5,985.539284842355,-0.27970956950804493,-2.96,sl
SBIN,2026-06-08 09:30:00+05:30,986.7999877929688,983.30712890625,-0.3123748842679285,-3.49,sl
SBIN,2026-06-09 09:20:00+05:30,989.2000122070312,986.6035897391183,-0.2574861970808096,-2.6,sl
SBIN,2026-06-09 11:40:00+05:30,992.0,994.5607234409877,0.054882466188769644,2.56,tp
SBIN,2026-06-12 10:50:00+05:30,1016.1500244140624,1014.1464451381138,-0.21830414177890178,-2.0,sl
SBIN,2026-06-15 11:55:00+05:30,1031.4000244140625,1029.8428867885045,-0.19058392022683418,-1.56,sl
SBIN,2026-06-17 11:10:00+05:30,1020.0999755859376,1018.4106794084823,-0.1993606245202559,-1.69,sl
SBIN,2026-06-18 11:30:00+05:30,1034.3499755859375,1037.13032749721,0.0612811124028349,2.78,tp
SBIN,2026-06-18 11:45:00+05:30,1044.449951171875,1042.064243861607,-0.23705054843026918,-2.39,sl
SBIN,2026-06-24 11:10:00+05:30,1029.75,1031.999980381557,0.031098638400987734,2.25,tp
SBIN,2026-06-24 11:40:00+05:30,1036.5,1039.1356855119977,0.052572243820418814,2.64,tp
SBIN,2026-06-24 11:55:00+05:30,1040.0,1042.97318812779,0.0715300842955816,2.97,tp
SBIN,2026-06-25 09:25:00+05:30,1049.0999755859375,1053.1232212611608,0.13009698420646162,4.02,tp
SBIN,2026-06-25 11:50:00+05:30,1052.5,1054.2249973842077,-0.0016628569572833644,1.72,tp
SBIN,2026-06-30 11:20:00+05:30,1043.8499755859375,1041.7142682756696,-0.2227594401620252,-2.14,sl
SBIN,2026-07-02 09:35:00+05:30,1056.800048828125,1053.7857666015625,-0.27113637891510356,-3.01,sl
SBIN,2026-07-13 09:45:00+05:30,1042.199951171875,1038.8570861816406,-0.29245049780374155,-3.34,sl
SBIN,2026-07-15 09:30:00+05:30,1029.4000244140625,1034.5964660644531,0.2028817676596688,5.2,tp
SBIN,2026-07-16 10:50:00+05:30,1033.0999755859375,1035.3285653250557,0.02943121431326504,2.23,tp
SBIN,2026-07-17 09:30:00+05:30,1043.800048828125,1041.2786167689733,-0.24493764751108418,-2.52,sl
SBIN,2026-07-31 09:15:00+05:30,1032.0,1029.8785705566406,-0.22333892112554504,-2.12,sl
SBIN,2026-08-03 09:35:00+05:30,1040.5,1044.1000235421318,0.10759386115128076,3.6,tp
SBIN,2026-08-05 09:30:00+05:30,1047.199951171875,1050.9285278320312,0.11363121661629753,3.73,tp
SBIN,2026-08-06 09:20:00+05:30,1058.5999755859375,1061.2249886648995,0.048782154137629104,2.63,tp
SBIN,2026-08-07 10:05:00+05:30,1089.300048828125,1085.8429042271205,-0.29042381966605496,-3.46,sl
SBIN,2026-08-12 09:20:00+05:30,1074.9000244140625,1077.93217250279,0.0692519129142507,3.03,tp
SUPREMEIND,2026-06-04 10:50:00+05:30,3633.199951171875,3650.01065499442,0.17761814458556197,16.81,tp
SUPREMEIND,2026-06-04 11:15:00+05:30,3673.800048828125,3663.050048828125,-0.2755675299219791,-10.75,sl
SUPREMEIND,2026-06-12 09:20:00+05:30,3503.0,3498.60009765625,-0.17536230106337422,-4.4,time
SUPREMEIND,2026-06-15 09:20:00+05:30,3582.39990234375,3567.9141671316966,-0.34261504477894206,-14.49,sl
SUPREMEIND,2026-06-15 10:50:00+05:30,3595.0,3586.6214425223216,-0.23983684246473058,-8.38,sl
SUPREMEIND,2026-06-19 11:55:00+05:30,3511.800048828125,3521.282217843192,0.06200527734882618,9.48,tp
SUPREMEIND,2026-06-23 09:20:00+05:30,3632.300048828125,3623.10009765625,-0.251969017672587,-9.2,sl
SUPREMEIND,2026-06-24 09:20:00+05:30,3578.300048828125,3566.2500348772323,-0.3020514845562878,-12.05,sl
SUPREMEIND,2026-07-02 10:25:00+05:30,3257.699951171875,3274.628574916295,0.21178974119449262,16.93,tp
SUPREMEIND,2026-07-06 09:45:00+05:30,3246.5,3261.3607090541295,0.17464732581172704,14.86,tp
SUPREMEIND,2026-07-07 09:20:00+05:30,3252.800048828125,3245.821515764509,-0.22872355433215283,-6.98,sl
SUPREMEIND,2026-07-07 10:10:00+05:30,3264.300048828125,3255.700038364955,-0.25807389641630313,-8.6,sl
SUPREMEIND,2026-07-08 11:25:00+05:30,3198.0,3191.057146344866,-0.23025991848281535,-6.94,sl
SUPREMEIND,2026-07-10 10:00:00+05:30,3269.699951171875,3283.2749459402903,0.14910533023465905,13.57,tp
SUPREMEIND,2026-07-10 11:45:00+05:30,3290.39990234375,3298.574881417411,0.04906964471712535,8.17,tp
SUPREMEIND,2026-07-13 11:10:00+05:30,3339.800048828125,3335.5,-0.1772510108136649,-4.3,time
SUPREMEIND,2026-07-14 10:40:00+05:30,3363.800048828125,3380.149980817522,0.19163324368985285,16.35,tp
SUPREMEIND,2026-07-14 11:25:00+05:30,3403.0,3415.6213814871653,0.1225339080898967,12.62,tp
SUPREMEIND,2026-07-16 10:45:00+05:30,3524.60009765625,3513.9001116071427,-0.2821480863526475,-10.7,sl
SUPREMEIND,2026-07-16 11:05:00+05:30,3535.0,3523.84286063058,-0.28937153102268465,-11.16,sl
SUPREMEIND,2026-07-22 10:05:00+05:30,3408.0,3397.35001046317,-0.2874998157892634,-10.65,sl
SUPREMEIND,2026-07-24 11:05:00+05:30,3421.89990234375,3438.324881417411,0.18799753719992,16.42,tp
SUPREMEIND,2026-07-27 09:35:00+05:30,3505.0,3492.4071742466517,-0.3155690571186581,-12.59,sl
SUPREMEIND,2026-07-29 11:20:00+05:30,3457.0,3440.307146344866,-0.3897226552814705,-16.69,sl
SUPREMEIND,2026-07-29 11:45:00+05:30,3472.60009765625,3497.3821934291295,0.3281880160564234,24.78,tp
SUPREMEIND,2026-08-04 09:30:00+05:30,3561.0,3549.7428676060267,-0.2896736713390612,-11.26,sl
SUPREMEIND,2026-08-05 09:40:00+05:30,3521.0,3510.2071707589284,-0.28391643125938465,-10.79,sl
SUPREMEIND,2026-08-06 09:25:00+05:30,3495.10009765625,3507.667960030692,0.11575111481705158,12.57,tp
SUPREMEIND,2026-08-06 09:50:00+05:30,3516.89990234375,3506.657069614955,-0.2747476416141743,-10.24,sl
SUPREMEIND,2026-08-10 11:05:00+05:30,3440.699951171875,3452.60342843192,0.10757655295092977,11.9,tp
SUPREMEIND,2026-08-12 11:45:00+05:30,3421.10009765625,3415.792986188616,-0.1930772789361508,-5.31,sl
SUPREMEIND,2026-08-14 11:10:00+05:30,3510.0,3502.657156808036,-0.22551868704212344,-7.34,sl
SUPREMEIND,2026-08-17 10:00:00+05:30,3632.5,3614.4143415178573,-0.3987307663946483,-18.09,sl
SUPREMEIND,2026-08-19 11:55:00+05:30,3616.699951171875,3624.8963535853795,0.03597593149825022,8.2,tp
SUPREMEIND,2026-08-20 10:40:00+05:30,3650.199951171875,3641.407069614955,-0.24453260108280261,-8.79,sl
SJVN,2026-06-03 09:25:00+05:30,72.58999633789062,72.85356848580497,0.11785824042817795,0.26,tp
SJVN,2026-06-03 09:40:00+05:30,73.25,73.00714274815151,-0.2989274417871601,-0.24,sl
SJVN,2026-06-04 09:50:00+05:30,73.80999755859375,74.29106957571847,0.29106248451734734,0.48,tp
SJVN,2026-06-15 11:25:00+05:30,73.87999725341797,73.72999681745257,-0.2218195248038855,-0.15,sl
SJVN,2026-06-18 09:55:00+05:30,74.79000091552734,74.5107171194894,-0.3240543863771727,-0.28,sl
SJVN,2026-06-22 10:05:00+05:30,74.5999984741211,74.30785533360073,-0.33496767814683914,-0.29,sl
SJVN,2026-06-22 10:25:00+05:30,74.83000183105469,75.19857270377022,0.1955265511400101,0.37,tp
SJVN,2026-07-03 10:30:00+05:30,73.11000061035156,72.97428621564593,-0.21137824667429786,-0.14,sl
SJVN,2026-07-07 11:55:00+05:30,71.48999786376953,71.42285483224052,-0.15635168571997504,-0.07,sl
SJVN,2026-07-14 11:10:00+05:30,70.8499984741211,70.73571395874023,-0.19678293677530845,-0.11,sl
SJVN,2026-07-16 09:15:00+05:30,70.26000213623047,70.12285886492047,-0.21711636818121466,-0.14,sl
SJVN,2026-07-23 11:45:00+05:30,68.3499984741211,68.56964002336774,0.09280897218729896,0.22,tp
SJVN,2026-07-24 11:40:00+05:30,67.4800033569336,67.36928939819336,-0.1984415707461803,-0.11,sl
SJVN,2026-07-30 11:25:00+05:30,68.73999786376953,68.63071169172015,-0.19539090088361585,-0.11,sl
SJVN,2026-08-05 09:20:00+05:30,69.68000030517578,69.50643048967633,-0.2494573605676825,-0.17,sl
SJVN,2026-08-14 09:45:00+05:30,67.33999633789062,67.23071180071149,-0.19737262529458477,-0.11,sl
SHRIRAMFIN,2026-06-05 10:00:00+05:30,934.6500244140624,939.7982308523995,0.23048989272093653,5.15,tp
SHRIRAMFIN,2026-06-19 11:00:00+05:30,1005.9500122070312,1003.3857334681919,-0.2529466896598589,-2.56,sl
SHRIRAMFIN,2026-06-23 11:15:00+05:30,1007.1500244140624,1005.403590611049,-0.20404212445088687,-1.75,sl
SHRIRAMFIN,2026-06-24 11:00:00+05:30,1000.0,1004.2749895368304,0.15649937220982335,4.27,tp
SHRIRAMFIN,2026-06-25 09:20:00+05:30,1048.0,1043.6607186453682,-0.34843213862395767,-4.34,sl
SHRIRAMFIN,2026-06-29 09:20:00+05:30,1050.3499755859375,1046.6249825613838,-0.3127858206009297,-3.72,sl
SHRIRAMFIN,2026-06-30 11:20:00+05:30,1042.1500244140625,1040.1607578822545,-0.21452860827363587,-1.99,sl
SHRIRAMFIN,2026-07-02 10:45:00+05:30,1061.800048828125,1065.4536307198662,0.10645592712715608,3.65,tp
SHRIRAMFIN,2026-07-06 10:05:00+05:30,1075.9000244140625,1072.6286010742188,-0.28243832692310095,-3.27,sl
SHRIRAMFIN,2026-07-09 11:20:00+05:30,1029.0999755859375,1033.3428235735212,0.14737234991194673,4.24,tp
SHRIRAMFIN,2026-07-15 09:15:00+05:30,1041.5,1047.8321533203125,0.26479039771363416,6.33,tp
SHRIRAMFIN,2026-07-16 11:00:00+05:30,1036.300048828125,1034.7786342075892,-0.18808730380296138,-1.52,sl
SHRIRAMFIN,2026-07-21 09:40:00+05:30,1050.0999755859375,1054.6856951032366,0.16201616744579322,4.59,tp
SHRIRAMFIN,2026-07-21 10:35:00+05:30,1060.0,1064.8428649902344,0.1741244334094929,4.84,tp
SHRIRAMFIN,2026-07-23 09:50:00+05:30,1070.300048828125,1076.9107971191406,0.2705922445721882,6.61,tp
SHRIRAMFIN,2026-07-31 09:25:00+05:30,1052.0,1048.8214329310827,-0.28128709518539996,-3.18,sl
SHRIRAMFIN,2026-08-06 09:35:00+05:30,1135.199951171875,1141.5642264229912,0.2363781989884486,6.36,tp
SHRIRAMFIN,2026-08-13 09:45:00+05:30,1137.5,1142.7178649902344,0.17522804344093407,5.22,tp
SHRIRAMFIN,2026-08-13 10:00:00+05:30,1147.5999755859375,1143.6214076450892,-0.30801157330890927,-3.98,sl
SHRIRAMFIN,2026-08-20 09:20:00+05:30,1130.0,1135.2178649902344,0.17705477824253316,5.22,tp
TATACONSUM,2026-06-10 09:25:00+05:30,1123.800048828125,1129.4679216657366,0.20260932148144917,5.67,tp
TATACONSUM,2026-06-10 09:50:00+05:30,1133.5999755859375,1129.3928397042412,-0.3226783330436332,-4.21,sl
TATACONSUM,2026-06-11 11:25:00+05:30,1116.5,1114.664271763393,-0.19865086806666066,-1.84,sl
TATACONSUM,2026-06-15 11:30:00+05:30,1109.0,1107.471426827567,-0.18270008146616612,-1.53,sl
TATACONSUM,2026-06-16 09:50:00+05:30,1124.0,1130.3643144880023,0.23973209010688243,6.36,tp
TATACONSUM,2026-06-19 11:15:00+05:30,1116.0999755859375,1114.028564453125,-0.2113562142168332,-2.07,sl
TATACONSUM,2026-06-23 09:20:00+05:30,1120.5,1118.4571533203125,-0.20938938043842037,-2.04,sl
TATACONSUM,2026-06-25 11:40:00+05:30,1110.9000244140625,1114.489297049386,0.09385755098259552,3.59,tp
TATACONSUM,2026-07-02 11:15:00+05:30,1102.800048828125,1106.3143136160713,0.09120046965979273,3.51,tp
TATACONSUM,2026-07-09 11:40:00+05:30,1110.9000244140625,1108.271449497768,-0.2419700166636167,-2.63,sl
TATACONSUM,2026-07-16 11:00:00+05:30,1096.0999755859375,1099.2285417829241,0.07125625034235852,3.13,tp
TATACONSUM,2026-07-22 11:10:00+05:30,1083.0,1080.5642874581474,-0.2349425230943258,-2.44,sl
TATACONSUM,2026-07-22 11:30:00+05:30,1087.5,1084.4785940987724,-0.26669825661945273,-3.02,sl
TATACONSUM,2026-07-23 09:15:00+05:30,1105.9000244140625,1103.2000209263392,-0.24648721013387187,-2.7,sl
TATACONSUM,2026-07-27 11:25:00+05:30,1110.0,1106.2214181082588,-0.30424766982384693,-3.78,sl
TATACONSUM,2026-08-10 11:50:00+05:30,1098.5,1101.403568812779,0.058592743529120736,2.9,tp
TATAPOWER,2026-06-08 11:40:00+05:30,406.75,407.72500065394814,0.04382308355719382,0.98,tp
TATAPOWER,2026-06-15 11:30:00+05:30,399.1499938964844,398.3178514753069,-0.22508717533288314,-0.83,sl
TATAPOWER,2026-06-22 11:35:00+05:30,407.3500061035156,406.51071602957586,-0.22362195576741706,-0.84,sl
TATAPOWER,2026-06-29 11:50:00+05:30,387.5,388.4696382795061,0.050137540052559604,0.97,tp
TATAPOWER,2026-07-15 09:20:00+05:30,379.3999938964844,380.5410712105887,0.08045503412670085,1.14,tp
TATAPOWER,2026-07-15 09:45:00+05:30,381.4500122070313,380.59287152971547,-0.23482353910907125,-0.86,sl
TATAPOWER,2026-07-15 10:40:00+05:30,383.2999877929688,384.40891701834545,0.07358663094593247,1.11,tp
TATAPOWER,2026-07-20 10:30:00+05:30,383.6499938964844,382.57142421177457,-0.26868026094651615,-1.08,sl
TATAPOWER,2026-07-23 11:00:00+05:30,379.3999938964844,378.78213936941967,-0.19771025888312746,-0.62,sl
TATAPOWER,2026-07-30 11:30:00+05:30,377.3999938964844,376.74642072405135,-0.20390670635977176,-0.65,sl
TATAPOWER,2026-07-31 09:15:00+05:30,378.3500061035156,379.3196541922433,0.053770012911653266,0.97,tp
TATAPOWER,2026-08-04 09:35:00+05:30,382.5,383.4160733904157,0.04369778673187514,0.92,tp
TATAPOWER,2026-08-13 11:50:00+05:30,380.1499938964844,380.75535692487443,-0.004454077899330382,0.61,tp
TATAPOWER,2026-08-14 10:00:00+05:30,383.0499877929688,384.85534885951455,0.18278727958422583,1.81,tp
TATAPOWER,2026-08-14 10:15:00+05:30,385.2000122070313,387.1875141688756,0.20957973502494665,1.99,tp
TATAPOWER,2026-08-14 11:20:00+05:30,389.8500061035156,388.76785932268416,-0.2665481745116289,-1.08,sl
TATAPOWER,2026-08-14 11:40:00+05:30,390.0,388.99642290387834,-0.25439647632640916,-1.0,sl
TATAPOWER,2026-08-18 11:25:00+05:30,381.0,380.44285801478793,-0.18773889530898738,-0.56,sl
TATAPOWER,2026-08-20 11:05:00+05:30,378.0499877929688,377.55712890625006,-0.17822122512359195,-0.49,sl
TATATECH,2026-06-01 09:20:00+05:30,721.4000244140625,717.5750340053013,-0.4181306026598449,-3.82,sl
TATATECH,2026-06-02 09:20:00+05:30,718.0499877929688,721.8643035888672,0.21872286281535577,3.81,tp
TATATECH,2026-06-02 09:55:00+05:30,724.2000122070312,721.1678597586496,-0.3512139517209669,-3.03,sl
TATATECH,2026-06-02 10:25:00+05:30,731.4500122070312,734.0,0.10917255454884009,2.55,time
TATATECH,2026-06-04 10:15:00+05:30,737.75,742.9357430594308,0.3217479953451023,5.19,tp
TATATECH,2026-06-04 10:45:00+05:30,745.9000244140625,742.8000139508929,-0.34936401890627145,-3.1,sl
TATATECH,2026-06-04 11:45:00+05:30,747.5499877929688,744.999982561384,-0.3046690072817728,-2.55,sl
TATATECH,2026-06-05 09:30:00+05:30,761.5999755859375,766.9892730712891,0.32457702138490496,5.39,tp
TATATECH,2026-06-05 09:40:00+05:30,767.9500122070312,763.7500087193081,-0.4281466309755762,-4.2,sl
TATATECH,2026-06-10 11:20:00+05:30,747.5,746.1714259556362,-0.206641394865321,-1.33,sl
TATATECH,2026-06-15 09:40:00+05:30,767.5499877929688,770.7428436279297,0.14958810910609874,3.19,tp
TATATECH,2026-06-23 10:15:00+05:30,756.9000244140625,761.9946921212332,0.3038579106492698,5.09,tp
TATATECH,2026-06-25 10:05:00+05:30,756.0,756.1500244140625,-0.08809330047123017,0.15,time
TATATECH,2026-07-02 09:20:00+05:30,700.0499877929688,695.2999834333148,-0.5071141583442531,-4.75,sl
TATATECH,2026-07-02 10:15:00+05:30,706.0499877929688,715.6714346749442,0.7176288122644943,9.62,tp
TATATECH,2026-07-03 11:00:00+05:30,726.3499755859375,724.2249625069754,-0.27553629658329776,-2.13,sl
TATATECH,2026-07-06 09:40:00+05:30,724.0,721.5321480887277,-0.30451811419383745,-2.47,sl
TATATECH,2026-07-07 09:30:00+05:30,724.0,729.0410701206753,0.317768242044912,5.04,tp
TATATECH,2026-07-07 10:00:00+05:30,738.2000122070312,746.3000226702009,0.5583590080649792,8.1,tp
TATATECH,2026-07-13 09:30:00+05:30,725.9000244140625,730.721452985491,0.2985200503598566,4.82,tp
TATATECH,2026-07-13 09:50:00+05:30,733.25,739.4482116699219,0.40718404390768836,6.2,tp
TATATECH,2026-07-13 10:25:00+05:30,740.1500244140625,745.6464451381138,0.34556540237116234,5.5,tp
TATATECH,2026-07-13 11:05:00+05:30,750.0499877929688,747.0142778669085,-0.34284060866339183,-3.04,sl
TATATECH,2026-07-15 09:30:00+05:30,764.1500244140625,761.2250148228237,-0.3296676959591781,-2.93,sl
TATATECH,2026-07-16 11:45:00+05:30,762.4500122070312,765.5089263916016,0.14071722491412691,3.06,tp
TATATECH,2026-07-28 09:25:00+05:30,735.1500244140625,740.6464582170759,0.34859690842512225,5.5,tp
TATATECH,2026-07-28 09:50:00+05:30,745.5499877929688,753.6232125418527,0.5497129540126122,8.07,tp
TATATECH,2026-07-30 09:20:00+05:30,753.0,756.8678676060268,0.20819662199417005,3.87,tp
TATATECH,2026-07-30 09:45:00+05:30,765.5999755859375,772.0821315220425,0.4080059673051032,6.48,tp
TATATECH,2026-08-03 09:25:00+05:30,754.1500244140625,756.7696620396206,0.10841775833078417,2.62,tp
TATATECH,2026-08-03 10:15:00+05:30,760.0,757.0892857142857,-0.32979323308271064,-2.91,sl
TATATECH,2026-08-04 10:30:00+05:30,768.3499755859375,765.7821088518415,-0.3005232107000027,-2.57,sl
TATATECH,2026-08-06 09:20:00+05:30,774.5,771.4821428571429,-0.33379138614774256,-3.02,sl
TATATECH,2026-08-06 09:40:00+05:30,782.2999877929688,789.2642735072544,0.43413926802683717,6.96,tp
TATATECH,2026-08-06 11:35:00+05:30,798.2999877929688,794.614262172154,-0.3770180892276767,-3.69,sl
TATATECH,2026-08-07 09:50:00+05:30,813.3499755859375,819.6017586844308,0.36118767709972827,6.25,tp
TATATECH,2026-08-07 10:15:00+05:30,825.2000122070312,833.3268018450055,0.4908959901422347,8.13,tp
TATATECH,2026-08-10 10:50:00+05:30,886.25,880.4892839704241,-0.49000616279215975,-5.76,sl
TATATECH,2026-08-13 09:20:00+05:30,850.0,855.2232012067523,0.2686965557707481,5.22,tp
TATATECH,2026-08-18 10:55:00+05:30,843.9000244140625,840.9178771972656,-0.31202610241899986,-2.98,sl
TATATECH,2026-08-19 11:45:00+05:30,822.8499755859375,825.1910509381976,0.07070489798043952,2.34,tp
TATATECH,2026-08-20 09:35:00+05:30,829.9000244140625,826.4464590890067,-0.3496853999367565,-3.45,sl
TATATECH,2026-08-20 11:50:00+05:30,827.0,830.1821572440011,0.13086993305933245,3.18,tp
TCS,2026-06-02 09:20:00+05:30,2361.0,2373.9749843052455,0.22973276506341728,12.97,tp
TCS,2026-06-12 11:05:00+05:30,2164.89990234375,2161.214181082589,-0.2021494229041417,-3.69,sl
TCS,2026-06-16 09:35:00+05:30,2195.0,2189.2357177734375,-0.25756580118166283,-5.76,sl
TCS,2026-06-22 11:05:00+05:30,2146.0,2152.7821219308034,0.08962130281836277,6.78,tp
TCS,2026-06-25 10:00:00+05:30,2147.39990234375,2139.314208984375,-0.32592047295568877,-8.09,sl
TCS,2026-07-02 09:20:00+05:30,2044.199951171875,2035.592808314732,-0.35263114360829584,-8.61,sl
TCS,2026-07-07 10:00:00+05:30,2097.89990234375,2109.664219447545,0.23645982129038307,11.76,tp
TCS,2026-07-08 11:15:00+05:30,2100.89990234375,2094.892735072545,-0.2715598329412155,-6.01,sl
TCS,2026-07-13 09:35:00+05:30,2112.5,2125.9249529157364,0.2813004378434011,13.42,tp
TCS,2026-07-13 10:45:00+05:30,2137.800048828125,2147.8286568777903,0.1814652770308246,10.03,tp
TCS,2026-07-13 11:50:00+05:30,2176.39990234375,2187.8642142159597,0.216053456716218,11.46,tp
TCS,2026-07-14 09:20:00+05:30,2212.39990234375,2221.3890991210938,0.14378585719030806,8.99,tp
TCS,2026-07-16 09:15:00+05:30,2215.10009765625,2209.0715680803573,-0.2632936475133919,-6.03,sl
TCS,2026-07-16 11:50:00+05:30,2226.39990234375,2222.8285086495534,-0.19624669019533075,-3.57,sl
TCS,2026-07-17 11:35:00+05:30,2252.5,2259.7750156947545,0.09378510174706849,7.28,tp
TCS,2026-07-23 11:50:00+05:30,2225.89990234375,2232.4677124023438,0.07703788166785598,6.57,tp
TCS,2026-07-27 09:25:00+05:30,2289.5,2298.7035609654017,0.14119399778296715,9.2,tp
TCS,2026-07-27 09:35:00+05:30,2301.699951171875,2312.6070731026784,0.1843234694926308,10.91,tp
TCS,2026-07-28 09:40:00+05:30,2376.39990234375,2391.1534685407364,0.2725021074719507,14.75,tp
TCS,2026-07-29 09:35:00+05:30,2466.699951171875,2453.8713727678573,-0.41204229110856605,-12.83,sl
TCS,2026-07-30 10:05:00+05:30,2491.699951171875,2481.321358816964,-0.3499159423275569,-10.38,sl
TCS,2026-08-07 09:20:00+05:30,2425.60009765625,2436.282235281808,0.1642349240308734,10.68,tp
TCS,2026-08-11 11:40:00+05:30,2441.89990234375,2438.178484235491,-0.191439082446104,-3.72,sl
TCS,2026-08-13 11:45:00+05:30,2354.89990234375,2359.7748500279017,0.024207768134004867,4.87,tp
TCS,2026-08-13 11:55:00+05:30,2365.39990234375,2361.5213797433034,-0.1983814008769562,-3.88,sl
SUZLON,2026-06-02 11:20:00+05:30,53.310001373291016,53.15785789489746,-0.2712363246755951,-0.15,sl
SUZLON,2026-06-04 09:20:00+05:30,55.20000076293945,55.56749997820173,0.29945566324232215,0.37,tp
SUZLON,2026-06-12 11:30:00+05:30,54.61000061035156,54.74928665161133,0.05303355396780202,0.14,tp
SUZLON,2026-06-12 11:55:00+05:30,54.900001525878906,54.79857281276158,-0.2108510495062744,-0.1,sl
SUZLON,2026-06-15 09:40:00+05:30,56.58000183105469,56.33928762163435,-0.35526426471929184,-0.24,sl
SUZLON,2026-06-16 09:20:00+05:30,56.380001068115234,56.667144366673064,0.20557995010775398,0.29,tp
SUZLON,2026-06-16 09:30:00+05:30,57.27999877929688,57.016427448817666,-0.37608729339688535,-0.26,sl
SUZLON,2026-06-16 09:55:00+05:30,58.15999984741211,57.78857149396624,-0.48317918268949106,-0.37,sl
SUZLON,2026-06-16 10:05:00+05:30,58.84000015258789,58.380000523158486,-0.5690682816823611,-0.46,sl
SUZLON,2026-06-19 11:30:00+05:30,59.5,59.72821358272007,0.13013134391940162,0.23,tp
SUZLON,2026-06-19 11:40:00+05:30,60.29999923706055,60.08499935695103,-0.313930231671423,-0.21,sl
SUZLON,2026-06-24 11:35:00+05:30,58.41999816894531,58.25142696925572,-0.273130302950817,-0.17,sl
SUZLON,2026-06-30 11:55:00+05:30,58.130001068115234,57.97428730555943,-0.26072295857006184,-0.16,sl
SUZLON,2026-07-14 11:00:00+05:30,52.84999847412109,52.759284155709395,-0.20298693021470385,-0.09,sl
SUZLON,2026-07-15 09:15:00+05:30,52.83000183105469,52.73500142778669,-0.20789369673519742,-0.1,sl
SUZLON,2026-07-22 10:55:00+05:30,53.310001373291016,53.11714390345982,-0.31705961155103657,-0.19,sl
SUZLON,2026-07-27 11:00:00+05:30,52.84999847412109,52.75071225847516,-0.21271850729896527,-0.1,sl
SUZLON,2026-07-30 11:00:00+05:30,47.02999877929688,46.904998234340134,-0.25947337639962875,-0.13,sl
SUZLON,2026-07-30 11:25:00+05:30,47.59999847412109,47.42999812534877,-0.3142861607839054,-0.17,sl
SUZLON,2026-07-31 11:00:00+05:30,48.04999923706055,47.92999948774065,-0.249843601946208,-0.12,sl
SUZLON,2026-08-03 09:20:00+05:30,48.84999847412109,48.84999847412109,-0.1,0.0,time
SUZLON,2026-08-03 11:35:00+05:30,48.97999954223633,48.90642738342285,-0.19012514434594957,-0.07,sl
SUZLON,2026-08-07 10:25:00+05:30,48.70000076293945,48.549286161150256,-0.28568533810441776,-0.15,sl
SUZLON,2026-08-17 09:45:00+05:30,47.43000030517578,47.31785637991769,-0.24186454716828348,-0.11,sl
SUZLON,2026-08-17 10:30:00+05:30,47.54999923706055,47.424284253801616,-0.2586308962473524,-0.13,sl
SUZLON,2026-08-17 11:25:00+05:30,47.84000015258789,47.996428217206685,0.09618904362858616,0.16,tp
SUZLON,2026-08-17 11:50:00+05:30,48.25,48.42464215414864,0.11717159065116191,0.17,tp
TATAELXSI,2026-06-02 09:20:00+05:30,4387.0,4410.571323939732,0.22237962990287508,23.57,tp
TATAELXSI,2026-06-02 09:50:00+05:30,4438.0,4415.042933872768,-0.41037042984089966,-22.96,sl
TATAELXSI,2026-06-02 10:25:00+05:30,4487.2998046875,4494.5,-0.0037256841411144044,7.2,time
TATAELXSI,2026-07-02 09:20:00+05:30,3715.199951171875,3696.14998953683,-0.40765442321406087,-19.05,sl
TATAELXSI,2026-07-07 09:20:00+05:30,3680.0,3673.14998953683,-0.21168495320385605,-6.85,sl
TATAELXSI,2026-07-07 09:40:00+05:30,3698.800048828125,3713.617911202567,0.14036761401801176,14.82,tp
TATAELXSI,2026-07-10 09:45:00+05:30,3712.10009765625,3693.9358258928573,-0.39359561356970796,-18.16,sl
TATAELXSI,2026-07-13 10:40:00+05:30,3734.699951171875,3752.3464006696427,0.18349987514628407,17.65,tp
TATAELXSI,2026-07-16 09:15:00+05:30,3551.5,3540.821463448661,-0.2804060799888366,-10.68,sl
TATAELXSI,2026-07-20 11:15:00+05:30,3517.89990234375,3512.3784528459823,-0.194171801092278,-5.52,sl
TATAELXSI,2026-07-24 11:35:00+05:30,3414.39990234375,3428.5641566685267,0.14890325790579956,14.16,tp
TATAELXSI,2026-07-24 11:45:00+05:30,3430.60009765625,3444.9143676757812,0.1503515935181826,14.31,tp
TATAELXSI,2026-07-27 09:55:00+05:30,3566.699951171875,3552.2356305803573,-0.3433227485832992,-14.46,sl
TATAELXSI,2026-07-28 09:30:00+05:30,3623.0,3610.7428850446427,-0.30298837905642845,-12.26,sl
TATAELXSI,2026-07-29 09:25:00+05:30,3662.199951171875,3685.096348353795,0.2751252933296529,22.9,tp
TATAELXSI,2026-07-29 09:40:00+05:30,3698.5,3677.4285888671875,-0.4418371415354198,-21.07,sl
TATAELXSI,2026-07-30 10:05:00+05:30,3712.10009765625,3695.6572614397323,-0.3657714358548579,-16.44,sl
TATAELXSI,2026-08-03 09:45:00+05:30,3729.800048828125,3717.0429338727677,-0.30521928449272545,-12.76,sl
TATAELXSI,2026-08-07 09:20:00+05:30,3782.5,3772.1929059709823,-0.2634965344986278,-10.31,sl
TATAELXSI,2026-08-07 09:35:00+05:30,3794.199951171875,3782.07852608817,-0.29168349438138613,-12.12,sl
TATAELXSI,2026-08-10 10:35:00+05:30,3832.10009765625,3851.835780552455,0.20900575235405305,19.74,tp
TATAELXSI,2026-08-13 09:20:00+05:30,3739.89990234375,3753.8177490234375,0.12328693884505336,13.92,tp
TATAELXSI,2026-08-13 11:45:00+05:30,3762.0,3757.471452985491,-0.17222563021545548,-4.53,sl
TATAELXSI,2026-08-20 09:25:00+05:30,3729.89990234375,3748.103489467076,0.19282695407274925,18.2,tp
TATAELXSI,2026-08-20 09:35:00+05:30,3754.89990234375,3739.371337890625,-0.34813281083896236,-15.53,sl
TECHM,2026-06-01 11:00:00+05:30,1537.199951171875,1542.8892473493304,0.12206465098251623,5.69,tp
TECHM,2026-06-04 11:20:00+05:30,1494.199951171875,1490.499965122768,-0.24857393267368036,-3.7,sl
TECHM,2026-06-16 09:30:00+05:30,1445.199951171875,1441.5499441964287,-0.25153641428592505,-3.65,sl
TECHM,2026-06-17 09:35:00+05:30,1472.5999755859375,1468.199951171875,-0.27927574984422066,-4.4,sl
TECHM,2026-07-02 09:20:00+05:30,1397.9000244140625,1393.1857038225446,-0.302345826275835,-4.71,sl
TECHM,2026-07-03 11:30:00+05:30,1442.699951171875,1437.928510393415,-0.2984379679745956,-4.77,sl
TECHM,2026-07-07 10:00:00+05:30,1430.699951171875,1439.3464137486048,0.26261115000308477,8.65,tp
TECHM,2026-07-07 11:00:00+05:30,1451.199951171875,1458.1214032854352,0.18616809591142894,6.92,tp
TECHM,2026-07-07 11:25:00+05:30,1461.300048828125,1456.800040108817,-0.2847673401331934,-4.5,sl
TECHM,2026-07-13 10:45:00+05:30,1471.800048828125,1478.6036071777344,0.17735662959217172,6.8,tp
TECHM,2026-07-13 11:10:00+05:30,1492.699951171875,1487.2642473493304,-0.31849148524231674,-5.44,sl
TECHM,2026-07-13 11:50:00+05:30,1499.0,1508.9750104631696,0.2992665962576228,9.98,tp
TECHM,2026-07-15 11:25:00+05:30,1497.300048828125,1491.992911202567,-0.3126683010413971,-5.31,sl
TECHM,2026-07-16 09:15:00+05:30,1520.800048828125,1516.0214669363838,-0.2885290007226147,-4.78,sl
TECHM,2026-07-21 09:20:00+05:30,1602.5,1609.1428702218193,0.14871900986530895,6.64,tp
TECHM,2026-07-28 09:20:00+05:30,1624.0,1618.1071254185267,-0.3177170411874364,-5.89,sl
TECHM,2026-08-05 10:55:00+05:30,1663.0,1660.0071411132812,-0.20798047697121166,-2.99,sl
TECHM,2026-08-07 09:15:00+05:30,1659.0,1665.0107247488838,0.11738606686740798,6.01,tp
TECHM,2026-08-07 09:30:00+05:30,1676.5,1670.8500017438616,-0.30220691641413755,-5.65,sl
TECHM,2026-08-13 09:25:00+05:30,1645.699951171875,1642.0999494280134,-0.2312512068058873,-3.6,sl
TECHM,2026-08-13 11:50:00+05:30,1644.0,1646.0892857142858,-0.023748696558913172,2.09,tp
TECHM,2026-08-20 09:15:00+05:30,1596.9000244140625,1602.3214372907366,0.10369764395225835,5.42,tp
TITAN,2026-06-04 09:25:00+05:30,4139.89990234375,4122.949968610491,-0.3456571530678277,-16.95,sl
TITAN,2026-06-11 11:15:00+05:30,4041.699951171875,4053.067844935826,0.06875909495441408,11.37,tp
TITAN,2026-06-11 11:50:00+05:30,4063.199951171875,4055.74991280692,-0.2100123811943808,-7.45,sl
TITAN,2026-06-15 11:30:00+05:30,4272.2001953125,4287.5751953125,0.11593089223959495,15.38,tp
TITAN,2026-06-16 11:20:00+05:30,4324.2998046875,4336.792619977678,0.07333879501097051,12.49,tp
TITAN,2026-06-17 09:55:00+05:30,4358.39990234375,4371.503452845982,0.08039029179289472,13.1,tp
TITAN,2026-06-30 09:40:00+05:30,4319.2998046875,4340.021222795759,0.18784412814926024,20.72,tp
TITAN,2026-06-30 11:20:00+05:30,4381.7001953125,4395.692958286831,0.09160730790253432,13.99,tp
TITAN,2026-07-07 09:20:00+05:30,4555.7998046875,4573.864205496652,0.13790862088231662,18.06,tp
TITAN,2026-07-07 09:35:00+05:30,4607.7998046875,4633.889195033482,0.23972036266993926,26.09,tp
TITAN,2026-07-09 09:20:00+05:30,4664.60009765625,4649.00017438616,-0.3006593012497847,-15.6,sl
TITAN,2026-07-13 11:45:00+05:30,4604.0,4597.69287109375,-0.18219542449500437,-6.31,sl
TITAN,2026-07-16 09:20:00+05:30,4623.7998046875,4637.71759905134,0.08060203665907169,13.92,tp
TITAN,2026-07-16 11:30:00+05:30,4660.0,4651.33576311384,-0.21155669810506852,-8.66,sl
TITAN,2026-07-21 11:05:00+05:30,4669.2998046875,4681.171160016741,0.05254563843585258,11.87,tp
TITAN,2026-08-05 11:35:00+05:30,4919.0,4912.385707310268,-0.18067850404226732,-6.61,sl
TITAN,2026-08-06 09:20:00+05:30,4984.0,5000.8856201171875,0.10327793078476122,16.89,tp
TITAN,2026-08-10 09:50:00+05:30,5041.10009765625,5082.671473911831,0.39478933705254127,41.57,tp
TITAN,2026-08-19 10:10:00+05:30,5071.39990234375,5062.007045200893,-0.21112738877306012,-9.39,sl
TITAN,2026-08-20 09:15:00+05:30,5078.10009765625,5088.589372907366,0.02393542918884765,10.49,tp
TITAN,2026-08-20 09:25:00+05:30,5102.5,5094.25,-0.1970112689857913,-8.25,sl
TITAN,2026-08-20 11:00:00+05:30,5110.0,5103.878557477678,-0.17187603744408875,-6.12,sl
TORNTPOWER,2026-06-03 10:50:00+05:30,1449.699951171875,1444.5927908761162,-0.31137451063430427,-5.11,sl
TORNTPOWER,2026-06-04 09:50:00+05:30,1452.0999755859375,1462.149941580636,0.3152592588802984,10.05,tp
TORNTPOWER,2026-06-08 11:55:00+05:30,1464.199951171875,1461.0428292410713,-0.22937257353178553,-3.16,sl
TORNTPOWER,2026-06-15 11:55:00+05:30,1412.9000244140625,1409.6500156947545,-0.23801438161864713,-3.25,sl
TORNTPOWER,2026-06-18 10:45:00+05:30,1441.4000244140625,1436.46431187221,-0.30545493790423556,-4.94,sl
TORNTPOWER,2026-06-18 11:40:00+05:30,1446.9000244140625,1442.7214529854912,-0.27327685498920995,-4.18,sl
TORNTPOWER,2026-06-29 11:45:00+05:30,1408.800048828125,1414.9286281040736,0.16101273694786572,6.13,tp
TORNTPOWER,2026-06-30 10:45:00+05:30,1426.0,1420.75,-0.3208976157082749,-5.25,sl
TORNTPOWER,2026-07-07 09:20:00+05:30,1380.0,1375.5428466796875,-0.29378927479619565,-4.46,sl
TORNTPOWER,2026-07-07 09:40:00+05:30,1384.5999755859375,1378.8499843052455,-0.3491690617685619,-5.75,sl
TORNTPOWER,2026-07-07 11:00:00+05:30,1395.0,1389.8357107979912,-0.3221199656777992,-5.16,sl
TORNTPOWER,2026-07-10 10:35:00+05:30,1442.5,1447.000039236886,0.08717667536441297,4.5,tp
TORNTPOWER,2026-07-14 11:05:00+05:30,1468.0999755859375,1463.8999808175224,-0.2716502215759036,-4.2,sl
TORNTPOWER,2026-07-20 11:10:00+05:30,1442.4000244140625,1437.192879813058,-0.3166033491209817,-5.21,sl
TORNTPOWER,2026-07-21 11:55:00+05:30,1438.9000244140625,1436.8285871233259,-0.1863758672148256,-2.07,sl
TORNTPOWER,2026-07-22 11:35:00+05:30,1444.9000244140625,1440.8500017438616,-0.26817866710923055,-4.05,sl
TORNTPOWER,2026-07-24 10:55:00+05:30,1435.0999755859375,1431.221391950335,-0.2621594467947361,-3.88,sl
TORNTPOWER,2026-08-07 11:25:00+05:30,1351.699951171875,1348.892813546317,-0.22460476704719642,-2.81,sl
TORNTPOWER,2026-08-10 11:35:00+05:30,1372.0,1369.585702078683,-0.2055815417485581,-2.41,sl
TORNTPOWER,2026-08-13 09:20:00+05:30,1333.300048828125,1329.8714773995537,-0.2542895658746041,-3.43,sl
TORNTPOWER,2026-08-14 11:20:00+05:30,1330.0,1327.9071219308037,-0.19441555199381944,-2.09,sl
TATASTEEL,2026-06-02 09:30:00+05:30,211.1300048828125,212.0632198878697,0.16520579267978136,0.93,tp
TATASTEEL,2026-06-04 11:35:00+05:30,212.0,211.51785823277064,-0.2364552171403863,-0.48,sl
TATASTEEL,2026-06-17 10:35:00+05:30,198.1499938964844,197.7421330043248,-0.22350065245199882,-0.41,sl
TATASTEEL,2026-06-18 11:55:00+05:30,199.6100006103516,199.30928693498888,-0.19039036354187167,-0.3,sl
TATASTEEL,2026-07-06 09:40:00+05:30,191.32000732421875,190.80714852469308,-0.26083800331135115,-0.51,sl
TATASTEEL,2026-07-10 10:00:00+05:30,193.0500030517578,192.3907176426479,-0.30490610681829033,-0.66,sl
TATASTEEL,2026-07-14 11:15:00+05:30,190.0399932861328,189.5899919782366,-0.2420757705096292,-0.45,sl
TATASTEEL,2026-07-29 09:50:00+05:30,186.8300018310547,187.77285766601565,0.20279585475149703,0.94,tp
TATASTEEL,2026-08-10 09:40:00+05:30,189.9600067138672,190.85786601475306,0.1835942100923263,0.9,tp
TATASTEEL,2026-08-10 11:40:00+05:30,192.1100006103516,191.73000117710663,-0.21868182771464287,-0.38,sl
TATASTEEL,2026-08-20 10:30:00+05:30,185.4199981689453,184.96642303466797,-0.24677223775961935,-0.45,sl
TVSMOTOR,2026-06-01 11:55:00+05:30,3406.89990234375,3394.557059151786,-0.3173737452657131,-12.34,sl
TVSMOTOR,2026-06-04 10:05:00+05:30,3361.10009765625,3348.0357840401784,-0.3332149576595148,-13.06,sl
TVSMOTOR,2026-06-05 11:50:00+05:30,3384.699951171875,3375.885672433036,-0.25624921912125437,-8.81,sl
TVSMOTOR,2026-06-25 09:20:00+05:30,3509.10009765625,3526.0608433314733,0.19000162782278227,16.96,tp
TVSMOTOR,2026-06-25 11:10:00+05:30,3570.199951171875,3583.4428187779017,0.12255673834200642,13.24,tp
TVSMOTOR,2026-06-30 11:20:00+05:30,3495.89990234375,3508.757071358817,0.12066711360552208,12.86,tp
TVSMOTOR,2026-07-02 11:20:00+05:30,3595.89990234375,3587.86417061942,-0.23408156971932284,-8.04,sl
TVSMOTOR,2026-07-02 11:35:00+05:30,3597.0,3587.9785679408483,-0.25048260315515797,-9.02,sl
TVSMOTOR,2026-07-06 10:15:00+05:30,3695.5,3713.371355329241,0.19015865776064303,17.87,tp
TVSMOTOR,2026-07-06 11:00:00+05:30,3726.800048828125,3714.23575265067,-0.3022801762290297,-12.56,sl
TVSMOTOR,2026-07-07 10:05:00+05:30,3745.5,3733.221435546875,-0.29669306292551056,-12.28,sl
TVSMOTOR,2026-07-13 11:10:00+05:30,3651.60009765625,3665.6036115373886,0.1300938795043843,14.0,tp
TVSMOTOR,2026-07-15 09:15:00+05:30,3619.199951171875,3628.3927873883927,0.052401132966545444,9.19,tp
TVSMOTOR,2026-07-22 09:35:00+05:30,3952.199951171875,3931.299961635045,-0.41729148011298967,-20.9,sl
TVSMOTOR,2026-07-23 09:20:00+05:30,3940.89990234375,3929.8856026785716,-0.26769215059679086,-11.01,sl
TVSMOTOR,2026-07-27 11:20:00+05:30,3873.699951171875,3885.0785696847097,0.0762441901478573,11.38,tp
TVSMOTOR,2026-07-28 09:30:00+05:30,3918.0,3932.5071323939733,0.12216129240387869,14.51,tp
TVSMOTOR,2026-07-28 11:50:00+05:30,3955.10009765625,3962.0644095284597,0.005650603528391121,6.96,tp
TVSMOTOR,2026-07-30 09:20:00+05:30,4136.0,4155.317940848215,0.18024092139576417,19.32,tp
TVSMOTOR,2026-07-31 10:25:00+05:30,4276.5,4298.753487723215,0.21222010134289265,22.25,tp
TVSMOTOR,2026-08-05 09:30:00+05:30,4424.0,4439.664358956473,0.112446097963013,15.66,tp
TVSMOTOR,2026-08-17 09:20:00+05:30,4359.7998046875,4347.242606026785,-0.2728134211192031,-12.56,sl
TVSMOTOR,2026-08-17 10:15:00+05:30,4378.2001953125,4371.60009765625,-0.19044946364010074,-6.6,time
TVSMOTOR,2026-08-19 09:20:00+05:30,4386.0,4378.178606305803,-0.20699580977013074,-7.82,sl
TORNTPHARM,2026-06-05 10:55:00+05:30,4382.10009765625,4369.478724888393,-0.2728126581308452,-12.62,sl
TORNTPHARM,2026-06-05 11:40:00+05:30,4403.7001953125,4424.6357421875,0.18524485246227368,20.94,tp
TORNTPHARM,2026-06-09 11:25:00+05:30,4480.60009765625,4473.435930524553,-0.19593581630430332,-7.16,sl
TORNTPHARM,2026-06-10 10:40:00+05:30,4534.2001953125,4550.646571568081,0.11763101160707072,16.45,tp
TORNTPHARM,2026-06-11 09:20:00+05:30,4530.5,4511.78581891741,-0.347842592419243,-18.71,sl
TORNTPHARM,2026-06-11 10:10:00+05:30,4540.7001953125,4573.785679408482,0.33718566748983353,33.09,tp
TORNTPHARM,2026-06-25 11:25:00+05:30,4522.7998046875,4537.1138916015625,0.0898923790422095,14.31,tp
TORNTPHARM,2026-06-29 09:35:00+05:30,4587.0,4568.45734514509,-0.3425461720720775,-18.54,sl
TORNTPHARM,2026-06-30 11:30:00+05:30,4660.0,4650.535714285715,-0.22185775597792262,-9.46,sl
TORNTPHARM,2026-07-02 11:55:00+05:30,4663.2998046875,4652.871233258928,-0.2341784384279415,-10.43,sl
TORNTPHARM,2026-07-03 09:40:00+05:30,4749.2998046875,4732.635532924107,-0.3105270980822776,-16.66,sl
TORNTPHARM,2026-07-03 11:05:00+05:30,4773.2998046875,4763.071184430803,-0.22857294544941587,-10.23,sl
TORNTPHARM,2026-07-08 09:25:00+05:30,4888.2998046875,4906.9212646484375,0.1285636401811644,18.62,tp
TORNTPHARM,2026-07-08 10:45:00+05:30,4925.2998046875,4922.0,-0.14019821921531983,-3.3,time
TORNTPHARM,2026-07-13 10:40:00+05:30,4972.5,4958.335728236607,-0.27091127316311453,-14.16,sl
TORNTPHARM,2026-07-15 10:55:00+05:30,4964.0,4954.08576311384,-0.21983364487703858,-9.91,sl
TORNTPHARM,2026-07-31 09:15:00+05:30,4978.39990234375,4960.164271763393,-0.3197770079310645,-18.24,sl
TORNTPHARM,2026-07-31 11:00:00+05:30,5040.5,5020.485735212053,-0.33824142193766366,-20.01,sl
TORNTPHARM,2026-08-17 11:10:00+05:30,4870.5,4860.25,-0.22627040344933785,-10.25,sl
TORNTPHARM,2026-08-20 11:35:00+05:30,5008.0,4999.25,-0.204832268370607,-8.75,sl
TIINDIA,2026-06-05 09:25:00+05:30,3124.60009765625,3131.800048828125,0.03825675504412205,7.2,time
TIINDIA,2026-06-09 09:30:00+05:30,3130.0,3154.8892647879466,0.3771105071171864,24.89,tp
TIINDIA,2026-06-09 11:50:00+05:30,3164.0,3155.500017438616,-0.2611880384586105,-8.5,sl
TIINDIA,2026-06-10 09:25:00+05:30,3134.300048828125,3123.23575265067,-0.31180415413499346,-11.06,sl
TIINDIA,2026-06-15 11:55:00+05:30,3239.0,3234.0142822265625,-0.19235661204268292,-4.99,sl
TIINDIA,2026-06-16 09:20:00+05:30,3294.89990234375,3281.4355817522323,-0.3451847580912573,-13.46,sl
TIINDIA,2026-06-16 09:40:00+05:30,3305.39990234375,3289.3498883928573,-0.3913417031236455,-16.05,sl
TIINDIA,2026-06-19 09:25:00+05:30,3273.0,3261.10001046317,-0.31814829581723486,-11.9,sl
TIINDIA,2026-06-19 10:15:00+05:30,3285.0,3289.60009765625,-0.015979951484018273,4.6,time
TIINDIA,2026-06-24 09:35:00+05:30,3332.10009765625,3316.9358258928573,-0.3730579151699372,-15.16,sl
TIINDIA,2026-07-01 11:50:00+05:30,3065.300048828125,3056.1500244140625,-0.27910203115471033,-9.15,sl
TIINDIA,2026-07-14 11:20:00+05:30,2860.0,2870.2535661969864,0.11510978035635831,10.25,tp
TIINDIA,2026-07-16 10:30:00+05:30,2961.800048828125,2954.300066266741,-0.2519342785685656,-7.5,sl
TIINDIA,2026-07-16 10:40:00+05:30,2984.800048828125,2998.6964721679688,0.17934380419150053,13.9,tp
TIINDIA,2026-07-31 09:50:00+05:30,2756.0,2754.89990234375,-0.12394987640602323,-1.1,time
TIINDIA,2026-08-04 09:25:00+05:30,2801.89990234375,2790.9712960379466,-0.33402562589752366,-10.93,sl
TIINDIA,2026-08-05 09:40:00+05:30,2805.10009765625,2824.975071498326,0.325117959790788,19.87,tp
TIINDIA,2026-08-06 11:00:00+05:30,2785.0,2795.5964704241073,0.12829020662349738,10.6,tp
TIINDIA,2026-08-10 11:10:00+05:30,2811.0,2803.6785714285716,-0.2562738222289956,-7.32,sl
TIINDIA,2026-08-12 10:30:00+05:30,2815.199951171875,2833.199925013951,0.2836311627083531,18.0,tp
TIINDIA,2026-08-18 09:20:00+05:30,2821.699951171875,2840.8678240094864,0.30758138361913717,19.17,tp
TIINDIA,2026-08-18 09:35:00+05:30,2871.10009765625,2896.803684779576,0.4371513269977991,25.7,tp
TIINDIA,2026-08-18 09:50:00+05:30,2911.800048828125,2942.9036254882812,0.5409144063173041,31.1,tp
ULTRACEMCO,2026-06-11 11:20:00+05:30,10867.0,10907.07142857143,0.12124649988826362,40.07,tp
ULTRACEMCO,2026-06-18 11:40:00+05:30,11317.0,11340.785714285714,0.026106110907734018,23.79,tp
ULTRACEMCO,2026-06-22 11:35:00+05:30,11383.0,11369.5,-0.17115874549767196,-13.5,sl
ULTRACEMCO,2026-06-25 09:20:00+05:30,11574.0,11613.32142857143,0.10384359031326774,39.32,tp
ULTRACEMCO,2026-06-25 09:35:00+05:30,11638.0,11605.785714285714,-0.26608155549554685,-32.21,sl
ULTRACEMCO,2026-06-30 11:20:00+05:30,11375.0,11353.642857142857,-0.21265306122449115,-21.36,sl
ULTRACEMCO,2026-07-03 09:20:00+05:30,11671.0,11647.0,-0.22338274355239485,-24.0,sl
ULTRACEMCO,2026-07-03 09:30:00+05:30,11704.0,11675.07142857143,-0.24830094717312362,-28.93,sl
ULTRACEMCO,2026-07-07 11:15:00+05:30,11724.0,11704.357142857143,-0.20052639274747638,-19.64,sl
ULTRACEMCO,2026-07-15 10:30:00+05:30,11825.0,11796.714285714286,-0.24352159468438275,-28.29,sl
ULTRACEMCO,2026-07-16 11:50:00+05:30,11865.0,11849.0,-0.18091024020227559,-16.0,sl
ULTRACEMCO,2026-07-21 09:30:00+05:30,12055.0,12006.357142857143,-0.3421046394501379,-48.64,sl
ULTRACEMCO,2026-07-28 10:55:00+05:30,11951.0,11930.142857142857,-0.20471329356778403,-20.86,sl
ULTRACEMCO,2026-07-31 10:25:00+05:30,11907.0,11948.035714285714,0.10678112514846944,41.04,tp
ULTRACEMCO,2026-08-05 10:40:00+05:30,12072.0,12102.107142857143,0.049637886963931975,30.11,tp
ULTRACEMCO,2026-08-05 11:00:00+05:30,12141.0,12176.142857142857,0.07367362067139552,35.14,tp
ULTRACEMCO,2026-08-05 11:10:00+05:30,12223.0,12194.642857142857,-0.23919893409380572,-28.36,sl
ULTRACEMCO,2026-08-07 11:25:00+05:30,12052.0,12034.857142857143,-0.1853444597221551,-17.14,sl
ULTRACEMCO,2026-08-20 11:40:00+05:30,11483.0,11502.5,0.0018897500653139313,19.5,tp
UPL,2026-06-08 11:40:00+05:30,630.0,631.7624882289341,0.06785602180324789,1.76,tp
UPL,2026-06-10 11:25:00+05:30,635.75,634.3535723005023,-0.23179026656683305,-1.4,sl
UPL,2026-06-12 09:20:00+05:30,606.0499877929688,609.3714229038784,0.2288278370903234,3.32,tp
UPL,2026-06-12 09:30:00+05:30,612.0,609.3535635811942,-0.3594545508633157,-2.65,sl
UPL,2026-06-15 11:10:00+05:30,626.6500244140625,625.0857369559152,-0.24977618101363325,-1.56,sl
UPL,2026-07-02 09:55:00+05:30,580.3499755859375,583.1892482212612,0.19354073453251383,2.84,tp
UPL,2026-07-03 09:20:00+05:30,604.9000244140625,602.8214460100446,-0.3061740770499696,-2.08,sl
UPL,2026-07-06 09:30:00+05:30,610.5999755859375,612.6999925885882,0.10635608450218223,2.1,tp
UPL,2026-07-09 10:05:00+05:30,586.8499755859375,584.6285487583706,-0.32712041441415507,-2.22,sl
UPL,2026-07-14 09:20:00+05:30,593.5999755859375,592.2821175711496,-0.23320667813239887,-1.32,sl
UPL,2026-07-15 09:15:00+05:30,602.2000122070312,600.1178676060268,-0.3074537919758718,-2.08,sl
UPL,2026-07-16 09:40:00+05:30,607.6500244140625,605.414302280971,-0.32075754561984793,-2.24,sl
UPL,2026-07-21 09:25:00+05:30,617.1500244140625,615.2250235421317,-0.28715068904924346,-1.93,sl
UPL,2026-07-24 11:40:00+05:30,599.7000122070312,601.4785875592913,0.07794650485810585,1.78,tp
UPL,2026-08-03 09:20:00+05:30,611.2000122070312,613.9428798130581,0.1692605580411289,2.74,tp
UPL,2026-08-03 09:35:00+05:30,619.0,620.5499877929688,0.05024114309874798,1.55,time
UPL,2026-08-12 09:25:00+05:30,571.0499877929688,570.0928388323102,-0.20056726883309461,-0.96,sl
UPL,2026-08-12 09:50:00+05:30,573.4000244140625,572.0250200544085,-0.2438790688290313,-1.38,sl
UPL,2026-08-13 11:50:00+05:30,565.5999755859375,566.5535561697824,0.001157774929924269,0.95,tp
UPL,2026-08-19 09:50:00+05:30,563.1500244140625,561.8714512416294,-0.23622371840577236,-1.28,sl
UPL,2026-08-19 11:25:00+05:30,568.0,566.442853655134,-0.26448728995063964,-1.56,sl
UPL,2026-08-20 10:45:00+05:30,573.8499755859375,573.0356924874442,-0.18513895266739896,-0.81,sl
VEDL,2026-06-09 11:45:00+05:30,308.3500061035156,307.4928632463728,-0.26678634801552426,-0.86,sl
VEDL,2026-06-11 09:35:00+05:30,303.3500061035156,305.69644056047713,0.3641043830065003,2.35,tp
VEDL,2026-06-11 10:20:00+05:30,307.04998779296875,307.75,0.03678793060299477,0.7,time
VEDL,2026-06-17 10:30:00+05:30,303.0,304.4249954223633,0.1821773113590656,1.42,tp
VEDL,2026-06-24 11:45:00+05:30,282.6000061035156,281.92858232770647,-0.24255281556431796,-0.67,sl
VEDL,2026-07-01 11:40:00+05:30,280.1499938964844,279.6642761230469,-0.20402665372542678,-0.49,sl
VEDL,2026-07-06 11:35:00+05:30,282.5,282.05714416503906,-0.19405787645188052,-0.44,sl
VEDL,2026-07-15 09:15:00+05:30,269.29998779296875,268.68570600237166,-0.23686189790754872,-0.61,sl
VEDL,2026-07-23 09:20:00+05:30,264.54998779296875,265.326783316476,0.07617740903813235,0.78,tp
VEDL,2026-07-23 09:30:00+05:30,266.6000061035156,267.66072954450334,0.13872244937065534,1.06,tp
VEDL,2026-07-24 11:45:00+05:30,263.1499938964844,263.9160712105887,0.0746708717931468,0.77,tp
VEDL,2026-08-04 09:25:00+05:30,271.6499938964844,270.68570600237166,-0.3129846307628122,-0.96,sl
VEDL,2026-08-10 09:20:00+05:30,281.0,280.0500030517578,-0.30284632346808277,-0.95,sl
VEDL,2026-08-10 10:05:00+05:30,283.54998779296875,285.1499938964844,0.23856593314696672,1.6,time
VEDL,2026-08-20 10:10:00+05:30,269.5,271.1875032697405,0.2756964607956562,1.69,tp
VOLTAS,2026-06-01 11:15:00+05:30,1256.0,1252.0142822265625,-0.2904005305782245,-3.99,sl
VOLTAS,2026-06-04 09:20:00+05:30,1269.0,1262.192862374442,-0.4218504787497858,-6.81,sl
VOLTAS,2026-06-04 09:35:00+05:30,1280.4000244140625,1293.760733468192,0.5260875726042101,13.36,tp
VOLTAS,2026-06-04 09:50:00+05:30,1305.0,1294.1571568080358,-0.5985215260673205,-10.84,sl
VOLTAS,2026-06-05 11:45:00+05:30,1306.0999755859375,1302.4142543247767,-0.269315733713599,-3.69,sl
VOLTAS,2026-06-08 10:05:00+05:30,1311.0999755859375,1323.1749703543526,0.45258919960022276,12.07,tp
VOLTAS,2026-06-08 11:45:00+05:30,1328.5,1325.642857142857,-0.22903919565568187,-2.86,sl
VOLTAS,2026-06-10 09:50:00+05:30,1312.800048828125,1313.199951171875,-0.08172292829634,0.4,time
VOLTAS,2026-06-15 10:00:00+05:30,1326.0999755859375,1319.7999616350446,-0.3850470130553721,-6.3,sl
VOLTAS,2026-06-17 09:20:00+05:30,1362.5999755859375,1371.1285443987165,0.2755424467453808,8.53,tp
VOLTAS,2026-06-17 09:35:00+05:30,1373.0,1375.199951171875,-0.003862294018572483,2.2,time
VOLTAS,2026-06-18 10:40:00+05:30,1365.699951171875,1360.785653250558,-0.3159023839943841,-4.91,sl
VOLTAS,2026-06-19 11:30:00+05:30,1362.199951171875,1358.7999616350446,-0.24975728932769858,-3.4,sl
VOLTAS,2026-06-25 09:20:00+05:30,1320.0,1316.8214024135045,-0.24448170847706685,-3.18,sl
VOLTAS,2026-06-30 11:30:00+05:30,1289.5999755859375,1287.5285382952009,-0.1963758062942954,-2.07,sl
VOLTAS,2026-07-06 10:35:00+05:30,1294.9000244140625,1292.2857055664062,-0.22113609383114588,-2.61,sl
VOLTAS,2026-07-07 11:10:00+05:30,1279.9000244140625,1277.1285923549108,-0.22992102537479744,-2.77,sl
VOLTAS,2026-07-09 09:25:00+05:30,1274.0,1268.63569859096,-0.3526358591384654,-5.36,sl
VOLTAS,2026-07-13 09:30:00+05:30,1295.0,1300.892857142857,0.17302813017098578,5.89,tp
VOLTAS,2026-07-13 09:40:00+05:30,1311.699951171875,1318.8035147530693,0.22493240126362546,7.1,tp
VOLTAS,2026-07-13 10:30:00+05:30,1330.0,1324.0857107979912,-0.3668100391883683,-5.91,sl
VOLTAS,2026-07-14 10:55:00+05:30,1351.4000244140625,1357.925053187779,0.1897008430888076,6.53,tp
VOLTAS,2026-07-15 11:40:00+05:30,1369.0999755859375,1373.2571498325892,0.08218571269227712,4.16,tp
VOLTAS,2026-07-16 09:15:00+05:30,1397.0,1393.1071166992188,-0.26719613317600216,-3.89,sl
VOLTAS,2026-07-24 09:55:00+05:30,1313.699951171875,1307.585658482143,-0.37925521429507125,-6.11,sl
VOLTAS,2026-07-24 11:20:00+05:30,1319.199951171875,1315.471400669643,-0.2695823517391714,-3.73,sl
VOLTAS,2026-07-30 11:10:00+05:30,1327.5999755859375,1333.0106898716517,0.14453364199526428,5.41,tp
VOLTAS,2026-07-31 09:15:00+05:30,1342.800048828125,1347.6536124093193,0.11687057214944457,4.85,tp
VOLTAS,2026-07-31 09:40:00+05:30,1349.5,1350.0,-0.07776954427565766,0.5,time
VOLTAS,2026-08-04 09:20:00+05:30,1336.0,1340.317836216518,0.09391480014301898,4.32,tp
VOLTAS,2026-08-04 09:50:00+05:30,1351.9000244140625,1346.5428902762276,-0.3377602207747631,-5.36,sl
VOLTAS,2026-08-12 10:35:00+05:30,1287.0999755859375,1284.0642700195312,-0.24151374208631832,-3.04,sl
VOLTAS,2026-08-14 09:20:00+05:30,1309.0,1305.4928501674108,-0.26075553090554104,-3.51,sl
VOLTAS,2026-08-14 10:00:00+05:30,1316.199951171875,1310.3642403738838,-0.3660254223286679,-5.84,sl
TRENT,2026-06-09 09:20:00+05:30,2802.0,2789.500017438616,-0.367665579472892,-12.5,sl
TRENT,2026-06-10 09:30:00+05:30,2810.89990234375,2801.9642159598216,-0.2907364906835237,-8.94,sl
TRENT,2026-06-10 11:00:00+05:30,2842.300048828125,2834.4714878627233,-0.26525829428802394,-7.83,sl
TRENT,2026-06-11 11:45:00+05:30,2725.300048828125,2716.2572021484375,-0.29908662938400293,-9.04,sl
TRENT,2026-06-15 09:30:00+05:30,2832.89990234375,2821.228498186384,-0.3471969619761675,-11.67,sl
TRENT,2026-06-15 09:45:00+05:30,2840.300048828125,2860.228594098772,0.3209811272341346,19.93,tp
TRENT,2026-06-15 11:35:00+05:30,2889.699951171875,2898.0,0.07233724542423246,8.3,time
TRENT,2026-06-17 09:20:00+05:30,2957.0,2970.874973842076,0.1815348091053653,13.87,tp
TRENT,2026-06-17 09:35:00+05:30,3004.0,2989.9214215959823,-0.3811966392280492,-14.08,sl
TRENT,2026-06-17 11:30:00+05:30,3047.89990234375,3037.5427594866073,-0.30388746065797584,-10.36,sl
TRENT,2026-06-19 09:20:00+05:30,3194.89990234375,3186.207048688616,-0.26325119260400726,-8.69,sl
TRENT,2026-06-23 09:20:00+05:30,3226.800048828125,3216.7929164341517,-0.2860753485039935,-10.01,sl
TRENT,2026-06-24 11:30:00+05:30,3218.800048828125,3235.0536150251114,0.20297438704657433,16.25,tp
TRENT,2026-06-29 09:20:00+05:30,3279.699951171875,3267.0142124720983,-0.3320774257762932,-12.69,sl
TRENT,2026-06-29 10:35:00+05:30,3304.800048828125,3291.328630719866,-0.3445791196299938,-13.47,sl
TRENT,2026-06-30 11:05:00+05:30,3283.0,3274.335763113839,-0.25834730830631947,-8.66,sl
TRENT,2026-07-02 09:35:00+05:30,3323.89990234375,3312.87850516183,-0.29894817844812516,-11.02,sl
TRENT,2026-07-03 09:55:00+05:30,3354.300048828125,3369.557207380022,0.17291223199714956,15.26,tp
TRENT,2026-07-03 10:10:00+05:30,3375.300048828125,3393.2250540597097,0.21863843164653934,17.93,tp
TRENT,2026-07-08 11:55:00+05:30,2951.0,2942.200038364955,-0.27892161914696384,-8.8,sl
TRENT,2026-07-16 11:55:00+05:30,2884.0,2891.4571533203125,0.05514188599817962,7.46,tp
TRENT,2026-07-20 09:35:00+05:30,2905.39990234375,2896.099923270089,-0.29205574556862757,-9.3,sl
TRENT,2026-07-20 10:15:00+05:30,2920.0,2922.89990234375,-0.04041296553938356,2.9,time
TRENT,2026-07-22 11:55:00+05:30,2886.0,2880.1643415178573,-0.2213234611672071,-5.84,sl
TRENT,2026-07-23 09:30:00+05:30,2915.0,2907.1714390345983,-0.26113676086590165,-7.83,sl
TRENT,2026-07-24 11:50:00+05:30,2894.5,2905.364275251116,0.12520522199583917,10.86,tp
TRENT,2026-07-27 09:35:00+05:30,2928.0,2941.092851911272,0.1682961457227908,13.09,tp
TRENT,2026-07-29 10:30:00+05:30,2943.0,2950.328587123326,0.049410542779328985,7.33,tp
TRENT,2026-07-29 11:00:00+05:30,2967.300048828125,2959.6143624441966,-0.25540766873839565,-7.69,sl
TRENT,2026-07-29 11:25:00+05:30,2971.300048828125,2962.1643589564733,-0.2844786400872874,-9.14,sl
TRENT,2026-07-30 11:50:00+05:30,3015.0,3009.185773577009,-0.21570599846748142,-5.81,sl
TRENT,2026-08-03 11:40:00+05:30,3025.39990234375,3019.4998953683034,-0.2170094631961059,-5.9,sl
TRENT,2026-08-04 09:20:00+05:30,3063.699951171875,3075.710675920759,0.1352199942613163,12.01,tp
TRENT,2026-08-04 09:45:00+05:30,3083.10009765625,3072.900076729911,-0.29850190918082486,-10.2,sl
TRENT,2026-08-04 11:05:00+05:30,3108.89990234375,3102.6284702845983,-0.22103507200904965,-6.27,sl
TRENT,2026-08-05 09:30:00+05:30,3130.800048828125,3129.39990234375,-0.12683301001414796,-1.4,time
TRENT,2026-08-18 11:20:00+05:30,2961.89990234375,2969.8606480189733,0.06126295832463368,7.96,tp
TRENT,2026-08-19 10:40:00+05:30,2962.0,2967.699951171875,0.015461536229743411,5.7,time
UNIONBANK,2026-06-05 09:20:00+05:30,168.0500030517578,168.6478554861886,0.1134551943733051,0.6,tp
UNIONBANK,2026-06-08 09:25:00+05:30,169.02999877929688,170.18714032854353,0.3107465743134309,1.16,tp
UNIONBANK,2026-06-12 10:50:00+05:30,169.19000244140625,168.70071629115515,-0.2735159796172542,-0.49,sl
UNIONBANK,2026-06-15 11:55:00+05:30,172.82000732421875,172.55643790108817,-0.19150656589295495,-0.26,sl
UNIONBANK,2026-06-17 11:10:00+05:30,171.41000366210938,170.93643188476562,-0.2657680767374376,-0.47,sl
UNIONBANK,2026-06-18 09:20:00+05:30,175.50999450683594,176.34570584978377,0.1856970095507404,0.84,tp
UNIONBANK,2026-06-18 11:35:00+05:30,176.85000610351562,176.43643515450614,-0.24031244605128496,-0.41,sl
UNIONBANK,2026-06-22 11:45:00+05:30,175.63999938964844,175.39285823277064,-0.18442535563765253,-0.25,sl
UNIONBANK,2026-07-01 11:15:00+05:30,173.99000549316406,173.5800072806222,-0.24138681519541882,-0.41,sl
UNIONBANK,2026-07-09 11:25:00+05:30,157.4499969482422,156.99428340366907,-0.2736602934541508,-0.46,sl
UNIONBANK,2026-07-13 09:30:00+05:30,165.4499969482422,166.372497013637,0.23454218763753762,0.92,tp
UNIONBANK,2026-07-13 09:45:00+05:30,169.02000427246094,168.19000353131975,-0.39463994325898605,-0.83,sl
UNIONBANK,2026-07-14 11:35:00+05:30,168.9600067138672,168.53143637520927,-0.25219116535087555,-0.43,sl
UNIONBANK,2026-07-15 09:45:00+05:30,173.5399932861328,172.7307074410575,-0.379803806517719,-0.81,sl
UNIONBANK,2026-07-20 11:05:00+05:30,173.0,172.44357408796037,-0.29298008510044926,-0.56,sl
UNIONBANK,2026-07-29 09:55:00+05:30,171.0,170.355712890625,-0.3260656524122807,-0.64,sl
UNIONBANK,2026-08-03 09:35:00+05:30,173.85000610351562,174.63107844761439,0.16956766753301772,0.78,tp
UNIONBANK,2026-08-03 09:45:00+05:30,175.30999755859375,174.64285387311662,-0.32833050987436685,-0.67,sl
UNIONBANK,2026-08-04 10:00:00+05:30,174.80999755859375,174.24356951032365,-0.2944149841018923,-0.57,sl
UNIONBANK,2026-08-05 09:20:00+05:30,176.1999969482422,176.85142571585519,0.12182591789863147,0.65,tp
UNIONBANK,2026-08-06 11:40:00+05:30,177.39999389648438,177.1785670689174,-0.17489069961169618,-0.22,sl
UNIONBANK,2026-08-12 09:20:00+05:30,184.9499969482422,185.68499864850727,0.13844337790525374,0.74,tp
UNIONBANK,2026-08-12 09:40:00+05:30,187.00999450683597,186.30213928222656,-0.3271071853061399,-0.71,sl
UNIONBANK,2026-08-13 09:45:00+05:30,188.1699981689453,187.50785282679965,-0.31113206629821,-0.66,sl
UNIONBANK,2026-08-14 09:45:00+05:30,187.80999755859372,188.41749736240928,0.09407906236493938,0.61,tp
WIPRO,2026-06-16 09:35:00+05:30,183.1199951171875,182.7228546142578,-0.23012467677564247,-0.4,sl
WIPRO,2026-06-25 11:35:00+05:30,175.0,174.7135718209403,-0.19820394710618203,-0.29,sl
WIPRO,2026-06-29 11:25:00+05:30,176.1999969482422,175.84357125418526,-0.22137084003297294,-0.36,sl
WIPRO,2026-07-09 11:55:00+05:30,173.94000244140625,173.69214521135603,-0.18549749105598942,-0.25,sl
WIPRO,2026-07-13 10:45:00+05:30,176.64999389648438,177.2092797415597,0.08996406376432486,0.56,tp
WIPRO,2026-07-13 11:10:00+05:30,177.4499969482422,177.0778547014509,-0.2258300095321535,-0.37,sl
WIPRO,2026-07-13 11:55:00+05:30,178.27999877929688,178.9324951171875,0.1195971535870565,0.65,tp
WIPRO,2026-07-14 09:20:00+05:30,179.9499969482422,179.58142961774553,-0.2228899150032223,-0.37,sl
WIPRO,2026-07-23 09:40:00+05:30,174.6999969482422,174.3314252580915,-0.22658444072893805,-0.37,sl
WIPRO,2026-07-27 11:20:00+05:30,177.10000610351562,177.56178992135185,0.05644849302816155,0.46,tp
WIPRO,2026-07-28 10:15:00+05:30,181.05999755859372,180.7700042724609,-0.1960985165281358,-0.29,time
WIPRO,2026-07-29 09:40:00+05:30,184.6499938964844,183.9528525216239,-0.32652848022881426,-0.7,sl
WIPRO,2026-07-30 09:20:00+05:30,188.9600067138672,188.2771486554827,-0.31682621743928097,-0.68,sl
WIPRO,2026-07-30 10:15:00+05:30,190.0200042724609,188.78786032540455,-0.48905712641379906,-1.23,sl
WIPRO,2026-08-03 11:10:00+05:30,186.3999938964844,186.10570744105752,-0.19472740291729235,-0.29,sl
WIPRO,2026-08-07 09:15:00+05:30,186.9600067138672,187.42393384660994,0.04888546729229762,0.46,tp
WIPRO,2026-08-07 09:30:00+05:30,187.97999572753903,187.57213810511996,-0.2301811783239619,-0.41,sl
WIPRO,2026-08-13 11:50:00+05:30,183.0500030517578,183.3875023978097,0.010625295960182989,0.34,tp
WIPRO,2026-08-14 09:30:00+05:30,185.6300048828125,185.17643519810267,-0.24660443013924516,-0.45,sl
WIPRO,2026-08-19 11:40:00+05:30,179.55999755859375,179.39999389648438,-0.1534652475890671,-0.16,time
WIPRO,2026-08-20 09:15:00+05:30,180.91000366210935,181.492862701416,0.09330905782145558,0.58,tp
UNITDSPR,2026-06-08 11:25:00+05:30,1244.0,1241.3214372907366,-0.22919112745643216,-2.68,sl
UNITDSPR,2026-06-09 11:20:00+05:30,1249.800048828125,1247.4786202566963,-0.211446398498961,-2.32,sl
UNITDSPR,2026-06-10 10:45:00+05:30,1268.699951171875,1265.9928240094866,-0.22802682745693353,-2.71,sl
UNITDSPR,2026-06-18 10:20:00+05:30,1348.4000244140625,1341.5,-0.407031635529413,-6.9,sl
UNITDSPR,2026-06-18 10:45:00+05:30,1361.699951171875,1356.5713675362724,-0.32597857763844096,-5.13,sl
UNITDSPR,2026-06-22 10:35:00+05:30,1341.0,1345.0,0.07897091722595076,4.0,time
UNITDSPR,2026-06-24 11:05:00+05:30,1340.9000244140625,1344.8857203892298,0.07834421221264373,3.99,tp
UNITDSPR,2026-06-25 09:40:00+05:30,1380.5999755859375,1387.6178458077568,0.20499219234771554,7.02,tp
UNITDSPR,2026-07-02 11:25:00+05:30,1363.300048828125,1367.328617640904,0.07730075559999681,4.03,tp
UNITDSPR,2026-07-02 11:55:00+05:30,1370.800048828125,1367.6143362862724,-0.23943882820441956,-3.19,sl
UNITDSPR,2026-07-03 10:50:00+05:30,1382.5,1386.9678388323102,0.09390258946735197,4.47,tp
UNITDSPR,2026-07-03 11:00:00+05:30,1388.0,1392.1678466796875,0.0801662829836095,4.17,tp
UNITDSPR,2026-07-06 10:00:00+05:30,1411.300048828125,1417.2357788085938,0.1523515811707436,5.94,tp
UNITDSPR,2026-07-06 11:25:00+05:30,1429.5999755859375,1425.8213936941963,-0.2585862600561031,-3.78,sl
UNITDSPR,2026-07-14 11:20:00+05:30,1388.300048828125,1384.5786307198662,-0.26083345000528274,-3.72,sl
UNITDSPR,2026-07-23 09:15:00+05:30,1418.800048828125,1426.1178981236048,0.20946641007761924,7.32,tp
UNITDSPR,2026-07-24 09:20:00+05:30,1433.5,1440.5499921526227,0.19508163875644516,7.05,tp
UNITDSPR,2026-07-24 09:40:00+05:30,1467.800048828125,1460.5143432617188,-0.3978214466836845,-7.29,sl
UNITDSPR,2026-07-27 09:35:00+05:30,1496.199951171875,1490.5213971819196,-0.32771905528433226,-5.68,sl
UNITDSPR,2026-07-28 10:30:00+05:30,1493.0,1489.0214320591517,-0.2598888656737419,-3.98,sl
UNITDSPR,2026-07-29 09:25:00+05:30,1524.4000244140625,1532.5536063058037,0.22092292421243623,8.15,tp
UNITDSPR,2026-07-30 09:20:00+05:30,1520.0999755859375,1516.53568812779,-0.24068630414023376,-3.56,sl
UNITDSPR,2026-08-04 09:35:00+05:30,1539.800048828125,1535.6643240792412,-0.26115305693221735,-4.14,sl
UNITDSPR,2026-08-05 09:40:00+05:30,1536.800048828125,1533.1071951729912,-0.2441769991333533,-3.69,sl
UNITDSPR,2026-08-10 10:55:00+05:30,1529.5,1533.3571559361048,0.05131046496651896,3.86,tp
UNITDSPR,2026-08-14 10:50:00+05:30,1524.0,1521.5785871233259,-0.19533121561709213,-2.42,sl
UNITDSPR,2026-08-14 11:20:00+05:30,1527.5,1531.25,0.047299509001636666,3.75,tp
UNITDSPR,2026-08-14 11:30:00+05:30,1533.0,1537.317862374442,0.06899657042825945,4.32,tp
UNITDSPR,2026-08-20 09:45:00+05:30,1541.0,1536.642865862165,-0.26964831166132064,-4.36,sl
ZEEL,2026-06-01 10:05:00+05:30,97.2300033569336,98.4342896597726,0.6431572115150788,1.2,tp
ZEEL,2026-06-04 09:45:00+05:30,96.8000030517578,97.84464509146552,0.5475053760995238,1.04,tp
ZEEL,2026-06-05 09:25:00+05:30,109.4000015258789,111.78071349007743,1.2056921010930848,2.38,tp
ZEEL,2026-06-05 10:30:00+05:30,113.0500030517578,111.7928592136928,-0.7672147567246569,-1.26,sl
ZEEL,2026-06-08 10:15:00+05:30,116.0,114.60357175554549,-0.8222904712695751,-1.4,sl
ZEEL,2026-06-10 09:25:00+05:30,110.33999633789062,109.61499568394252,-0.4942363665091783,-0.73,sl
ZEEL,2026-06-11 09:20:00+05:30,106.88999938964844,106.02999986921039,-0.5827389982311125,-0.86,sl
ZEEL,2026-06-16 09:40:00+05:30,110.8499984741211,112.19892828805106,0.630137933693282,1.35,tp
ZEEL,2026-06-16 09:50:00+05:30,112.61000061035156,111.53500039236886,-0.6727734013797101,-1.08,sl
ZEEL,2026-06-18 10:10:00+05:30,113.1999969482422,112.50999777657645,-0.46572395243856657,-0.69,sl
ZEEL,2026-06-18 10:40:00+05:30,113.91000366210938,113.29786082676479,-0.4224349832313487,-0.61,sl
ZEEL,2026-06-19 09:55:00+05:30,114.04000091552734,115.27107375008718,0.5477058004261485,1.23,tp
ZEEL,2026-06-19 10:30:00+05:30,116.62000274658205,115.70357404436386,-0.5714947765228258,-0.92,sl
ZEEL,2026-06-22 10:55:00+05:30,115.41000366210938,114.96929005214146,-0.3291206633654793,-0.44,sl
ZEEL,2026-07-01 09:25:00+05:30,106.08000183105467,106.92214557102747,0.37632563655910234,0.84,tp
ZEEL,2026-07-01 09:45:00+05:30,110.05999755859376,109.04213987077988,-0.6548924461525631,-1.02,sl
ZEEL,2026-07-01 10:15:00+05:30,111.19000244140624,109.82000187465121,-0.8392754042668396,-1.37,sl
ZEEL,2026-07-07 11:30:00+05:30,103.05999755859376,103.70606722150532,0.2761321627497075,0.65,tp
ZEEL,2026-07-10 09:50:00+05:30,101.8000030517578,101.2971463884626,-0.3963791639806962,-0.5,sl
ZEEL,2026-07-14 09:25:00+05:30,102.86000061035156,102.24785886492049,-0.4570727640280435,-0.61,sl
ZEEL,2026-07-14 10:05:00+05:30,104.8499984741211,103.96428516932896,-0.6068459614774782,-0.89,sl
ZEEL,2026-07-14 10:20:00+05:30,105.08999633789062,104.43000030517578,-0.47681761673649203,-0.66,time
ZEEL,2026-07-16 10:00:00+05:30,102.3000030517578,103.17000416346957,0.41026456642719916,0.87,tp
ZEEL,2026-07-16 11:00:00+05:30,106.20999908447266,105.33785629272461,-0.5926896521603772,-0.87,sl
ZEEL,2026-07-21 09:20:00+05:30,108.1999969482422,107.85356576102123,-0.2921060242099757,-0.35,sl
ZEEL,2026-07-21 09:35:00+05:30,109.3000030517578,108.80214364188058,-0.3732988450008366,-0.5,sl
ZEEL,2026-07-24 11:45:00+05:30,103.3000030517578,103.8132174355643,0.19809159843839869,0.51,tp
ZEEL,2026-07-28 11:20:00+05:30,109.5,109.95321301051548,0.14833589617286763,0.45,tp
ZEEL,2026-07-28 11:45:00+05:30,110.08000183105467,109.68143081665038,-0.31724437197012617,-0.4,sl
ZEEL,2026-07-29 11:00:00+05:30,108.0,107.71071570260185,-0.2607134985545302,-0.29,sl
ZEEL,2026-07-31 09:25:00+05:30,114.81999969482422,116.10142735072544,0.5696190520678022,1.28,tp
ZEEL,2026-08-05 10:00:00+05:30,101.33999633789062,100.81499644688198,-0.410834760201596,-0.52,sl
ZEEL,2026-08-07 09:55:00+05:30,93.7300033569336,94.39750208173479,0.32729032384173967,0.67,tp
ZEEL,2026-08-10 11:30:00+05:30,95.01000213623048,94.75785991123746,-0.2592309563143599,-0.25,sl
ZEEL,2026-08-14 11:20:00+05:30,96.37000274658205,96.75143187386651,0.13747791828178044,0.38,tp
ZEEL,2026-08-14 11:30:00+05:30,102.80999755859376,104.00464139665877,0.597195136524043,1.19,tp
ZEEL,2026-08-20 09:25:00+05:30,104.0999984741211,104.75999804905483,0.28040321879417257,0.66,tp
ZEEL,2026-08-20 10:20:00+05:30,105.83000183105467,105.20785903930663,-0.45272197731295083,-0.62,sl
ZYDUSLIFE,2026-06-04 11:20:00+05:30,1090.5999755859375,1088.2428327287946,-0.22967960259910072,-2.36,sl
ZYDUSLIFE,2026-06-05 09:20:00+05:30,1093.800048828125,1090.885750906808,-0.2598627422501589,-2.91,sl
ZYDUSLIFE,2026-06-09 09:20:00+05:30,1102.4000244140625,1108.4428972516741,0.22889365223790653,6.04,tp
ZYDUSLIFE,2026-06-10 09:35:00+05:30,1117.0999755859375,1114.0213884626116,-0.2653524585412916,-3.08,sl
ZYDUSLIFE,2026-06-19 09:25:00+05:30,1078.5999755859375,1076.171395438058,-0.23509624714539218,-2.43,sl
ZYDUSLIFE,2026-06-23 11:00:00+05:30,1113.699951171875,1118.114244733538,0.13781774742926942,4.41,tp
ZYDUSLIFE,2026-06-23 11:10:00+05:30,1121.0,1117.6285749162946,-0.2804509411439103,-3.37,sl
ZYDUSLIFE,2026-06-29 10:45:00+05:30,1121.4000244140625,1118.6357160295759,-0.2479030671110074,-2.76,sl
ZYDUSLIFE,2026-07-03 09:40:00+05:30,1115.300048828125,1112.2857578822545,-0.26216035939589527,-3.01,sl
ZYDUSLIFE,2026-07-03 11:10:00+05:30,1122.0,1120.0714372907366,-0.20313169568253264,-1.93,sl
ZYDUSLIFE,2026-07-03 11:25:00+05:30,1125.699951171875,1130.8749302455358,0.17582727004332874,5.17,tp
ZYDUSLIFE,2026-07-06 11:45:00+05:30,1146.800048828125,1150.003622872489,0.0676093778145994,3.2,tp
ZYDUSLIFE,2026-07-07 09:30:00+05:30,1156.5999755859375,1161.4963989257812,0.15400778712777707,4.9,tp
ZYDUSLIFE,2026-07-07 09:50:00+05:30,1165.300048828125,1161.46435546875,-0.29749557360264434,-3.84,sl
ZYDUSLIFE,2026-07-08 09:20:00+05:30,1174.0,1179.4964207240514,0.18090736238763563,5.5,tp
ZYDUSLIFE,2026-07-14 10:40:00+05:30,1141.9000244140625,1146.260746547154,0.12912980330282842,4.36,tp
ZYDUSLIFE,2026-07-15 11:50:00+05:30,1167.5,1165.3071463448662,-0.21269483452507912,-2.19,sl
ZYDUSLIFE,2026-07-28 10:00:00+05:30,1115.4000244140625,1112.5071672712054,-0.25561361374598,-2.89,sl
ZYDUSLIFE,2026-07-29 10:55:00+05:30,1114.9000244140625,1118.4143284388952,0.0891274884497165,3.51,tp
ZYDUSLIFE,2026-07-29 11:10:00+05:30,1124.0,1121.0357142857142,-0.2582358922216608,-2.96,sl
ZYDUSLIFE,2026-08-04 11:15:00+05:30,1127.4000244140625,1125.528608049665,-0.1995963982901299,-1.87,sl
ZYDUSLIFE,2026-08-05 11:10:00+05:30,1122.699951171875,1120.4856654575892,-0.2183371770155244,-2.21,sl
ZYDUSLIFE,2026-08-11 10:25:00+05:30,1132.5999755859375,1138.1821550641741,0.19571850248445025,5.58,tp
ZYDUSLIFE,2026-08-11 10:35:00+05:30,1142.0,1137.9356951032366,-0.313536159199476,-4.06,sl
ZYDUSLIFE,2026-08-12 11:05:00+05:30,1201.199951171875,1195.4213605608259,-0.3886409013958894,-5.78,sl
ZYDUSLIFE,2026-08-17 11:15:00+05:30,1147.5,1151.442875453404,0.10616342240020839,3.94,tp
ZYDUSLIFE,2026-08-20 10:50:00+05:30,1121.4000244140625,1118.742876325335,-0.24216950405985346,-2.66,sl
ZYDUSWELL,2026-06-04 10:50:00+05:30,508.7999877929688,507.2106998988561,-0.2874160297455901,-1.59,sl
ZYDUSWELL,2026-06-08 09:35:00+05:30,518.25,523.9500045776367,0.5599136992922394,5.7,tp
ZYDUSWELL,2026-06-12 11:10:00+05:30,505.4500122070313,506.4500122070313,0.01870610060530401,1.0,time
ZYDUSWELL,2026-06-16 11:05:00+05:30,501.1000061035156,500.1142883300781,-0.21802647313085927,-0.99,sl
ZYDUSWELL,2026-06-18 09:30:00+05:30,509.75,507.9535675048828,-0.3114486507249264,-1.8,sl
ZYDUSWELL,2026-06-18 09:40:00+05:30,511.3500061035156,509.1928601946149,-0.35311186660637506,-2.16,sl
ZYDUSWELL,2026-06-29 09:20:00+05:30,531.6500244140625,536.2571770804269,0.41994572987468687,4.61,tp
ZYDUSWELL,2026-06-29 10:10:00+05:30,544.0,552.1857103620257,0.8028357016940112,8.19,tp
ZYDUSWELL,2026-06-29 11:20:00+05:30,555.75,561.096437726702,0.477213249846369,5.35,tp
ZYDUSWELL,2026-07-02 11:20:00+05:30,577.8499755859375,582.3392639160156,0.36613707914681537,4.49,tp
ZYDUSWELL,2026-07-06 09:50:00+05:30,605.0,602.085710797991,-0.3890204167281598,-2.91,sl
ZYDUSWELL,2026-07-07 10:20:00+05:30,589.4000244140625,587.7999877929688,-0.2628812237682942,-1.6,time
ZYDUSWELL,2026-07-08 11:40:00+05:30,584.1500244140625,582.5500183105469,-0.26434197072444127,-1.6,sl
ZYDUSWELL,2026-07-10 10:25:00+05:30,582.4500122070312,586.0821511404855,0.2741580074511064,3.63,tp
ZYDUSWELL,2026-07-10 11:30:00+05:30,590.5,594.3892844063895,0.2951855451030814,3.89,tp
ZYDUSWELL,2026-07-15 09:15:00+05:30,581.5499877929688,579.5214146205357,-0.30929308382913295,-2.03,sl
ZYDUSWELL,2026-07-16 09:20:00+05:30,584.3499755859375,587.7678353445871,0.250939666444489,3.42,tp
ZYDUSWELL,2026-07-16 10:35:00+05:30,593.0499877929688,596.5,0.24904432456398276,3.45,time
ZYDUSWELL,2026-07-23 11:50:00+05:30,564.75,566.9357038225446,0.1322128895133716,2.19,tp
ZYDUSWELL,2026-07-24 11:40:00+05:30,551.5,554.4142935616629,0.21705822973667419,2.91,tp
ZYDUSWELL,2026-07-29 09:20:00+05:30,556.2000122070312,557.9500122070312,0.08878100988051836,1.75,time
ZYDUSWELL,2026-08-10 11:15:00+05:30,527.25,524.8321446010044,-0.3751471293309342,-2.42,sl
ZYDUSWELL,2026-08-12 10:35:00+05:30,510.8500061035156,510.6000061035156,-0.12936282631062646,-0.25,time
ZYDUSWELL,2026-08-20 10:05:00+05:30,497.7000122070313,496.4464416503907,-0.2511236318136761,-1.25,sl
ZYDUSWELL,2026-08-20 10:40:00+05:30,502.25,501.0464281354632,-0.2437816065150978,-1.2,sl
YESBANK,2026-06-05 10:25:00+05:30,22.979999542236328,22.90214306967599,-0.30328061125651723,-0.08,sl
YESBANK,2026-06-05 11:00:00+05:30,23.11000061035156,23.24392897742135,0.2477153531786644,0.13,tp
YESBANK,2026-06-08 10:00:00+05:30,23.440000534057617,23.440000534057617,-0.1,0.0,time
YESBANK,2026-06-09 09:20:00+05:30,23.440000534057617,23.34714330945696,-0.33768913605374185,-0.09,sl
YESBANK,2026-06-15 10:25:00+05:30,23.40999984741211,23.363571303231375,-0.21899669666815652,-0.05,sl
YESBANK,2026-06-15 11:50:00+05:30,23.479999542236328,23.437856674194336,-0.20769046557991117,-0.04,sl
YESBANK,2026-06-16 09:35:00+05:30,24.09000015258789,24.302143369402206,0.42837662632773066,0.21,tp
YESBANK,2026-06-17 09:45:00+05:30,24.540000915527344,24.72857277733939,0.3610558796501044,0.19,tp
YESBANK,2026-06-17 10:15:00+05:30,25.26000022888184,25.069286073957176,-0.5530027391843108,-0.19,sl
YESBANK,2026-06-18 09:20:00+05:30,25.43000030517578,25.55535663877215,0.19576798763353806,0.13,tp
YESBANK,2026-06-19 09:25:00+05:30,25.549999237060547,25.486427307128906,-0.2492882939254938,-0.06,sl
YESBANK,2026-06-25 11:05:00+05:30,25.1200008392334,25.059286662510463,-0.24501793318758971,-0.06,sl
YESBANK,2026-06-29 09:35:00+05:30,25.36000061035156,25.257857595171245,-0.3416632793106967,-0.1,sl
YESBANK,2026-07-03 11:25:00+05:30,24.56999969482422,24.509284836905344,-0.24826583314528344,-0.06,sl
YESBANK,2026-07-08 11:25:00+05:30,23.96999931335449,24.034285068511963,0.06091553691866443,0.06,tp
YESBANK,2026-07-09 10:40:00+05:30,23.68000030517578,23.631429263523646,-0.223068516113622,-0.05,sl
YESBANK,2026-07-21 11:25:00+05:30,23.239999771118164,23.28821393421718,0.02447718650737793,0.05,tp
YESBANK,2026-07-22 09:20:00+05:30,23.270000457763672,23.349285738808767,0.10443131796839208,0.08,tp
YESBANK,2026-07-22 09:35:00+05:30,23.46999931335449,23.394285202026364,-0.29355972784807915,-0.08,sl
YESBANK,2026-07-22 10:05:00+05:30,23.57999992370605,23.719285556248252,0.254416368938587,0.14,tp
YESBANK,2026-07-24 11:45:00+05:30,22.81999969482422,22.787856919424875,-0.18451211874459464,-0.03,sl
YESBANK,2026-07-31 11:15:00+05:30,22.729999542236328,22.705713408333917,-0.1641077018693724,-0.02,sl
YESBANK,2026-08-05 09:20:00+05:30,23.06999969482422,23.01928574698312,-0.23189583488155202,-0.05,sl
YESBANK,2026-08-05 10:50:00+05:30,23.11000061035156,23.066428729466026,-0.21312474184708535,-0.04,sl
YESBANK,2026-08-12 09:20:00+05:30,22.76000022888184,22.830714498247424,0.08641722843882084,0.07,tp
YESBANK,2026-08-12 09:30:00+05:30,22.8799991607666,22.82357066018241,-0.24797684262406888,-0.06,sl
YESBANK,2026-08-17 10:55:00+05:30,22.71999931335449,22.682142393929613,-0.19997426206599495,-0.04,sl
YESBANK,2026-08-19 09:50:00+05:30,22.700000762939453,22.690000534057617,-0.12643232214730815,-0.01,time
YESBANK,2026-08-20 10:45:00+05:30,22.899999618530277,22.854999950953896,-0.21790306111612603,-0.04,sl
LTM,2026-06-01 11:10:00+05:30,4228.0,4244.08220563616,0.12822429947247382,16.08,tp
LTM,2026-06-01 11:45:00+05:30,4267.10009765625,4256.328648158482,-0.2514581226301832,-10.77,sl
LTM,2026-06-02 09:20:00+05:30,4277.2998046875,4313.846243722098,0.4126566858074319,36.55,tp
LTM,2026-06-09 11:30:00+05:30,3999.5,3991.6642543247767,-0.2175508789882227,-7.84,sl
LTM,2026-06-15 10:55:00+05:30,3955.300048828125,3944.321515764509,-0.2665390680062615,-10.98,sl
LTM,2026-06-17 09:35:00+05:30,4062.800048828125,4049.3500627790177,-0.2986312772589464,-13.45,sl
LTM,2026-07-02 09:20:00+05:30,3679.199951171875,3663.2357003348216,-0.360343298253773,-15.96,sl
LTM,2026-07-03 11:00:00+05:30,3764.60009765625,3779.89990234375,0.14384748909227235,15.3,time
LTM,2026-07-07 10:10:00+05:30,3837.5,3868.871407645089,0.39049757881572716,31.37,tp
LTM,2026-07-08 11:15:00+05:30,3865.89990234375,3857.7498953683034,-0.22649070873002453,-8.15,sl
LTM,2026-07-09 11:15:00+05:30,3835.0,3851.1892438616073,0.15328673577482146,16.19,tp
LTM,2026-07-09 11:40:00+05:30,3856.39990234375,3873.2427280970983,0.16204998723983918,16.84,tp
LTM,2026-07-13 10:45:00+05:30,4083.89990234375,4062.085606166295,-0.42049212809945624,-21.81,sl
LTM,2026-07-14 09:20:00+05:30,4186.0,4169.464320591518,-0.3370140383442219,-16.54,sl
LTM,2026-07-16 09:15:00+05:30,4125.0,4109.714303152902,-0.3223374086850592,-15.29,sl
LTM,2026-07-16 11:00:00+05:30,4150.10009765625,4136.05011858259,-0.3031273281566628,-14.05,sl
LTM,2026-07-28 09:20:00+05:30,4314.10009765625,4338.753574916294,0.24287768065610776,24.65,tp
LTM,2026-08-03 11:10:00+05:30,4459.0,4481.25359235491,0.19944282155071077,22.25,tp
LTM,2026-08-03 11:35:00+05:30,4514.60009765625,4546.5179443359375,0.3241950027368885,31.92,tp
LTM,2026-08-03 11:50:00+05:30,4575.0,4615.007080078125,0.4246830174180327,40.01,tp
LTM,2026-08-07 09:20:00+05:30,4621.7998046875,4656.814121791294,0.35455431109260505,35.01,tp
LTM,2026-08-10 09:50:00+05:30,4759.7001953125,4789.367937360491,0.27398669030299827,29.67,tp
LTM,2026-08-11 11:50:00+05:30,4828.60009765625,4834.2998046875,-0.029175658584566874,5.7,time
LTM,2026-08-13 11:50:00+05:30,4765.89990234375,4781.135689871652,0.09180999819668385,15.24,tp
LTM,2026-08-17 11:45:00+05:30,4675.0,4667.128487723215,-0.20102475649350152,-7.87,sl
SYNGENE,2026-06-01 11:15:00+05:30,450.1499938964844,448.59642028808594,-0.3070741258864521,-1.55,sl
SYNGENE,2026-06-05 09:20:00+05:30,441.9500122070313,440.62143816266746,-0.28036981663095567,-1.33,sl
SYNGENE,2026-06-08 09:15:00+05:30,453.8999938964844,451.34642464774,-0.43755046702998074,-2.55,sl
SYNGENE,2026-06-08 09:50:00+05:30,455.75,451.10357448032926,-0.7117071446631806,-4.65,sl
SYNGENE,2026-06-10 09:30:00+05:30,452.0,450.25356837681363,-0.3318272066176594,-1.75,sl
SYNGENE,2026-06-10 10:05:00+05:30,455.75,453.3607134137835,-0.4145522658760047,-2.39,sl
SYNGENE,2026-06-19 10:10:00+05:30,445.6000061035156,443.5928649902344,-0.3702613670272229,-2.01,sl
SYNGENE,2026-06-22 09:25:00+05:30,447.2999877929688,445.5999843052456,-0.3280353499821775,-1.7,sl
SYNGENE,2026-06-23 09:25:00+05:30,450.0,448.72857230050226,-0.2695236932663647,-1.27,sl
SYNGENE,2026-06-23 09:55:00+05:30,453.8500061035156,452.067862374442,-0.33560344234088324,-1.78,sl
SYNGENE,2026-06-25 09:25:00+05:30,446.2999877929688,444.60355922154025,-0.3280656891546455,-1.7,sl
SYNGENE,2026-06-29 09:30:00+05:30,442.0,444.71607535226,0.26869801161900725,2.72,tp
SYNGENE,2026-07-03 09:55:00+05:30,449.1000061035156,447.03572518484935,-0.3757890301418249,-2.06,sl
SYNGENE,2026-07-09 09:40:00+05:30,422.3999938964844,425.89285823277066,0.3961455094825028,3.49,tp
SYNGENE,2026-07-10 09:35:00+05:30,423.3999938964844,421.45713588169644,-0.3753223490026218,-1.94,sl
SYNGENE,2026-07-14 09:45:00+05:30,423.0499877929688,425.8089130946569,0.2912906816635895,2.76,tp
SYNGENE,2026-07-15 10:35:00+05:30,422.5,421.5071389334542,-0.24099802128461062,-0.99,sl
SYNGENE,2026-07-16 09:15:00+05:30,421.8999938964844,420.9964185442243,-0.22850088153569983,-0.9,sl
SYNGENE,2026-07-27 09:30:00+05:30,411.75,411.0499877929688,-0.2020054217896092,-0.7,time
SYNGENE,2026-07-31 11:40:00+05:30,389.7999877929688,388.28570120675226,-0.333086706049998,-1.51,sl
SYNGENE,2026-08-04 09:45:00+05:30,408.0,406.5928540910993,-0.3069332218971621,-1.41,sl
SYNGENE,2026-08-04 09:55:00+05:30,410.3999938964844,408.51427568708147,-0.375689800796422,-1.89,sl
SYNGENE,2026-08-07 09:30:00+05:30,407.25,409.58035714285717,0.2433307024467281,2.33,tp
SYNGENE,2026-08-07 09:40:00+05:30,411.6499938964844,409.68571036202565,-0.3863039325033021,-1.96,sl
SYNGENE,2026-08-13 09:20:00+05:30,412.1000061035156,410.7964346749442,-0.28979442988564286,-1.3,sl
SYNGENE,2026-08-18 09:45:00+05:30,407.2000122070313,405.9607260567802,-0.28260600880646036,-1.24,sl
